lon,lat,alt_m,time_s,drone_id
116.280000,39.895000,100.0,0,UAV-ALPHA
116.280404,39.895000,100.0,1,UAV-ALPHA
116.280808,39.895000,100.0,2,UAV-ALPHA
116.281212,39.895000,100.0,3,UAV-ALPHA
116.281616,39.895000,100.0,4,UAV-ALPHA
116.282020,39.895000,100.0,5,UAV-ALPHA
116.282424,39.895000,100.0,6,UAV-ALPHA
116.282828,39.895000,100.0,7,UAV-ALPHA
116.283232,39.895000,100.0,8,UAV-ALPHA
116.283636,39.895000,100.0,9,UAV-ALPHA
116.284040,39.895000,100.0,10,UAV-ALPHA
116.284444,39.895000,100.1,11,UAV-ALPHA
116.284848,39.895000,100.1,12,UAV-ALPHA
116.285253,39.895000,100.1,13,UAV-ALPHA
116.285657,39.895000,100.1,14,UAV-ALPHA
116.286061,39.895000,100.1,15,UAV-ALPHA
116.286465,39.895000,100.1,16,UAV-ALPHA
116.286869,39.895000,100.1,17,UAV-ALPHA
116.287273,39.895000,100.1,18,UAV-ALPHA
116.287677,39.895000,100.1,19,UAV-ALPHA
116.288081,39.895000,100.1,20,UAV-ALPHA
116.288485,39.895000,100.1,21,UAV-ALPHA
116.288889,39.895000,100.1,22,UAV-ALPHA
116.289293,39.895000,100.1,23,UAV-ALPHA
116.289697,39.895000,100.1,24,UAV-ALPHA
116.290101,39.895000,100.1,25,UAV-ALPHA
116.290505,39.895000,100.1,26,UAV-ALPHA
116.290909,39.895000,100.1,27,UAV-ALPHA
116.291313,39.895000,100.1,28,UAV-ALPHA
116.291717,39.895000,100.1,29,UAV-ALPHA
116.292121,39.895000,100.1,30,UAV-ALPHA
116.292525,39.895000,100.2,31,UAV-ALPHA
116.292929,39.895000,100.2,32,UAV-ALPHA
116.293333,39.895000,100.2,33,UAV-ALPHA
116.293737,39.895000,100.2,34,UAV-ALPHA
116.294141,39.895000,100.2,35,UAV-ALPHA
116.294545,39.895000,100.2,36,UAV-ALPHA
116.294949,39.895000,100.2,37,UAV-ALPHA
116.295354,39.895000,100.2,38,UAV-ALPHA
116.295758,39.895000,100.2,39,UAV-ALPHA
116.296162,39.895000,100.2,40,UAV-ALPHA
116.296566,39.895000,100.2,41,UAV-ALPHA
116.296970,39.895000,100.2,42,UAV-ALPHA
116.297374,39.895000,100.2,43,UAV-ALPHA
116.297778,39.895000,100.2,44,UAV-ALPHA
116.298182,39.895000,100.2,45,UAV-ALPHA
116.298586,39.895000,100.2,46,UAV-ALPHA
116.298990,39.895000,100.2,47,UAV-ALPHA
116.299394,39.895000,100.2,48,UAV-ALPHA
116.299798,39.895000,100.2,49,UAV-ALPHA
116.300202,39.895000,100.2,50,UAV-ALPHA
116.300606,39.895000,100.3,51,UAV-ALPHA
116.301010,39.895000,100.3,52,UAV-ALPHA
116.301414,39.895000,100.3,53,UAV-ALPHA
116.301818,39.895000,100.3,54,UAV-ALPHA
116.302222,39.895000,100.3,55,UAV-ALPHA
116.302626,39.895000,100.3,56,UAV-ALPHA
116.303030,39.895000,100.3,57,UAV-ALPHA
116.303434,39.895000,100.3,58,UAV-ALPHA
116.303838,39.895000,100.3,59,UAV-ALPHA
116.304242,39.895000,100.3,60,UAV-ALPHA
116.304646,39.895000,100.3,61,UAV-ALPHA
116.305051,39.895000,100.3,62,UAV-ALPHA
116.305455,39.895000,100.3,63,UAV-ALPHA
116.305859,39.895000,100.3,64,UAV-ALPHA
116.306263,39.895000,100.3,65,UAV-ALPHA
116.306667,39.895000,100.3,66,UAV-ALPHA
116.307071,39.895000,100.3,67,UAV-ALPHA
116.307475,39.895000,100.3,68,UAV-ALPHA
116.307879,39.895000,100.3,69,UAV-ALPHA
116.308283,39.895000,100.3,70,UAV-ALPHA
116.308687,39.895000,100.4,71,UAV-ALPHA
116.309091,39.895000,100.4,72,UAV-ALPHA
116.309495,39.895000,100.4,73,UAV-ALPHA
116.309899,39.895000,100.4,74,UAV-ALPHA
116.310303,39.895000,100.4,75,UAV-ALPHA
116.310707,39.895000,100.4,76,UAV-ALPHA
116.311111,39.895000,100.4,77,UAV-ALPHA
116.311515,39.895000,100.4,78,UAV-ALPHA
116.311919,39.895000,100.4,79,UAV-ALPHA
116.312323,39.895000,100.4,80,UAV-ALPHA
116.312727,39.895000,100.4,81,UAV-ALPHA
116.313131,39.895000,100.4,82,UAV-ALPHA
116.313535,39.895000,100.4,83,UAV-ALPHA
116.313939,39.895000,100.4,84,UAV-ALPHA
116.314343,39.895000,100.4,85,UAV-ALPHA
116.314747,39.895000,100.4,86,UAV-ALPHA
116.315152,39.895000,100.4,87,UAV-ALPHA
116.315556,39.895000,100.4,88,UAV-ALPHA
116.315960,39.895000,100.4,89,UAV-ALPHA
116.316364,39.895000,100.4,90,UAV-ALPHA
116.316768,39.895000,100.5,91,UAV-ALPHA
116.317172,39.895000,100.5,92,UAV-ALPHA
116.317576,39.895000,100.5,93,UAV-ALPHA
116.317980,39.895000,100.5,94,UAV-ALPHA
116.318384,39.895000,100.5,95,UAV-ALPHA
116.318788,39.895000,100.5,96,UAV-ALPHA
116.319192,39.895000,100.5,97,UAV-ALPHA
116.319596,39.895000,100.5,98,UAV-ALPHA
116.320000,39.895000,100.5,99,UAV-ALPHA
116.320000,39.895300,100.5,100,UAV-ALPHA
116.319596,39.895300,100.5,101,UAV-ALPHA
116.319192,39.895300,100.5,102,UAV-ALPHA
116.318788,39.895300,100.5,103,UAV-ALPHA
116.318384,39.895300,100.5,104,UAV-ALPHA
116.317980,39.895300,100.5,105,UAV-ALPHA
116.317576,39.895300,100.5,106,UAV-ALPHA
116.317172,39.895300,100.5,107,UAV-ALPHA
116.316768,39.895300,100.5,108,UAV-ALPHA
116.316364,39.895300,100.5,109,UAV-ALPHA
116.315960,39.895300,100.5,110,UAV-ALPHA
116.315556,39.895300,100.6,111,UAV-ALPHA
116.315152,39.895300,100.6,112,UAV-ALPHA
116.314747,39.895300,100.6,113,UAV-ALPHA
116.314343,39.895300,100.6,114,UAV-ALPHA
116.313939,39.895300,100.6,115,UAV-ALPHA
116.313535,39.895300,100.6,116,UAV-ALPHA
116.313131,39.895300,100.6,117,UAV-ALPHA
116.312727,39.895300,100.6,118,UAV-ALPHA
116.312323,39.895300,100.6,119,UAV-ALPHA
116.311919,39.895300,100.6,120,UAV-ALPHA
116.311515,39.895300,100.6,121,UAV-ALPHA
116.311111,39.895300,100.6,122,UAV-ALPHA
116.310707,39.895300,100.6,123,UAV-ALPHA
116.310303,39.895300,100.6,124,UAV-ALPHA
116.309899,39.895300,100.6,125,UAV-ALPHA
116.309495,39.895300,100.6,126,UAV-ALPHA
116.309091,39.895300,100.6,127,UAV-ALPHA
116.308687,39.895300,100.6,128,UAV-ALPHA
116.308283,39.895300,100.6,129,UAV-ALPHA
116.307879,39.895300,100.6,130,UAV-ALPHA
116.307475,39.895300,100.7,131,UAV-ALPHA
116.307071,39.895300,100.7,132,UAV-ALPHA
116.306667,39.895300,100.7,133,UAV-ALPHA
116.306263,39.895300,100.7,134,UAV-ALPHA
116.305859,39.895300,100.7,135,UAV-ALPHA
116.305455,39.895300,100.7,136,UAV-ALPHA
116.305051,39.895300,100.7,137,UAV-ALPHA
116.304646,39.895300,100.7,138,UAV-ALPHA
116.304242,39.895300,100.7,139,UAV-ALPHA
116.303838,39.895300,100.7,140,UAV-ALPHA
116.303434,39.895300,100.7,141,UAV-ALPHA
116.303030,39.895300,100.7,142,UAV-ALPHA
116.302626,39.895300,100.7,143,UAV-ALPHA
116.302222,39.895300,100.7,144,UAV-ALPHA
116.301818,39.895300,100.7,145,UAV-ALPHA
116.301414,39.895300,100.7,146,UAV-ALPHA
116.301010,39.895300,100.7,147,UAV-ALPHA
116.300606,39.895300,100.7,148,UAV-ALPHA
116.300202,39.895300,100.7,149,UAV-ALPHA
116.299798,39.895300,100.7,150,UAV-ALPHA
116.299394,39.895300,100.8,151,UAV-ALPHA
116.298990,39.895300,100.8,152,UAV-ALPHA
116.298586,39.895300,100.8,153,UAV-ALPHA
116.298182,39.895300,100.8,154,UAV-ALPHA
116.297778,39.895300,100.8,155,UAV-ALPHA
116.297374,39.895300,100.8,156,UAV-ALPHA
116.296970,39.895300,100.8,157,UAV-ALPHA
116.296566,39.895300,100.8,158,UAV-ALPHA
116.296162,39.895300,100.8,159,UAV-ALPHA
116.295758,39.895300,100.8,160,UAV-ALPHA
116.295354,39.895300,100.8,161,UAV-ALPHA
116.294949,39.895300,100.8,162,UAV-ALPHA
116.294545,39.895300,100.8,163,UAV-ALPHA
116.294141,39.895300,100.8,164,UAV-ALPHA
116.293737,39.895300,100.8,165,UAV-ALPHA
116.293333,39.895300,100.8,166,UAV-ALPHA
116.292929,39.895300,100.8,167,UAV-ALPHA
116.292525,39.895300,100.8,168,UAV-ALPHA
116.292121,39.895300,100.8,169,UAV-ALPHA
116.291717,39.895300,100.8,170,UAV-ALPHA
116.291313,39.895300,100.9,171,UAV-ALPHA
116.290909,39.895300,100.9,172,UAV-ALPHA
116.290505,39.895300,100.9,173,UAV-ALPHA
116.290101,39.895300,100.9,174,UAV-ALPHA
116.289697,39.895300,100.9,175,UAV-ALPHA
116.289293,39.895300,100.9,176,UAV-ALPHA
116.288889,39.895300,100.9,177,UAV-ALPHA
116.288485,39.895300,100.9,178,UAV-ALPHA
116.288081,39.895300,100.9,179,UAV-ALPHA
116.287677,39.895300,100.9,180,UAV-ALPHA
116.287273,39.895300,100.9,181,UAV-ALPHA
116.286869,39.895300,100.9,182,UAV-ALPHA
116.286465,39.895300,100.9,183,UAV-ALPHA
116.286061,39.895300,100.9,184,UAV-ALPHA
116.285657,39.895300,100.9,185,UAV-ALPHA
116.285253,39.895300,100.9,186,UAV-ALPHA
116.284848,39.895300,100.9,187,UAV-ALPHA
116.284444,39.895300,100.9,188,UAV-ALPHA
116.284040,39.895300,100.9,189,UAV-ALPHA
116.283636,39.895300,100.9,190,UAV-ALPHA
116.283232,39.895300,101.0,191,UAV-ALPHA
116.282828,39.895300,101.0,192,UAV-ALPHA
116.282424,39.895300,101.0,193,UAV-ALPHA
116.282020,39.895300,101.0,194,UAV-ALPHA
116.281616,39.895300,101.0,195,UAV-ALPHA
116.281212,39.895300,101.0,196,UAV-ALPHA
116.280808,39.895300,101.0,197,UAV-ALPHA
116.280404,39.895300,101.0,198,UAV-ALPHA
116.280000,39.895300,101.0,199,UAV-ALPHA
116.280000,39.895600,101.0,200,UAV-ALPHA
116.280404,39.895600,101.0,201,UAV-ALPHA
116.280808,39.895600,101.0,202,UAV-ALPHA
116.281212,39.895600,101.0,203,UAV-ALPHA
116.281616,39.895600,101.0,204,UAV-ALPHA
116.282020,39.895600,101.0,205,UAV-ALPHA
116.282424,39.895600,101.0,206,UAV-ALPHA
116.282828,39.895600,101.0,207,UAV-ALPHA
116.283232,39.895600,101.0,208,UAV-ALPHA
116.283636,39.895600,101.0,209,UAV-ALPHA
116.284040,39.895600,101.0,210,UAV-ALPHA
116.284444,39.895600,101.1,211,UAV-ALPHA
116.284848,39.895600,101.1,212,UAV-ALPHA
116.285253,39.895600,101.1,213,UAV-ALPHA
116.285657,39.895600,101.1,214,UAV-ALPHA
116.286061,39.895600,101.1,215,UAV-ALPHA
116.286465,39.895600,101.1,216,UAV-ALPHA
116.286869,39.895600,101.1,217,UAV-ALPHA
116.287273,39.895600,101.1,218,UAV-ALPHA
116.287677,39.895600,101.1,219,UAV-ALPHA
116.288081,39.895600,101.1,220,UAV-ALPHA
116.288485,39.895600,101.1,221,UAV-ALPHA
116.288889,39.895600,101.1,222,UAV-ALPHA
116.289293,39.895600,101.1,223,UAV-ALPHA
116.289697,39.895600,101.1,224,UAV-ALPHA
116.290101,39.895600,101.1,225,UAV-ALPHA
116.290505,39.895600,101.1,226,UAV-ALPHA
116.290909,39.895600,101.1,227,UAV-ALPHA
116.291313,39.895600,101.1,228,UAV-ALPHA
116.291717,39.895600,101.1,229,UAV-ALPHA
116.292121,39.895600,101.1,230,UAV-ALPHA
116.292525,39.895600,101.2,231,UAV-ALPHA
116.292929,39.895600,101.2,232,UAV-ALPHA
116.293333,39.895600,101.2,233,UAV-ALPHA
116.293737,39.895600,101.2,234,UAV-ALPHA
116.294141,39.895600,101.2,235,UAV-ALPHA
116.294545,39.895600,101.2,236,UAV-ALPHA
116.294949,39.895600,101.2,237,UAV-ALPHA
116.295354,39.895600,101.2,238,UAV-ALPHA
116.295758,39.895600,101.2,239,UAV-ALPHA
116.296162,39.895600,101.2,240,UAV-ALPHA
116.296566,39.895600,101.2,241,UAV-ALPHA
116.296970,39.895600,101.2,242,UAV-ALPHA
116.297374,39.895600,101.2,243,UAV-ALPHA
116.297778,39.895600,101.2,244,UAV-ALPHA
116.298182,39.895600,101.2,245,UAV-ALPHA
116.298586,39.895600,101.2,246,UAV-ALPHA
116.298990,39.895600,101.2,247,UAV-ALPHA
116.299394,39.895600,101.2,248,UAV-ALPHA
116.299798,39.895600,101.2,249,UAV-ALPHA
116.300202,39.895600,101.2,250,UAV-ALPHA
116.300606,39.895600,101.3,251,UAV-ALPHA
116.301010,39.895600,101.3,252,UAV-ALPHA
116.301414,39.895600,101.3,253,UAV-ALPHA
116.301818,39.895600,101.3,254,UAV-ALPHA
116.302222,39.895600,101.3,255,UAV-ALPHA
116.302626,39.895600,101.3,256,UAV-ALPHA
116.303030,39.895600,101.3,257,UAV-ALPHA
116.303434,39.895600,101.3,258,UAV-ALPHA
116.303838,39.895600,101.3,259,UAV-ALPHA
116.304242,39.895600,101.3,260,UAV-ALPHA
116.304646,39.895600,101.3,261,UAV-ALPHA
116.305051,39.895600,101.3,262,UAV-ALPHA
116.305455,39.895600,101.3,263,UAV-ALPHA
116.305859,39.895600,101.3,264,UAV-ALPHA
116.306263,39.895600,101.3,265,UAV-ALPHA
116.306667,39.895600,101.3,266,UAV-ALPHA
116.307071,39.895600,101.3,267,UAV-ALPHA
116.307475,39.895600,101.3,268,UAV-ALPHA
116.307879,39.895600,101.3,269,UAV-ALPHA
116.308283,39.895600,101.3,270,UAV-ALPHA
116.308687,39.895600,101.4,271,UAV-ALPHA
116.309091,39.895600,101.4,272,UAV-ALPHA
116.309495,39.895600,101.4,273,UAV-ALPHA
116.309899,39.895600,101.4,274,UAV-ALPHA
116.310303,39.895600,101.4,275,UAV-ALPHA
116.310707,39.895600,101.4,276,UAV-ALPHA
116.311111,39.895600,101.4,277,UAV-ALPHA
116.311515,39.895600,101.4,278,UAV-ALPHA
116.311919,39.895600,101.4,279,UAV-ALPHA
116.312323,39.895600,101.4,280,UAV-ALPHA
116.312727,39.895600,101.4,281,UAV-ALPHA
116.313131,39.895600,101.4,282,UAV-ALPHA
116.313535,39.895600,101.4,283,UAV-ALPHA
116.313939,39.895600,101.4,284,UAV-ALPHA
116.314343,39.895600,101.4,285,UAV-ALPHA
116.314747,39.895600,101.4,286,UAV-ALPHA
116.315152,39.895600,101.4,287,UAV-ALPHA
116.315556,39.895600,101.4,288,UAV-ALPHA
116.315960,39.895600,101.4,289,UAV-ALPHA
116.316364,39.895600,101.4,290,UAV-ALPHA
116.316768,39.895600,101.5,291,UAV-ALPHA
116.317172,39.895600,101.5,292,UAV-ALPHA
116.317576,39.895600,101.5,293,UAV-ALPHA
116.317980,39.895600,101.5,294,UAV-ALPHA
116.318384,39.895600,101.5,295,UAV-ALPHA
116.318788,39.895600,101.5,296,UAV-ALPHA
116.319192,39.895600,101.5,297,UAV-ALPHA
116.319596,39.895600,101.5,298,UAV-ALPHA
116.320000,39.895600,101.5,299,UAV-ALPHA
116.320000,39.895900,101.5,300,UAV-ALPHA
116.319596,39.895900,101.5,301,UAV-ALPHA
116.319192,39.895900,101.5,302,UAV-ALPHA
116.318788,39.895900,101.5,303,UAV-ALPHA
116.318384,39.895900,101.5,304,UAV-ALPHA
116.317980,39.895900,101.5,305,UAV-ALPHA
116.317576,39.895900,101.5,306,UAV-ALPHA
116.317172,39.895900,101.5,307,UAV-ALPHA
116.316768,39.895900,101.5,308,UAV-ALPHA
116.316364,39.895900,101.5,309,UAV-ALPHA
116.315960,39.895900,101.5,310,UAV-ALPHA
116.315556,39.895900,101.6,311,UAV-ALPHA
116.315152,39.895900,101.6,312,UAV-ALPHA
116.314747,39.895900,101.6,313,UAV-ALPHA
116.314343,39.895900,101.6,314,UAV-ALPHA
116.313939,39.895900,101.6,315,UAV-ALPHA
116.313535,39.895900,101.6,316,UAV-ALPHA
116.313131,39.895900,101.6,317,UAV-ALPHA
116.312727,39.895900,101.6,318,UAV-ALPHA
116.312323,39.895900,101.6,319,UAV-ALPHA
116.311919,39.895900,101.6,320,UAV-ALPHA
116.311515,39.895900,101.6,321,UAV-ALPHA
116.311111,39.895900,101.6,322,UAV-ALPHA
116.310707,39.895900,101.6,323,UAV-ALPHA
116.310303,39.895900,101.6,324,UAV-ALPHA
116.309899,39.895900,101.6,325,UAV-ALPHA
116.309495,39.895900,101.6,326,UAV-ALPHA
116.309091,39.895900,101.6,327,UAV-ALPHA
116.308687,39.895900,101.6,328,UAV-ALPHA
116.308283,39.895900,101.6,329,UAV-ALPHA
116.307879,39.895900,101.6,330,UAV-ALPHA
116.307475,39.895900,101.7,331,UAV-ALPHA
116.307071,39.895900,101.7,332,UAV-ALPHA
116.306667,39.895900,101.7,333,UAV-ALPHA
116.306263,39.895900,101.7,334,UAV-ALPHA
116.305859,39.895900,101.7,335,UAV-ALPHA
116.305455,39.895900,101.7,336,UAV-ALPHA
116.305051,39.895900,101.7,337,UAV-ALPHA
116.304646,39.895900,101.7,338,UAV-ALPHA
116.304242,39.895900,101.7,339,UAV-ALPHA
116.303838,39.895900,101.7,340,UAV-ALPHA
116.303434,39.895900,101.7,341,UAV-ALPHA
116.303030,39.895900,101.7,342,UAV-ALPHA
116.302626,39.895900,101.7,343,UAV-ALPHA
116.302222,39.895900,101.7,344,UAV-ALPHA
116.301818,39.895900,101.7,345,UAV-ALPHA
116.301414,39.895900,101.7,346,UAV-ALPHA
116.301010,39.895900,101.7,347,UAV-ALPHA
116.300606,39.895900,101.7,348,UAV-ALPHA
116.300202,39.895900,101.7,349,UAV-ALPHA
116.299798,39.895900,101.7,350,UAV-ALPHA
116.299394,39.895900,101.8,351,UAV-ALPHA
116.298990,39.895900,101.8,352,UAV-ALPHA
116.298586,39.895900,101.8,353,UAV-ALPHA
116.298182,39.895900,101.8,354,UAV-ALPHA
116.297778,39.895900,101.8,355,UAV-ALPHA
116.297374,39.895900,101.8,356,UAV-ALPHA
116.296970,39.895900,101.8,357,UAV-ALPHA
116.296566,39.895900,101.8,358,UAV-ALPHA
116.296162,39.895900,101.8,359,UAV-ALPHA
116.295758,39.895900,101.8,360,UAV-ALPHA
116.295354,39.895900,101.8,361,UAV-ALPHA
116.294949,39.895900,101.8,362,UAV-ALPHA
116.294545,39.895900,101.8,363,UAV-ALPHA
116.294141,39.895900,101.8,364,UAV-ALPHA
116.293737,39.895900,101.8,365,UAV-ALPHA
116.293333,39.895900,101.8,366,UAV-ALPHA
116.292929,39.895900,101.8,367,UAV-ALPHA
116.292525,39.895900,101.8,368,UAV-ALPHA
116.292121,39.895900,101.8,369,UAV-ALPHA
116.291717,39.895900,101.8,370,UAV-ALPHA
116.291313,39.895900,101.9,371,UAV-ALPHA
116.290909,39.895900,101.9,372,UAV-ALPHA
116.290505,39.895900,101.9,373,UAV-ALPHA
116.290101,39.895900,101.9,374,UAV-ALPHA
116.289697,39.895900,101.9,375,UAV-ALPHA
116.289293,39.895900,101.9,376,UAV-ALPHA
116.288889,39.895900,101.9,377,UAV-ALPHA
116.288485,39.895900,101.9,378,UAV-ALPHA
116.288081,39.895900,101.9,379,UAV-ALPHA
116.287677,39.895900,101.9,380,UAV-ALPHA
116.287273,39.895900,101.9,381,UAV-ALPHA
116.286869,39.895900,101.9,382,UAV-ALPHA
116.286465,39.895900,101.9,383,UAV-ALPHA
116.286061,39.895900,101.9,384,UAV-ALPHA
116.285657,39.895900,101.9,385,UAV-ALPHA
116.285253,39.895900,101.9,386,UAV-ALPHA
116.284848,39.895900,101.9,387,UAV-ALPHA
116.284444,39.895900,101.9,388,UAV-ALPHA
116.284040,39.895900,101.9,389,UAV-ALPHA
116.283636,39.895900,101.9,390,UAV-ALPHA
116.283232,39.895900,102.0,391,UAV-ALPHA
116.282828,39.895900,102.0,392,UAV-ALPHA
116.282424,39.895900,102.0,393,UAV-ALPHA
116.282020,39.895900,102.0,394,UAV-ALPHA
116.281616,39.895900,102.0,395,UAV-ALPHA
116.281212,39.895900,102.0,396,UAV-ALPHA
116.280808,39.895900,102.0,397,UAV-ALPHA
116.280404,39.895900,102.0,398,UAV-ALPHA
116.280000,39.895900,102.0,399,UAV-ALPHA
116.280000,39.896200,102.0,400,UAV-ALPHA
116.280404,39.896200,102.0,401,UAV-ALPHA
116.280808,39.896200,102.0,402,UAV-ALPHA
116.281212,39.896200,102.0,403,UAV-ALPHA
116.281616,39.896200,102.0,404,UAV-ALPHA
116.282020,39.896200,102.0,405,UAV-ALPHA
116.282424,39.896200,102.0,406,UAV-ALPHA
116.282828,39.896200,102.0,407,UAV-ALPHA
116.283232,39.896200,102.0,408,UAV-ALPHA
116.283636,39.896200,102.0,409,UAV-ALPHA
116.284040,39.896200,102.0,410,UAV-ALPHA
116.284444,39.896200,102.1,411,UAV-ALPHA
116.284848,39.896200,102.1,412,UAV-ALPHA
116.285253,39.896200,102.1,413,UAV-ALPHA
116.285657,39.896200,102.1,414,UAV-ALPHA
116.286061,39.896200,102.1,415,UAV-ALPHA
116.286465,39.896200,102.1,416,UAV-ALPHA
116.286869,39.896200,102.1,417,UAV-ALPHA
116.287273,39.896200,102.1,418,UAV-ALPHA
116.287677,39.896200,102.1,419,UAV-ALPHA
116.288081,39.896200,102.1,420,UAV-ALPHA
116.288485,39.896200,102.1,421,UAV-ALPHA
116.288889,39.896200,102.1,422,UAV-ALPHA
116.289293,39.896200,102.1,423,UAV-ALPHA
116.289697,39.896200,102.1,424,UAV-ALPHA
116.290101,39.896200,102.1,425,UAV-ALPHA
116.290505,39.896200,102.1,426,UAV-ALPHA
116.290909,39.896200,102.1,427,UAV-ALPHA
116.291313,39.896200,102.1,428,UAV-ALPHA
116.291717,39.896200,102.1,429,UAV-ALPHA
116.292121,39.896200,102.1,430,UAV-ALPHA
116.292525,39.896200,102.2,431,UAV-ALPHA
116.292929,39.896200,102.2,432,UAV-ALPHA
116.293333,39.896200,102.2,433,UAV-ALPHA
116.293737,39.896200,102.2,434,UAV-ALPHA
116.294141,39.896200,102.2,435,UAV-ALPHA
116.294545,39.896200,102.2,436,UAV-ALPHA
116.294949,39.896200,102.2,437,UAV-ALPHA
116.295354,39.896200,102.2,438,UAV-ALPHA
116.295758,39.896200,102.2,439,UAV-ALPHA
116.296162,39.896200,102.2,440,UAV-ALPHA
116.296566,39.896200,102.2,441,UAV-ALPHA
116.296970,39.896200,102.2,442,UAV-ALPHA
116.297374,39.896200,102.2,443,UAV-ALPHA
116.297778,39.896200,102.2,444,UAV-ALPHA
116.298182,39.896200,102.2,445,UAV-ALPHA
116.298586,39.896200,102.2,446,UAV-ALPHA
116.298990,39.896200,102.2,447,UAV-ALPHA
116.299394,39.896200,102.2,448,UAV-ALPHA
116.299798,39.896200,102.2,449,UAV-ALPHA
116.300202,39.896200,102.2,450,UAV-ALPHA
116.300606,39.896200,102.3,451,UAV-ALPHA
116.301010,39.896200,102.3,452,UAV-ALPHA
116.301414,39.896200,102.3,453,UAV-ALPHA
116.301818,39.896200,102.3,454,UAV-ALPHA
116.302222,39.896200,102.3,455,UAV-ALPHA
116.302626,39.896200,102.3,456,UAV-ALPHA
116.303030,39.896200,102.3,457,UAV-ALPHA
116.303434,39.896200,102.3,458,UAV-ALPHA
116.303838,39.896200,102.3,459,UAV-ALPHA
116.304242,39.896200,102.3,460,UAV-ALPHA
116.304646,39.896200,102.3,461,UAV-ALPHA
116.305051,39.896200,102.3,462,UAV-ALPHA
116.305455,39.896200,102.3,463,UAV-ALPHA
116.305859,39.896200,102.3,464,UAV-ALPHA
116.306263,39.896200,102.3,465,UAV-ALPHA
116.306667,39.896200,102.3,466,UAV-ALPHA
116.307071,39.896200,102.3,467,UAV-ALPHA
116.307475,39.896200,102.3,468,UAV-ALPHA
116.307879,39.896200,102.3,469,UAV-ALPHA
116.308283,39.896200,102.3,470,UAV-ALPHA
116.308687,39.896200,102.4,471,UAV-ALPHA
116.309091,39.896200,102.4,472,UAV-ALPHA
116.309495,39.896200,102.4,473,UAV-ALPHA
116.309899,39.896200,102.4,474,UAV-ALPHA
116.310303,39.896200,102.4,475,UAV-ALPHA
116.310707,39.896200,102.4,476,UAV-ALPHA
116.311111,39.896200,102.4,477,UAV-ALPHA
116.311515,39.896200,102.4,478,UAV-ALPHA
116.311919,39.896200,102.4,479,UAV-ALPHA
116.312323,39.896200,102.4,480,UAV-ALPHA
116.312727,39.896200,102.4,481,UAV-ALPHA
116.313131,39.896200,102.4,482,UAV-ALPHA
116.313535,39.896200,102.4,483,UAV-ALPHA
116.313939,39.896200,102.4,484,UAV-ALPHA
116.314343,39.896200,102.4,485,UAV-ALPHA
116.314747,39.896200,102.4,486,UAV-ALPHA
116.315152,39.896200,102.4,487,UAV-ALPHA
116.315556,39.896200,102.4,488,UAV-ALPHA
116.315960,39.896200,102.4,489,UAV-ALPHA
116.316364,39.896200,102.4,490,UAV-ALPHA
116.316768,39.896200,102.5,491,UAV-ALPHA
116.317172,39.896200,102.5,492,UAV-ALPHA
116.317576,39.896200,102.5,493,UAV-ALPHA
116.317980,39.896200,102.5,494,UAV-ALPHA
116.318384,39.896200,102.5,495,UAV-ALPHA
116.318788,39.896200,102.5,496,UAV-ALPHA
116.319192,39.896200,102.5,497,UAV-ALPHA
116.319596,39.896200,102.5,498,UAV-ALPHA
116.320000,39.896200,102.5,499,UAV-ALPHA
116.320000,39.896500,102.5,500,UAV-ALPHA
116.319596,39.896500,102.5,501,UAV-ALPHA
116.319192,39.896500,102.5,502,UAV-ALPHA
116.318788,39.896500,102.5,503,UAV-ALPHA
116.318384,39.896500,102.5,504,UAV-ALPHA
116.317980,39.896500,102.5,505,UAV-ALPHA
116.317576,39.896500,102.5,506,UAV-ALPHA
116.317172,39.896500,102.5,507,UAV-ALPHA
116.316768,39.896500,102.5,508,UAV-ALPHA
116.316364,39.896500,102.5,509,UAV-ALPHA
116.315960,39.896500,102.5,510,UAV-ALPHA
116.315556,39.896500,102.6,511,UAV-ALPHA
116.315152,39.896500,102.6,512,UAV-ALPHA
116.314747,39.896500,102.6,513,UAV-ALPHA
116.314343,39.896500,102.6,514,UAV-ALPHA
116.313939,39.896500,102.6,515,UAV-ALPHA
116.313535,39.896500,102.6,516,UAV-ALPHA
116.313131,39.896500,102.6,517,UAV-ALPHA
116.312727,39.896500,102.6,518,UAV-ALPHA
116.312323,39.896500,102.6,519,UAV-ALPHA
116.311919,39.896500,102.6,520,UAV-ALPHA
116.311515,39.896500,102.6,521,UAV-ALPHA
116.311111,39.896500,102.6,522,UAV-ALPHA
116.310707,39.896500,102.6,523,UAV-ALPHA
116.310303,39.896500,102.6,524,UAV-ALPHA
116.309899,39.896500,102.6,525,UAV-ALPHA
116.309495,39.896500,102.6,526,UAV-ALPHA
116.309091,39.896500,102.6,527,UAV-ALPHA
116.308687,39.896500,102.6,528,UAV-ALPHA
116.308283,39.896500,102.6,529,UAV-ALPHA
116.307879,39.896500,102.6,530,UAV-ALPHA
116.307475,39.896500,102.7,531,UAV-ALPHA
116.307071,39.896500,102.7,532,UAV-ALPHA
116.306667,39.896500,102.7,533,UAV-ALPHA
116.306263,39.896500,102.7,534,UAV-ALPHA
116.305859,39.896500,102.7,535,UAV-ALPHA
116.305455,39.896500,102.7,536,UAV-ALPHA
116.305051,39.896500,102.7,537,UAV-ALPHA
116.304646,39.896500,102.7,538,UAV-ALPHA
116.304242,39.896500,102.7,539,UAV-ALPHA
116.303838,39.896500,102.7,540,UAV-ALPHA
116.303434,39.896500,102.7,541,UAV-ALPHA
116.303030,39.896500,102.7,542,UAV-ALPHA
116.302626,39.896500,102.7,543,UAV-ALPHA
116.302222,39.896500,102.7,544,UAV-ALPHA
116.301818,39.896500,102.7,545,UAV-ALPHA
116.301414,39.896500,102.7,546,UAV-ALPHA
116.301010,39.896500,102.7,547,UAV-ALPHA
116.300606,39.896500,102.7,548,UAV-ALPHA
116.300202,39.896500,102.7,549,UAV-ALPHA
116.299798,39.896500,102.7,550,UAV-ALPHA
116.299394,39.896500,102.8,551,UAV-ALPHA
116.298990,39.896500,102.8,552,UAV-ALPHA
116.298586,39.896500,102.8,553,UAV-ALPHA
116.298182,39.896500,102.8,554,UAV-ALPHA
116.297778,39.896500,102.8,555,UAV-ALPHA
116.297374,39.896500,102.8,556,UAV-ALPHA
116.296970,39.896500,102.8,557,UAV-ALPHA
116.296566,39.896500,102.8,558,UAV-ALPHA
116.296162,39.896500,102.8,559,UAV-ALPHA
116.295758,39.896500,102.8,560,UAV-ALPHA
116.295354,39.896500,102.8,561,UAV-ALPHA
116.294949,39.896500,102.8,562,UAV-ALPHA
116.294545,39.896500,102.8,563,UAV-ALPHA
116.294141,39.896500,102.8,564,UAV-ALPHA
116.293737,39.896500,102.8,565,UAV-ALPHA
116.293333,39.896500,102.8,566,UAV-ALPHA
116.292929,39.896500,102.8,567,UAV-ALPHA
116.292525,39.896500,102.8,568,UAV-ALPHA
116.292121,39.896500,102.8,569,UAV-ALPHA
116.291717,39.896500,102.8,570,UAV-ALPHA
116.291313,39.896500,102.9,571,UAV-ALPHA
116.290909,39.896500,102.9,572,UAV-ALPHA
116.290505,39.896500,102.9,573,UAV-ALPHA
116.290101,39.896500,102.9,574,UAV-ALPHA
116.289697,39.896500,102.9,575,UAV-ALPHA
116.289293,39.896500,102.9,576,UAV-ALPHA
116.288889,39.896500,102.9,577,UAV-ALPHA
116.288485,39.896500,102.9,578,UAV-ALPHA
116.288081,39.896500,102.9,579,UAV-ALPHA
116.287677,39.896500,102.9,580,UAV-ALPHA
116.287273,39.896500,102.9,581,UAV-ALPHA
116.286869,39.896500,102.9,582,UAV-ALPHA
116.286465,39.896500,102.9,583,UAV-ALPHA
116.286061,39.896500,102.9,584,UAV-ALPHA
116.285657,39.896500,102.9,585,UAV-ALPHA
116.285253,39.896500,102.9,586,UAV-ALPHA
116.284848,39.896500,102.9,587,UAV-ALPHA
116.284444,39.896500,102.9,588,UAV-ALPHA
116.284040,39.896500,102.9,589,UAV-ALPHA
116.283636,39.896500,102.9,590,UAV-ALPHA
116.283232,39.896500,103.0,591,UAV-ALPHA
116.282828,39.896500,103.0,592,UAV-ALPHA
116.282424,39.896500,103.0,593,UAV-ALPHA
116.282020,39.896500,103.0,594,UAV-ALPHA
116.281616,39.896500,103.0,595,UAV-ALPHA
116.281212,39.896500,103.0,596,UAV-ALPHA
116.280808,39.896500,103.0,597,UAV-ALPHA
116.280404,39.896500,103.0,598,UAV-ALPHA
116.280000,39.896500,103.0,599,UAV-ALPHA
116.280000,39.896800,103.0,600,UAV-ALPHA
116.280404,39.896800,103.0,601,UAV-ALPHA
116.280808,39.896800,103.0,602,UAV-ALPHA
116.281212,39.896800,103.0,603,UAV-ALPHA
116.281616,39.896800,103.0,604,UAV-ALPHA
116.282020,39.896800,103.0,605,UAV-ALPHA
116.282424,39.896800,103.0,606,UAV-ALPHA
116.282828,39.896800,103.0,607,UAV-ALPHA
116.283232,39.896800,103.0,608,UAV-ALPHA
116.283636,39.896800,103.0,609,UAV-ALPHA
116.284040,39.896800,103.0,610,UAV-ALPHA
116.284444,39.896800,103.1,611,UAV-ALPHA
116.284848,39.896800,103.1,612,UAV-ALPHA
116.285253,39.896800,103.1,613,UAV-ALPHA
116.285657,39.896800,103.1,614,UAV-ALPHA
116.286061,39.896800,103.1,615,UAV-ALPHA
116.286465,39.896800,103.1,616,UAV-ALPHA
116.286869,39.896800,103.1,617,UAV-ALPHA
116.287273,39.896800,103.1,618,UAV-ALPHA
116.287677,39.896800,103.1,619,UAV-ALPHA
116.288081,39.896800,103.1,620,UAV-ALPHA
116.288485,39.896800,103.1,621,UAV-ALPHA
116.288889,39.896800,103.1,622,UAV-ALPHA
116.289293,39.896800,103.1,623,UAV-ALPHA
116.289697,39.896800,103.1,624,UAV-ALPHA
116.290101,39.896800,103.1,625,UAV-ALPHA
116.290505,39.896800,103.1,626,UAV-ALPHA
116.290909,39.896800,103.1,627,UAV-ALPHA
116.291313,39.896800,103.1,628,UAV-ALPHA
116.291717,39.896800,103.1,629,UAV-ALPHA
116.292121,39.896800,103.1,630,UAV-ALPHA
116.292525,39.896800,103.2,631,UAV-ALPHA
116.292929,39.896800,103.2,632,UAV-ALPHA
116.293333,39.896800,103.2,633,UAV-ALPHA
116.293737,39.896800,103.2,634,UAV-ALPHA
116.294141,39.896800,103.2,635,UAV-ALPHA
116.294545,39.896800,103.2,636,UAV-ALPHA
116.294949,39.896800,103.2,637,UAV-ALPHA
116.295354,39.896800,103.2,638,UAV-ALPHA
116.295758,39.896800,103.2,639,UAV-ALPHA
116.296162,39.896800,103.2,640,UAV-ALPHA
116.296566,39.896800,103.2,641,UAV-ALPHA
116.296970,39.896800,103.2,642,UAV-ALPHA
116.297374,39.896800,103.2,643,UAV-ALPHA
116.297778,39.896800,103.2,644,UAV-ALPHA
116.298182,39.896800,103.2,645,UAV-ALPHA
116.298586,39.896800,103.2,646,UAV-ALPHA
116.298990,39.896800,103.2,647,UAV-ALPHA
116.299394,39.896800,103.2,648,UAV-ALPHA
116.299798,39.896800,103.2,649,UAV-ALPHA
116.300202,39.896800,103.2,650,UAV-ALPHA
116.300606,39.896800,103.3,651,UAV-ALPHA
116.301010,39.896800,103.3,652,UAV-ALPHA
116.301414,39.896800,103.3,653,UAV-ALPHA
116.301818,39.896800,103.3,654,UAV-ALPHA
116.302222,39.896800,103.3,655,UAV-ALPHA
116.302626,39.896800,103.3,656,UAV-ALPHA
116.303030,39.896800,103.3,657,UAV-ALPHA
116.303434,39.896800,103.3,658,UAV-ALPHA
116.303838,39.896800,103.3,659,UAV-ALPHA
116.304242,39.896800,103.3,660,UAV-ALPHA
116.304646,39.896800,103.3,661,UAV-ALPHA
116.305051,39.896800,103.3,662,UAV-ALPHA
116.305455,39.896800,103.3,663,UAV-ALPHA
116.305859,39.896800,103.3,664,UAV-ALPHA
116.306263,39.896800,103.3,665,UAV-ALPHA
116.306667,39.896800,103.3,666,UAV-ALPHA
116.307071,39.896800,103.3,667,UAV-ALPHA
116.307475,39.896800,103.3,668,UAV-ALPHA
116.307879,39.896800,103.3,669,UAV-ALPHA
116.308283,39.896800,103.3,670,UAV-ALPHA
116.308687,39.896800,103.4,671,UAV-ALPHA
116.309091,39.896800,103.4,672,UAV-ALPHA
116.309495,39.896800,103.4,673,UAV-ALPHA
116.309899,39.896800,103.4,674,UAV-ALPHA
116.310303,39.896800,103.4,675,UAV-ALPHA
116.310707,39.896800,103.4,676,UAV-ALPHA
116.311111,39.896800,103.4,677,UAV-ALPHA
116.311515,39.896800,103.4,678,UAV-ALPHA
116.311919,39.896800,103.4,679,UAV-ALPHA
116.312323,39.896800,103.4,680,UAV-ALPHA
116.312727,39.896800,103.4,681,UAV-ALPHA
116.313131,39.896800,103.4,682,UAV-ALPHA
116.313535,39.896800,103.4,683,UAV-ALPHA
116.313939,39.896800,103.4,684,UAV-ALPHA
116.314343,39.896800,103.4,685,UAV-ALPHA
116.314747,39.896800,103.4,686,UAV-ALPHA
116.315152,39.896800,103.4,687,UAV-ALPHA
116.315556,39.896800,103.4,688,UAV-ALPHA
116.315960,39.896800,103.4,689,UAV-ALPHA
116.316364,39.896800,103.4,690,UAV-ALPHA
116.316768,39.896800,103.5,691,UAV-ALPHA
116.317172,39.896800,103.5,692,UAV-ALPHA
116.317576,39.896800,103.5,693,UAV-ALPHA
116.317980,39.896800,103.5,694,UAV-ALPHA
116.318384,39.896800,103.5,695,UAV-ALPHA
116.318788,39.896800,103.5,696,UAV-ALPHA
116.319192,39.896800,103.5,697,UAV-ALPHA
116.319596,39.896800,103.5,698,UAV-ALPHA
116.320000,39.896800,103.5,699,UAV-ALPHA
116.320000,39.897100,103.5,700,UAV-ALPHA
116.319596,39.897100,103.5,701,UAV-ALPHA
116.319192,39.897100,103.5,702,UAV-ALPHA
116.318788,39.897100,103.5,703,UAV-ALPHA
116.318384,39.897100,103.5,704,UAV-ALPHA
116.317980,39.897100,103.5,705,UAV-ALPHA
116.317576,39.897100,103.5,706,UAV-ALPHA
116.317172,39.897100,103.5,707,UAV-ALPHA
116.316768,39.897100,103.5,708,UAV-ALPHA
116.316364,39.897100,103.5,709,UAV-ALPHA
116.315960,39.897100,103.5,710,UAV-ALPHA
116.315556,39.897100,103.6,711,UAV-ALPHA
116.315152,39.897100,103.6,712,UAV-ALPHA
116.314747,39.897100,103.6,713,UAV-ALPHA
116.314343,39.897100,103.6,714,UAV-ALPHA
116.313939,39.897100,103.6,715,UAV-ALPHA
116.313535,39.897100,103.6,716,UAV-ALPHA
116.313131,39.897100,103.6,717,UAV-ALPHA
116.312727,39.897100,103.6,718,UAV-ALPHA
116.312323,39.897100,103.6,719,UAV-ALPHA
116.311919,39.897100,103.6,720,UAV-ALPHA
116.311515,39.897100,103.6,721,UAV-ALPHA
116.311111,39.897100,103.6,722,UAV-ALPHA
116.310707,39.897100,103.6,723,UAV-ALPHA
116.310303,39.897100,103.6,724,UAV-ALPHA
116.309899,39.897100,103.6,725,UAV-ALPHA
116.309495,39.897100,103.6,726,UAV-ALPHA
116.309091,39.897100,103.6,727,UAV-ALPHA
116.308687,39.897100,103.6,728,UAV-ALPHA
116.308283,39.897100,103.6,729,UAV-ALPHA
116.307879,39.897100,103.6,730,UAV-ALPHA
116.307475,39.897100,103.7,731,UAV-ALPHA
116.307071,39.897100,103.7,732,UAV-ALPHA
116.306667,39.897100,103.7,733,UAV-ALPHA
116.306263,39.897100,103.7,734,UAV-ALPHA
116.305859,39.897100,103.7,735,UAV-ALPHA
116.305455,39.897100,103.7,736,UAV-ALPHA
116.305051,39.897100,103.7,737,UAV-ALPHA
116.304646,39.897100,103.7,738,UAV-ALPHA
116.304242,39.897100,103.7,739,UAV-ALPHA
116.303838,39.897100,103.7,740,UAV-ALPHA
116.303434,39.897100,103.7,741,UAV-ALPHA
116.303030,39.897100,103.7,742,UAV-ALPHA
116.302626,39.897100,103.7,743,UAV-ALPHA
116.302222,39.897100,103.7,744,UAV-ALPHA
116.301818,39.897100,103.7,745,UAV-ALPHA
116.301414,39.897100,103.7,746,UAV-ALPHA
116.301010,39.897100,103.7,747,UAV-ALPHA
116.300606,39.897100,103.7,748,UAV-ALPHA
116.300202,39.897100,103.7,749,UAV-ALPHA
116.299798,39.897100,103.7,750,UAV-ALPHA
116.299394,39.897100,103.8,751,UAV-ALPHA
116.298990,39.897100,103.8,752,UAV-ALPHA
116.298586,39.897100,103.8,753,UAV-ALPHA
116.298182,39.897100,103.8,754,UAV-ALPHA
116.297778,39.897100,103.8,755,UAV-ALPHA
116.297374,39.897100,103.8,756,UAV-ALPHA
116.296970,39.897100,103.8,757,UAV-ALPHA
116.296566,39.897100,103.8,758,UAV-ALPHA
116.296162,39.897100,103.8,759,UAV-ALPHA
116.295758,39.897100,103.8,760,UAV-ALPHA
116.295354,39.897100,103.8,761,UAV-ALPHA
116.294949,39.897100,103.8,762,UAV-ALPHA
116.294545,39.897100,103.8,763,UAV-ALPHA
116.294141,39.897100,103.8,764,UAV-ALPHA
116.293737,39.897100,103.8,765,UAV-ALPHA
116.293333,39.897100,103.8,766,UAV-ALPHA
116.292929,39.897100,103.8,767,UAV-ALPHA
116.292525,39.897100,103.8,768,UAV-ALPHA
116.292121,39.897100,103.8,769,UAV-ALPHA
116.291717,39.897100,103.8,770,UAV-ALPHA
116.291313,39.897100,103.9,771,UAV-ALPHA
116.290909,39.897100,103.9,772,UAV-ALPHA
116.290505,39.897100,103.9,773,UAV-ALPHA
116.290101,39.897100,103.9,774,UAV-ALPHA
116.289697,39.897100,103.9,775,UAV-ALPHA
116.289293,39.897100,103.9,776,UAV-ALPHA
116.288889,39.897100,103.9,777,UAV-ALPHA
116.288485,39.897100,103.9,778,UAV-ALPHA
116.288081,39.897100,103.9,779,UAV-ALPHA
116.287677,39.897100,103.9,780,UAV-ALPHA
116.287273,39.897100,103.9,781,UAV-ALPHA
116.286869,39.897100,103.9,782,UAV-ALPHA
116.286465,39.897100,103.9,783,UAV-ALPHA
116.286061,39.897100,103.9,784,UAV-ALPHA
116.285657,39.897100,103.9,785,UAV-ALPHA
116.285253,39.897100,103.9,786,UAV-ALPHA
116.284848,39.897100,103.9,787,UAV-ALPHA
116.284444,39.897100,103.9,788,UAV-ALPHA
116.284040,39.897100,103.9,789,UAV-ALPHA
116.283636,39.897100,103.9,790,UAV-ALPHA
116.283232,39.897100,104.0,791,UAV-ALPHA
116.282828,39.897100,104.0,792,UAV-ALPHA
116.282424,39.897100,104.0,793,UAV-ALPHA
116.282020,39.897100,104.0,794,UAV-ALPHA
116.281616,39.897100,104.0,795,UAV-ALPHA
116.281212,39.897100,104.0,796,UAV-ALPHA
116.280808,39.897100,104.0,797,UAV-ALPHA
116.280404,39.897100,104.0,798,UAV-ALPHA
116.280000,39.897100,104.0,799,UAV-ALPHA
116.280000,39.897400,104.0,800,UAV-ALPHA
116.280404,39.897400,104.0,801,UAV-ALPHA
116.280808,39.897400,104.0,802,UAV-ALPHA
116.281212,39.897400,104.0,803,UAV-ALPHA
116.281616,39.897400,104.0,804,UAV-ALPHA
116.282020,39.897400,104.0,805,UAV-ALPHA
116.282424,39.897400,104.0,806,UAV-ALPHA
116.282828,39.897400,104.0,807,UAV-ALPHA
116.283232,39.897400,104.0,808,UAV-ALPHA
116.283636,39.897400,104.0,809,UAV-ALPHA
116.284040,39.897400,104.0,810,UAV-ALPHA
116.284444,39.897400,104.1,811,UAV-ALPHA
116.284848,39.897400,104.1,812,UAV-ALPHA
116.285253,39.897400,104.1,813,UAV-ALPHA
116.285657,39.897400,104.1,814,UAV-ALPHA
116.286061,39.897400,104.1,815,UAV-ALPHA
116.286465,39.897400,104.1,816,UAV-ALPHA
116.286869,39.897400,104.1,817,UAV-ALPHA
116.287273,39.897400,104.1,818,UAV-ALPHA
116.287677,39.897400,104.1,819,UAV-ALPHA
116.288081,39.897400,104.1,820,UAV-ALPHA
116.288485,39.897400,104.1,821,UAV-ALPHA
116.288889,39.897400,104.1,822,UAV-ALPHA
116.289293,39.897400,104.1,823,UAV-ALPHA
116.289697,39.897400,104.1,824,UAV-ALPHA
116.290101,39.897400,104.1,825,UAV-ALPHA
116.290505,39.897400,104.1,826,UAV-ALPHA
116.290909,39.897400,104.1,827,UAV-ALPHA
116.291313,39.897400,104.1,828,UAV-ALPHA
116.291717,39.897400,104.1,829,UAV-ALPHA
116.292121,39.897400,104.1,830,UAV-ALPHA
116.292525,39.897400,104.2,831,UAV-ALPHA
116.292929,39.897400,104.2,832,UAV-ALPHA
116.293333,39.897400,104.2,833,UAV-ALPHA
116.293737,39.897400,104.2,834,UAV-ALPHA
116.294141,39.897400,104.2,835,UAV-ALPHA
116.294545,39.897400,104.2,836,UAV-ALPHA
116.294949,39.897400,104.2,837,UAV-ALPHA
116.295354,39.897400,104.2,838,UAV-ALPHA
116.295758,39.897400,104.2,839,UAV-ALPHA
116.296162,39.897400,104.2,840,UAV-ALPHA
116.296566,39.897400,104.2,841,UAV-ALPHA
116.296970,39.897400,104.2,842,UAV-ALPHA
116.297374,39.897400,104.2,843,UAV-ALPHA
116.297778,39.897400,104.2,844,UAV-ALPHA
116.298182,39.897400,104.2,845,UAV-ALPHA
116.298586,39.897400,104.2,846,UAV-ALPHA
116.298990,39.897400,104.2,847,UAV-ALPHA
116.299394,39.897400,104.2,848,UAV-ALPHA
116.299798,39.897400,104.2,849,UAV-ALPHA
116.300202,39.897400,104.2,850,UAV-ALPHA
116.300606,39.897400,104.3,851,UAV-ALPHA
116.301010,39.897400,104.3,852,UAV-ALPHA
116.301414,39.897400,104.3,853,UAV-ALPHA
116.301818,39.897400,104.3,854,UAV-ALPHA
116.302222,39.897400,104.3,855,UAV-ALPHA
116.302626,39.897400,104.3,856,UAV-ALPHA
116.303030,39.897400,104.3,857,UAV-ALPHA
116.303434,39.897400,104.3,858,UAV-ALPHA
116.303838,39.897400,104.3,859,UAV-ALPHA
116.304242,39.897400,104.3,860,UAV-ALPHA
116.304646,39.897400,104.3,861,UAV-ALPHA
116.305051,39.897400,104.3,862,UAV-ALPHA
116.305455,39.897400,104.3,863,UAV-ALPHA
116.305859,39.897400,104.3,864,UAV-ALPHA
116.306263,39.897400,104.3,865,UAV-ALPHA
116.306667,39.897400,104.3,866,UAV-ALPHA
116.307071,39.897400,104.3,867,UAV-ALPHA
116.307475,39.897400,104.3,868,UAV-ALPHA
116.307879,39.897400,104.3,869,UAV-ALPHA
116.308283,39.897400,104.3,870,UAV-ALPHA
116.308687,39.897400,104.4,871,UAV-ALPHA
116.309091,39.897400,104.4,872,UAV-ALPHA
116.309495,39.897400,104.4,873,UAV-ALPHA
116.309899,39.897400,104.4,874,UAV-ALPHA
116.310303,39.897400,104.4,875,UAV-ALPHA
116.310707,39.897400,104.4,876,UAV-ALPHA
116.311111,39.897400,104.4,877,UAV-ALPHA
116.311515,39.897400,104.4,878,UAV-ALPHA
116.311919,39.897400,104.4,879,UAV-ALPHA
116.312323,39.897400,104.4,880,UAV-ALPHA
116.312727,39.897400,104.4,881,UAV-ALPHA
116.313131,39.897400,104.4,882,UAV-ALPHA
116.313535,39.897400,104.4,883,UAV-ALPHA
116.313939,39.897400,104.4,884,UAV-ALPHA
116.314343,39.897400,104.4,885,UAV-ALPHA
116.314747,39.897400,104.4,886,UAV-ALPHA
116.315152,39.897400,104.4,887,UAV-ALPHA
116.315556,39.897400,104.4,888,UAV-ALPHA
116.315960,39.897400,104.4,889,UAV-ALPHA
116.316364,39.897400,104.4,890,UAV-ALPHA
116.316768,39.897400,104.5,891,UAV-ALPHA
116.317172,39.897400,104.5,892,UAV-ALPHA
116.317576,39.897400,104.5,893,UAV-ALPHA
116.317980,39.897400,104.5,894,UAV-ALPHA
116.318384,39.897400,104.5,895,UAV-ALPHA
116.318788,39.897400,104.5,896,UAV-ALPHA
116.319192,39.897400,104.5,897,UAV-ALPHA
116.319596,39.897400,104.5,898,UAV-ALPHA
116.320000,39.897400,104.5,899,UAV-ALPHA
116.320000,39.897700,104.5,900,UAV-ALPHA
116.319596,39.897700,104.5,901,UAV-ALPHA
116.319192,39.897700,104.5,902,UAV-ALPHA
116.318788,39.897700,104.5,903,UAV-ALPHA
116.318384,39.897700,104.5,904,UAV-ALPHA
116.317980,39.897700,104.5,905,UAV-ALPHA
116.317576,39.897700,104.5,906,UAV-ALPHA
116.317172,39.897700,104.5,907,UAV-ALPHA
116.316768,39.897700,104.5,908,UAV-ALPHA
116.316364,39.897700,104.5,909,UAV-ALPHA
116.315960,39.897700,104.5,910,UAV-ALPHA
116.315556,39.897700,104.6,911,UAV-ALPHA
116.315152,39.897700,104.6,912,UAV-ALPHA
116.314747,39.897700,104.6,913,UAV-ALPHA
116.314343,39.897700,104.6,914,UAV-ALPHA
116.313939,39.897700,104.6,915,UAV-ALPHA
116.313535,39.897700,104.6,916,UAV-ALPHA
116.313131,39.897700,104.6,917,UAV-ALPHA
116.312727,39.897700,104.6,918,UAV-ALPHA
116.312323,39.897700,104.6,919,UAV-ALPHA
116.311919,39.897700,104.6,920,UAV-ALPHA
116.311515,39.897700,104.6,921,UAV-ALPHA
116.311111,39.897700,104.6,922,UAV-ALPHA
116.310707,39.897700,104.6,923,UAV-ALPHA
116.310303,39.897700,104.6,924,UAV-ALPHA
116.309899,39.897700,104.6,925,UAV-ALPHA
116.309495,39.897700,104.6,926,UAV-ALPHA
116.309091,39.897700,104.6,927,UAV-ALPHA
116.308687,39.897700,104.6,928,UAV-ALPHA
116.308283,39.897700,104.6,929,UAV-ALPHA
116.307879,39.897700,104.6,930,UAV-ALPHA
116.307475,39.897700,104.7,931,UAV-ALPHA
116.307071,39.897700,104.7,932,UAV-ALPHA
116.306667,39.897700,104.7,933,UAV-ALPHA
116.306263,39.897700,104.7,934,UAV-ALPHA
116.305859,39.897700,104.7,935,UAV-ALPHA
116.305455,39.897700,104.7,936,UAV-ALPHA
116.305051,39.897700,104.7,937,UAV-ALPHA
116.304646,39.897700,104.7,938,UAV-ALPHA
116.304242,39.897700,104.7,939,UAV-ALPHA
116.303838,39.897700,104.7,940,UAV-ALPHA
116.303434,39.897700,104.7,941,UAV-ALPHA
116.303030,39.897700,104.7,942,UAV-ALPHA
116.302626,39.897700,104.7,943,UAV-ALPHA
116.302222,39.897700,104.7,944,UAV-ALPHA
116.301818,39.897700,104.7,945,UAV-ALPHA
116.301414,39.897700,104.7,946,UAV-ALPHA
116.301010,39.897700,104.7,947,UAV-ALPHA
116.300606,39.897700,104.7,948,UAV-ALPHA
116.300202,39.897700,104.7,949,UAV-ALPHA
116.299798,39.897700,104.7,950,UAV-ALPHA
116.299394,39.897700,104.8,951,UAV-ALPHA
116.298990,39.897700,104.8,952,UAV-ALPHA
116.298586,39.897700,104.8,953,UAV-ALPHA
116.298182,39.897700,104.8,954,UAV-ALPHA
116.297778,39.897700,104.8,955,UAV-ALPHA
116.297374,39.897700,104.8,956,UAV-ALPHA
116.296970,39.897700,104.8,957,UAV-ALPHA
116.296566,39.897700,104.8,958,UAV-ALPHA
116.296162,39.897700,104.8,959,UAV-ALPHA
116.295758,39.897700,104.8,960,UAV-ALPHA
116.295354,39.897700,104.8,961,UAV-ALPHA
116.294949,39.897700,104.8,962,UAV-ALPHA
116.294545,39.897700,104.8,963,UAV-ALPHA
116.294141,39.897700,104.8,964,UAV-ALPHA
116.293737,39.897700,104.8,965,UAV-ALPHA
116.293333,39.897700,104.8,966,UAV-ALPHA
116.292929,39.897700,104.8,967,UAV-ALPHA
116.292525,39.897700,104.8,968,UAV-ALPHA
116.292121,39.897700,104.8,969,UAV-ALPHA
116.291717,39.897700,104.8,970,UAV-ALPHA
116.291313,39.897700,104.9,971,UAV-ALPHA
116.290909,39.897700,104.9,972,UAV-ALPHA
116.290505,39.897700,104.9,973,UAV-ALPHA
116.290101,39.897700,104.9,974,UAV-ALPHA
116.289697,39.897700,104.9,975,UAV-ALPHA
116.289293,39.897700,104.9,976,UAV-ALPHA
116.288889,39.897700,104.9,977,UAV-ALPHA
116.288485,39.897700,104.9,978,UAV-ALPHA
116.288081,39.897700,104.9,979,UAV-ALPHA
116.287677,39.897700,104.9,980,UAV-ALPHA
116.287273,39.897700,104.9,981,UAV-ALPHA
116.286869,39.897700,104.9,982,UAV-ALPHA
116.286465,39.897700,104.9,983,UAV-ALPHA
116.286061,39.897700,104.9,984,UAV-ALPHA
116.285657,39.897700,104.9,985,UAV-ALPHA
116.285253,39.897700,104.9,986,UAV-ALPHA
116.284848,39.897700,104.9,987,UAV-ALPHA
116.284444,39.897700,104.9,988,UAV-ALPHA
116.284040,39.897700,104.9,989,UAV-ALPHA
116.283636,39.897700,104.9,990,UAV-ALPHA
116.283232,39.897700,105.0,991,UAV-ALPHA
116.282828,39.897700,105.0,992,UAV-ALPHA
116.282424,39.897700,105.0,993,UAV-ALPHA
116.282020,39.897700,105.0,994,UAV-ALPHA
116.281616,39.897700,105.0,995,UAV-ALPHA
116.281212,39.897700,105.0,996,UAV-ALPHA
116.280808,39.897700,105.0,997,UAV-ALPHA
116.280404,39.897700,105.0,998,UAV-ALPHA
116.280000,39.897700,105.0,999,UAV-ALPHA
116.280000,39.898000,105.0,1000,UAV-ALPHA
116.280404,39.898000,105.0,1001,UAV-ALPHA
116.280808,39.898000,105.0,1002,UAV-ALPHA
116.281212,39.898000,105.0,1003,UAV-ALPHA
116.281616,39.898000,105.0,1004,UAV-ALPHA
116.282020,39.898000,105.0,1005,UAV-ALPHA
116.282424,39.898000,105.0,1006,UAV-ALPHA
116.282828,39.898000,105.0,1007,UAV-ALPHA
116.283232,39.898000,105.0,1008,UAV-ALPHA
116.283636,39.898000,105.0,1009,UAV-ALPHA
116.284040,39.898000,105.0,1010,UAV-ALPHA
116.284444,39.898000,105.1,1011,UAV-ALPHA
116.284848,39.898000,105.1,1012,UAV-ALPHA
116.285253,39.898000,105.1,1013,UAV-ALPHA
116.285657,39.898000,105.1,1014,UAV-ALPHA
116.286061,39.898000,105.1,1015,UAV-ALPHA
116.286465,39.898000,105.1,1016,UAV-ALPHA
116.286869,39.898000,105.1,1017,UAV-ALPHA
116.287273,39.898000,105.1,1018,UAV-ALPHA
116.287677,39.898000,105.1,1019,UAV-ALPHA
116.288081,39.898000,105.1,1020,UAV-ALPHA
116.288485,39.898000,105.1,1021,UAV-ALPHA
116.288889,39.898000,105.1,1022,UAV-ALPHA
116.289293,39.898000,105.1,1023,UAV-ALPHA
116.289697,39.898000,105.1,1024,UAV-ALPHA
116.290101,39.898000,105.1,1025,UAV-ALPHA
116.290505,39.898000,105.1,1026,UAV-ALPHA
116.290909,39.898000,105.1,1027,UAV-ALPHA
116.291313,39.898000,105.1,1028,UAV-ALPHA
116.291717,39.898000,105.1,1029,UAV-ALPHA
116.292121,39.898000,105.1,1030,UAV-ALPHA
116.292525,39.898000,105.2,1031,UAV-ALPHA
116.292929,39.898000,105.2,1032,UAV-ALPHA
116.293333,39.898000,105.2,1033,UAV-ALPHA
116.293737,39.898000,105.2,1034,UAV-ALPHA
116.294141,39.898000,105.2,1035,UAV-ALPHA
116.294545,39.898000,105.2,1036,UAV-ALPHA
116.294949,39.898000,105.2,1037,UAV-ALPHA
116.295354,39.898000,105.2,1038,UAV-ALPHA
116.295758,39.898000,105.2,1039,UAV-ALPHA
116.296162,39.898000,105.2,1040,UAV-ALPHA
116.296566,39.898000,105.2,1041,UAV-ALPHA
116.296970,39.898000,105.2,1042,UAV-ALPHA
116.297374,39.898000,105.2,1043,UAV-ALPHA
116.297778,39.898000,105.2,1044,UAV-ALPHA
116.298182,39.898000,105.2,1045,UAV-ALPHA
116.298586,39.898000,105.2,1046,UAV-ALPHA
116.298990,39.898000,105.2,1047,UAV-ALPHA
116.299394,39.898000,105.2,1048,UAV-ALPHA
116.299798,39.898000,105.2,1049,UAV-ALPHA
116.300202,39.898000,105.2,1050,UAV-ALPHA
116.300606,39.898000,105.3,1051,UAV-ALPHA
116.301010,39.898000,105.3,1052,UAV-ALPHA
116.301414,39.898000,105.3,1053,UAV-ALPHA
116.301818,39.898000,105.3,1054,UAV-ALPHA
116.302222,39.898000,105.3,1055,UAV-ALPHA
116.302626,39.898000,105.3,1056,UAV-ALPHA
116.303030,39.898000,105.3,1057,UAV-ALPHA
116.303434,39.898000,105.3,1058,UAV-ALPHA
116.303838,39.898000,105.3,1059,UAV-ALPHA
116.304242,39.898000,105.3,1060,UAV-ALPHA
116.304646,39.898000,105.3,1061,UAV-ALPHA
116.305051,39.898000,105.3,1062,UAV-ALPHA
116.305455,39.898000,105.3,1063,UAV-ALPHA
116.305859,39.898000,105.3,1064,UAV-ALPHA
116.306263,39.898000,105.3,1065,UAV-ALPHA
116.306667,39.898000,105.3,1066,UAV-ALPHA
116.307071,39.898000,105.3,1067,UAV-ALPHA
116.307475,39.898000,105.3,1068,UAV-ALPHA
116.307879,39.898000,105.3,1069,UAV-ALPHA
116.308283,39.898000,105.3,1070,UAV-ALPHA
116.308687,39.898000,105.4,1071,UAV-ALPHA
116.309091,39.898000,105.4,1072,UAV-ALPHA
116.309495,39.898000,105.4,1073,UAV-ALPHA
116.309899,39.898000,105.4,1074,UAV-ALPHA
116.310303,39.898000,105.4,1075,UAV-ALPHA
116.310707,39.898000,105.4,1076,UAV-ALPHA
116.311111,39.898000,105.4,1077,UAV-ALPHA
116.311515,39.898000,105.4,1078,UAV-ALPHA
116.311919,39.898000,105.4,1079,UAV-ALPHA
116.312323,39.898000,105.4,1080,UAV-ALPHA
116.312727,39.898000,105.4,1081,UAV-ALPHA
116.313131,39.898000,105.4,1082,UAV-ALPHA
116.313535,39.898000,105.4,1083,UAV-ALPHA
116.313939,39.898000,105.4,1084,UAV-ALPHA
116.314343,39.898000,105.4,1085,UAV-ALPHA
116.314747,39.898000,105.4,1086,UAV-ALPHA
116.315152,39.898000,105.4,1087,UAV-ALPHA
116.315556,39.898000,105.4,1088,UAV-ALPHA
116.315960,39.898000,105.4,1089,UAV-ALPHA
116.316364,39.898000,105.4,1090,UAV-ALPHA
116.316768,39.898000,105.5,1091,UAV-ALPHA
116.317172,39.898000,105.5,1092,UAV-ALPHA
116.317576,39.898000,105.5,1093,UAV-ALPHA
116.317980,39.898000,105.5,1094,UAV-ALPHA
116.318384,39.898000,105.5,1095,UAV-ALPHA
116.318788,39.898000,105.5,1096,UAV-ALPHA
116.319192,39.898000,105.5,1097,UAV-ALPHA
116.319596,39.898000,105.5,1098,UAV-ALPHA
116.320000,39.898000,105.5,1099,UAV-ALPHA
116.320000,39.898300,105.5,1100,UAV-ALPHA
116.319596,39.898300,105.5,1101,UAV-ALPHA
116.319192,39.898300,105.5,1102,UAV-ALPHA
116.318788,39.898300,105.5,1103,UAV-ALPHA
116.318384,39.898300,105.5,1104,UAV-ALPHA
116.317980,39.898300,105.5,1105,UAV-ALPHA
116.317576,39.898300,105.5,1106,UAV-ALPHA
116.317172,39.898300,105.5,1107,UAV-ALPHA
116.316768,39.898300,105.5,1108,UAV-ALPHA
116.316364,39.898300,105.5,1109,UAV-ALPHA
116.315960,39.898300,105.5,1110,UAV-ALPHA
116.315556,39.898300,105.6,1111,UAV-ALPHA
116.315152,39.898300,105.6,1112,UAV-ALPHA
116.314747,39.898300,105.6,1113,UAV-ALPHA
116.314343,39.898300,105.6,1114,UAV-ALPHA
116.313939,39.898300,105.6,1115,UAV-ALPHA
116.313535,39.898300,105.6,1116,UAV-ALPHA
116.313131,39.898300,105.6,1117,UAV-ALPHA
116.312727,39.898300,105.6,1118,UAV-ALPHA
116.312323,39.898300,105.6,1119,UAV-ALPHA
116.311919,39.898300,105.6,1120,UAV-ALPHA
116.311515,39.898300,105.6,1121,UAV-ALPHA
116.311111,39.898300,105.6,1122,UAV-ALPHA
116.310707,39.898300,105.6,1123,UAV-ALPHA
116.310303,39.898300,105.6,1124,UAV-ALPHA
116.309899,39.898300,105.6,1125,UAV-ALPHA
116.309495,39.898300,105.6,1126,UAV-ALPHA
116.309091,39.898300,105.6,1127,UAV-ALPHA
116.308687,39.898300,105.6,1128,UAV-ALPHA
116.308283,39.898300,105.6,1129,UAV-ALPHA
116.307879,39.898300,105.6,1130,UAV-ALPHA
116.307475,39.898300,105.7,1131,UAV-ALPHA
116.307071,39.898300,105.7,1132,UAV-ALPHA
116.306667,39.898300,105.7,1133,UAV-ALPHA
116.306263,39.898300,105.7,1134,UAV-ALPHA
116.305859,39.898300,105.7,1135,UAV-ALPHA
116.305455,39.898300,105.7,1136,UAV-ALPHA
116.305051,39.898300,105.7,1137,UAV-ALPHA
116.304646,39.898300,105.7,1138,UAV-ALPHA
116.304242,39.898300,105.7,1139,UAV-ALPHA
116.303838,39.898300,105.7,1140,UAV-ALPHA
116.303434,39.898300,105.7,1141,UAV-ALPHA
116.303030,39.898300,105.7,1142,UAV-ALPHA
116.302626,39.898300,105.7,1143,UAV-ALPHA
116.302222,39.898300,105.7,1144,UAV-ALPHA
116.301818,39.898300,105.7,1145,UAV-ALPHA
116.301414,39.898300,105.7,1146,UAV-ALPHA
116.301010,39.898300,105.7,1147,UAV-ALPHA
116.300606,39.898300,105.7,1148,UAV-ALPHA
116.300202,39.898300,105.7,1149,UAV-ALPHA
116.299798,39.898300,105.7,1150,UAV-ALPHA
116.299394,39.898300,105.8,1151,UAV-ALPHA
116.298990,39.898300,105.8,1152,UAV-ALPHA
116.298586,39.898300,105.8,1153,UAV-ALPHA
116.298182,39.898300,105.8,1154,UAV-ALPHA
116.297778,39.898300,105.8,1155,UAV-ALPHA
116.297374,39.898300,105.8,1156,UAV-ALPHA
116.296970,39.898300,105.8,1157,UAV-ALPHA
116.296566,39.898300,105.8,1158,UAV-ALPHA
116.296162,39.898300,105.8,1159,UAV-ALPHA
116.295758,39.898300,105.8,1160,UAV-ALPHA
116.295354,39.898300,105.8,1161,UAV-ALPHA
116.294949,39.898300,105.8,1162,UAV-ALPHA
116.294545,39.898300,105.8,1163,UAV-ALPHA
116.294141,39.898300,105.8,1164,UAV-ALPHA
116.293737,39.898300,105.8,1165,UAV-ALPHA
116.293333,39.898300,105.8,1166,UAV-ALPHA
116.292929,39.898300,105.8,1167,UAV-ALPHA
116.292525,39.898300,105.8,1168,UAV-ALPHA
116.292121,39.898300,105.8,1169,UAV-ALPHA
116.291717,39.898300,105.8,1170,UAV-ALPHA
116.291313,39.898300,105.9,1171,UAV-ALPHA
116.290909,39.898300,105.9,1172,UAV-ALPHA
116.290505,39.898300,105.9,1173,UAV-ALPHA
116.290101,39.898300,105.9,1174,UAV-ALPHA
116.289697,39.898300,105.9,1175,UAV-ALPHA
116.289293,39.898300,105.9,1176,UAV-ALPHA
116.288889,39.898300,105.9,1177,UAV-ALPHA
116.288485,39.898300,105.9,1178,UAV-ALPHA
116.288081,39.898300,105.9,1179,UAV-ALPHA
116.287677,39.898300,105.9,1180,UAV-ALPHA
116.287273,39.898300,105.9,1181,UAV-ALPHA
116.286869,39.898300,105.9,1182,UAV-ALPHA
116.286465,39.898300,105.9,1183,UAV-ALPHA
116.286061,39.898300,105.9,1184,UAV-ALPHA
116.285657,39.898300,105.9,1185,UAV-ALPHA
116.285253,39.898300,105.9,1186,UAV-ALPHA
116.284848,39.898300,105.9,1187,UAV-ALPHA
116.284444,39.898300,105.9,1188,UAV-ALPHA
116.284040,39.898300,105.9,1189,UAV-ALPHA
116.283636,39.898300,105.9,1190,UAV-ALPHA
116.283232,39.898300,106.0,1191,UAV-ALPHA
116.282828,39.898300,106.0,1192,UAV-ALPHA
116.282424,39.898300,106.0,1193,UAV-ALPHA
116.282020,39.898300,106.0,1194,UAV-ALPHA
116.281616,39.898300,106.0,1195,UAV-ALPHA
116.281212,39.898300,106.0,1196,UAV-ALPHA
116.280808,39.898300,106.0,1197,UAV-ALPHA
116.280404,39.898300,106.0,1198,UAV-ALPHA
116.280000,39.898300,106.0,1199,UAV-ALPHA
116.280000,39.898600,106.0,1200,UAV-ALPHA
116.280404,39.898600,106.0,1201,UAV-ALPHA
116.280808,39.898600,106.0,1202,UAV-ALPHA
116.281212,39.898600,106.0,1203,UAV-ALPHA
116.281616,39.898600,106.0,1204,UAV-ALPHA
116.282020,39.898600,106.0,1205,UAV-ALPHA
116.282424,39.898600,106.0,1206,UAV-ALPHA
116.282828,39.898600,106.0,1207,UAV-ALPHA
116.283232,39.898600,106.0,1208,UAV-ALPHA
116.283636,39.898600,106.0,1209,UAV-ALPHA
116.284040,39.898600,106.0,1210,UAV-ALPHA
116.284444,39.898600,106.1,1211,UAV-ALPHA
116.284848,39.898600,106.1,1212,UAV-ALPHA
116.285253,39.898600,106.1,1213,UAV-ALPHA
116.285657,39.898600,106.1,1214,UAV-ALPHA
116.286061,39.898600,106.1,1215,UAV-ALPHA
116.286465,39.898600,106.1,1216,UAV-ALPHA
116.286869,39.898600,106.1,1217,UAV-ALPHA
116.287273,39.898600,106.1,1218,UAV-ALPHA
116.287677,39.898600,106.1,1219,UAV-ALPHA
116.288081,39.898600,106.1,1220,UAV-ALPHA
116.288485,39.898600,106.1,1221,UAV-ALPHA
116.288889,39.898600,106.1,1222,UAV-ALPHA
116.289293,39.898600,106.1,1223,UAV-ALPHA
116.289697,39.898600,106.1,1224,UAV-ALPHA
116.290101,39.898600,106.1,1225,UAV-ALPHA
116.290505,39.898600,106.1,1226,UAV-ALPHA
116.290909,39.898600,106.1,1227,UAV-ALPHA
116.291313,39.898600,106.1,1228,UAV-ALPHA
116.291717,39.898600,106.1,1229,UAV-ALPHA
116.292121,39.898600,106.1,1230,UAV-ALPHA
116.292525,39.898600,106.2,1231,UAV-ALPHA
116.292929,39.898600,106.2,1232,UAV-ALPHA
116.293333,39.898600,106.2,1233,UAV-ALPHA
116.293737,39.898600,106.2,1234,UAV-ALPHA
116.294141,39.898600,106.2,1235,UAV-ALPHA
116.294545,39.898600,106.2,1236,UAV-ALPHA
116.294949,39.898600,106.2,1237,UAV-ALPHA
116.295354,39.898600,106.2,1238,UAV-ALPHA
116.295758,39.898600,106.2,1239,UAV-ALPHA
116.296162,39.898600,106.2,1240,UAV-ALPHA
116.296566,39.898600,106.2,1241,UAV-ALPHA
116.296970,39.898600,106.2,1242,UAV-ALPHA
116.297374,39.898600,106.2,1243,UAV-ALPHA
116.297778,39.898600,106.2,1244,UAV-ALPHA
116.298182,39.898600,106.2,1245,UAV-ALPHA
116.298586,39.898600,106.2,1246,UAV-ALPHA
116.298990,39.898600,106.2,1247,UAV-ALPHA
116.299394,39.898600,106.2,1248,UAV-ALPHA
116.299798,39.898600,106.2,1249,UAV-ALPHA
116.300202,39.898600,106.2,1250,UAV-ALPHA
116.300606,39.898600,106.3,1251,UAV-ALPHA
116.301010,39.898600,106.3,1252,UAV-ALPHA
116.301414,39.898600,106.3,1253,UAV-ALPHA
116.301818,39.898600,106.3,1254,UAV-ALPHA
116.302222,39.898600,106.3,1255,UAV-ALPHA
116.302626,39.898600,106.3,1256,UAV-ALPHA
116.303030,39.898600,106.3,1257,UAV-ALPHA
116.303434,39.898600,106.3,1258,UAV-ALPHA
116.303838,39.898600,106.3,1259,UAV-ALPHA
116.304242,39.898600,106.3,1260,UAV-ALPHA
116.304646,39.898600,106.3,1261,UAV-ALPHA
116.305051,39.898600,106.3,1262,UAV-ALPHA
116.305455,39.898600,106.3,1263,UAV-ALPHA
116.305859,39.898600,106.3,1264,UAV-ALPHA
116.306263,39.898600,106.3,1265,UAV-ALPHA
116.306667,39.898600,106.3,1266,UAV-ALPHA
116.307071,39.898600,106.3,1267,UAV-ALPHA
116.307475,39.898600,106.3,1268,UAV-ALPHA
116.307879,39.898600,106.3,1269,UAV-ALPHA
116.308283,39.898600,106.3,1270,UAV-ALPHA
116.308687,39.898600,106.4,1271,UAV-ALPHA
116.309091,39.898600,106.4,1272,UAV-ALPHA
116.309495,39.898600,106.4,1273,UAV-ALPHA
116.309899,39.898600,106.4,1274,UAV-ALPHA
116.310303,39.898600,106.4,1275,UAV-ALPHA
116.310707,39.898600,106.4,1276,UAV-ALPHA
116.311111,39.898600,106.4,1277,UAV-ALPHA
116.311515,39.898600,106.4,1278,UAV-ALPHA
116.311919,39.898600,106.4,1279,UAV-ALPHA
116.312323,39.898600,106.4,1280,UAV-ALPHA
116.312727,39.898600,106.4,1281,UAV-ALPHA
116.313131,39.898600,106.4,1282,UAV-ALPHA
116.313535,39.898600,106.4,1283,UAV-ALPHA
116.313939,39.898600,106.4,1284,UAV-ALPHA
116.314343,39.898600,106.4,1285,UAV-ALPHA
116.314747,39.898600,106.4,1286,UAV-ALPHA
116.315152,39.898600,106.4,1287,UAV-ALPHA
116.315556,39.898600,106.4,1288,UAV-ALPHA
116.315960,39.898600,106.4,1289,UAV-ALPHA
116.316364,39.898600,106.4,1290,UAV-ALPHA
116.316768,39.898600,106.5,1291,UAV-ALPHA
116.317172,39.898600,106.5,1292,UAV-ALPHA
116.317576,39.898600,106.5,1293,UAV-ALPHA
116.317980,39.898600,106.5,1294,UAV-ALPHA
116.318384,39.898600,106.5,1295,UAV-ALPHA
116.318788,39.898600,106.5,1296,UAV-ALPHA
116.319192,39.898600,106.5,1297,UAV-ALPHA
116.319596,39.898600,106.5,1298,UAV-ALPHA
116.320000,39.898600,106.5,1299,UAV-ALPHA
116.320000,39.898900,106.5,1300,UAV-ALPHA
116.319596,39.898900,106.5,1301,UAV-ALPHA
116.319192,39.898900,106.5,1302,UAV-ALPHA
116.318788,39.898900,106.5,1303,UAV-ALPHA
116.318384,39.898900,106.5,1304,UAV-ALPHA
116.317980,39.898900,106.5,1305,UAV-ALPHA
116.317576,39.898900,106.5,1306,UAV-ALPHA
116.317172,39.898900,106.5,1307,UAV-ALPHA
116.316768,39.898900,106.5,1308,UAV-ALPHA
116.316364,39.898900,106.5,1309,UAV-ALPHA
116.315960,39.898900,106.5,1310,UAV-ALPHA
116.315556,39.898900,106.6,1311,UAV-ALPHA
116.315152,39.898900,106.6,1312,UAV-ALPHA
116.314747,39.898900,106.6,1313,UAV-ALPHA
116.314343,39.898900,106.6,1314,UAV-ALPHA
116.313939,39.898900,106.6,1315,UAV-ALPHA
116.313535,39.898900,106.6,1316,UAV-ALPHA
116.313131,39.898900,106.6,1317,UAV-ALPHA
116.312727,39.898900,106.6,1318,UAV-ALPHA
116.312323,39.898900,106.6,1319,UAV-ALPHA
116.311919,39.898900,106.6,1320,UAV-ALPHA
116.311515,39.898900,106.6,1321,UAV-ALPHA
116.311111,39.898900,106.6,1322,UAV-ALPHA
116.310707,39.898900,106.6,1323,UAV-ALPHA
116.310303,39.898900,106.6,1324,UAV-ALPHA
116.309899,39.898900,106.6,1325,UAV-ALPHA
116.309495,39.898900,106.6,1326,UAV-ALPHA
116.309091,39.898900,106.6,1327,UAV-ALPHA
116.308687,39.898900,106.6,1328,UAV-ALPHA
116.308283,39.898900,106.6,1329,UAV-ALPHA
116.307879,39.898900,106.6,1330,UAV-ALPHA
116.307475,39.898900,106.7,1331,UAV-ALPHA
116.307071,39.898900,106.7,1332,UAV-ALPHA
116.306667,39.898900,106.7,1333,UAV-ALPHA
116.306263,39.898900,106.7,1334,UAV-ALPHA
116.305859,39.898900,106.7,1335,UAV-ALPHA
116.305455,39.898900,106.7,1336,UAV-ALPHA
116.305051,39.898900,106.7,1337,UAV-ALPHA
116.304646,39.898900,106.7,1338,UAV-ALPHA
116.304242,39.898900,106.7,1339,UAV-ALPHA
116.303838,39.898900,106.7,1340,UAV-ALPHA
116.303434,39.898900,106.7,1341,UAV-ALPHA
116.303030,39.898900,106.7,1342,UAV-ALPHA
116.302626,39.898900,106.7,1343,UAV-ALPHA
116.302222,39.898900,106.7,1344,UAV-ALPHA
116.301818,39.898900,106.7,1345,UAV-ALPHA
116.301414,39.898900,106.7,1346,UAV-ALPHA
116.301010,39.898900,106.7,1347,UAV-ALPHA
116.300606,39.898900,106.7,1348,UAV-ALPHA
116.300202,39.898900,106.7,1349,UAV-ALPHA
116.299798,39.898900,106.7,1350,UAV-ALPHA
116.299394,39.898900,106.8,1351,UAV-ALPHA
116.298990,39.898900,106.8,1352,UAV-ALPHA
116.298586,39.898900,106.8,1353,UAV-ALPHA
116.298182,39.898900,106.8,1354,UAV-ALPHA
116.297778,39.898900,106.8,1355,UAV-ALPHA
116.297374,39.898900,106.8,1356,UAV-ALPHA
116.296970,39.898900,106.8,1357,UAV-ALPHA
116.296566,39.898900,106.8,1358,UAV-ALPHA
116.296162,39.898900,106.8,1359,UAV-ALPHA
116.295758,39.898900,106.8,1360,UAV-ALPHA
116.295354,39.898900,106.8,1361,UAV-ALPHA
116.294949,39.898900,106.8,1362,UAV-ALPHA
116.294545,39.898900,106.8,1363,UAV-ALPHA
116.294141,39.898900,106.8,1364,UAV-ALPHA
116.293737,39.898900,106.8,1365,UAV-ALPHA
116.293333,39.898900,106.8,1366,UAV-ALPHA
116.292929,39.898900,106.8,1367,UAV-ALPHA
116.292525,39.898900,106.8,1368,UAV-ALPHA
116.292121,39.898900,106.8,1369,UAV-ALPHA
116.291717,39.898900,106.8,1370,UAV-ALPHA
116.291313,39.898900,106.9,1371,UAV-ALPHA
116.290909,39.898900,106.9,1372,UAV-ALPHA
116.290505,39.898900,106.9,1373,UAV-ALPHA
116.290101,39.898900,106.9,1374,UAV-ALPHA
116.289697,39.898900,106.9,1375,UAV-ALPHA
116.289293,39.898900,106.9,1376,UAV-ALPHA
116.288889,39.898900,106.9,1377,UAV-ALPHA
116.288485,39.898900,106.9,1378,UAV-ALPHA
116.288081,39.898900,106.9,1379,UAV-ALPHA
116.287677,39.898900,106.9,1380,UAV-ALPHA
116.287273,39.898900,106.9,1381,UAV-ALPHA
116.286869,39.898900,106.9,1382,UAV-ALPHA
116.286465,39.898900,106.9,1383,UAV-ALPHA
116.286061,39.898900,106.9,1384,UAV-ALPHA
116.285657,39.898900,106.9,1385,UAV-ALPHA
116.285253,39.898900,106.9,1386,UAV-ALPHA
116.284848,39.898900,106.9,1387,UAV-ALPHA
116.284444,39.898900,106.9,1388,UAV-ALPHA
116.284040,39.898900,106.9,1389,UAV-ALPHA
116.283636,39.898900,106.9,1390,UAV-ALPHA
116.283232,39.898900,107.0,1391,UAV-ALPHA
116.282828,39.898900,107.0,1392,UAV-ALPHA
116.282424,39.898900,107.0,1393,UAV-ALPHA
116.282020,39.898900,107.0,1394,UAV-ALPHA
116.281616,39.898900,107.0,1395,UAV-ALPHA
116.281212,39.898900,107.0,1396,UAV-ALPHA
116.280808,39.898900,107.0,1397,UAV-ALPHA
116.280404,39.898900,107.0,1398,UAV-ALPHA
116.280000,39.898900,107.0,1399,UAV-ALPHA
116.280000,39.899200,107.0,1400,UAV-ALPHA
116.280404,39.899200,107.0,1401,UAV-ALPHA
116.280808,39.899200,107.0,1402,UAV-ALPHA
116.281212,39.899200,107.0,1403,UAV-ALPHA
116.281616,39.899200,107.0,1404,UAV-ALPHA
116.282020,39.899200,107.0,1405,UAV-ALPHA
116.282424,39.899200,107.0,1406,UAV-ALPHA
116.282828,39.899200,107.0,1407,UAV-ALPHA
116.283232,39.899200,107.0,1408,UAV-ALPHA
116.283636,39.899200,107.0,1409,UAV-ALPHA
116.284040,39.899200,107.0,1410,UAV-ALPHA
116.284444,39.899200,107.1,1411,UAV-ALPHA
116.284848,39.899200,107.1,1412,UAV-ALPHA
116.285253,39.899200,107.1,1413,UAV-ALPHA
116.285657,39.899200,107.1,1414,UAV-ALPHA
116.286061,39.899200,107.1,1415,UAV-ALPHA
116.286465,39.899200,107.1,1416,UAV-ALPHA
116.286869,39.899200,107.1,1417,UAV-ALPHA
116.287273,39.899200,107.1,1418,UAV-ALPHA
116.287677,39.899200,107.1,1419,UAV-ALPHA
116.288081,39.899200,107.1,1420,UAV-ALPHA
116.288485,39.899200,107.1,1421,UAV-ALPHA
116.288889,39.899200,107.1,1422,UAV-ALPHA
116.289293,39.899200,107.1,1423,UAV-ALPHA
116.289697,39.899200,107.1,1424,UAV-ALPHA
116.290101,39.899200,107.1,1425,UAV-ALPHA
116.290505,39.899200,107.1,1426,UAV-ALPHA
116.290909,39.899200,107.1,1427,UAV-ALPHA
116.291313,39.899200,107.1,1428,UAV-ALPHA
116.291717,39.899200,107.1,1429,UAV-ALPHA
116.292121,39.899200,107.1,1430,UAV-ALPHA
116.292525,39.899200,107.2,1431,UAV-ALPHA
116.292929,39.899200,107.2,1432,UAV-ALPHA
116.293333,39.899200,107.2,1433,UAV-ALPHA
116.293737,39.899200,107.2,1434,UAV-ALPHA
116.294141,39.899200,107.2,1435,UAV-ALPHA
116.294545,39.899200,107.2,1436,UAV-ALPHA
116.294949,39.899200,107.2,1437,UAV-ALPHA
116.295354,39.899200,107.2,1438,UAV-ALPHA
116.295758,39.899200,107.2,1439,UAV-ALPHA
116.296162,39.899200,107.2,1440,UAV-ALPHA
116.296566,39.899200,107.2,1441,UAV-ALPHA
116.296970,39.899200,107.2,1442,UAV-ALPHA
116.297374,39.899200,107.2,1443,UAV-ALPHA
116.297778,39.899200,107.2,1444,UAV-ALPHA
116.298182,39.899200,107.2,1445,UAV-ALPHA
116.298586,39.899200,107.2,1446,UAV-ALPHA
116.298990,39.899200,107.2,1447,UAV-ALPHA
116.299394,39.899200,107.2,1448,UAV-ALPHA
116.299798,39.899200,107.2,1449,UAV-ALPHA
116.300202,39.899200,107.2,1450,UAV-ALPHA
116.300606,39.899200,107.3,1451,UAV-ALPHA
116.301010,39.899200,107.3,1452,UAV-ALPHA
116.301414,39.899200,107.3,1453,UAV-ALPHA
116.301818,39.899200,107.3,1454,UAV-ALPHA
116.302222,39.899200,107.3,1455,UAV-ALPHA
116.302626,39.899200,107.3,1456,UAV-ALPHA
116.303030,39.899200,107.3,1457,UAV-ALPHA
116.303434,39.899200,107.3,1458,UAV-ALPHA
116.303838,39.899200,107.3,1459,UAV-ALPHA
116.304242,39.899200,107.3,1460,UAV-ALPHA
116.304646,39.899200,107.3,1461,UAV-ALPHA
116.305051,39.899200,107.3,1462,UAV-ALPHA
116.305455,39.899200,107.3,1463,UAV-ALPHA
116.305859,39.899200,107.3,1464,UAV-ALPHA
116.306263,39.899200,107.3,1465,UAV-ALPHA
116.306667,39.899200,107.3,1466,UAV-ALPHA
116.307071,39.899200,107.3,1467,UAV-ALPHA
116.307475,39.899200,107.3,1468,UAV-ALPHA
116.307879,39.899200,107.3,1469,UAV-ALPHA
116.308283,39.899200,107.3,1470,UAV-ALPHA
116.308687,39.899200,107.4,1471,UAV-ALPHA
116.309091,39.899200,107.4,1472,UAV-ALPHA
116.309495,39.899200,107.4,1473,UAV-ALPHA
116.309899,39.899200,107.4,1474,UAV-ALPHA
116.310303,39.899200,107.4,1475,UAV-ALPHA
116.310707,39.899200,107.4,1476,UAV-ALPHA
116.311111,39.899200,107.4,1477,UAV-ALPHA
116.311515,39.899200,107.4,1478,UAV-ALPHA
116.311919,39.899200,107.4,1479,UAV-ALPHA
116.312323,39.899200,107.4,1480,UAV-ALPHA
116.312727,39.899200,107.4,1481,UAV-ALPHA
116.313131,39.899200,107.4,1482,UAV-ALPHA
116.313535,39.899200,107.4,1483,UAV-ALPHA
116.313939,39.899200,107.4,1484,UAV-ALPHA
116.314343,39.899200,107.4,1485,UAV-ALPHA
116.314747,39.899200,107.4,1486,UAV-ALPHA
116.315152,39.899200,107.4,1487,UAV-ALPHA
116.315556,39.899200,107.4,1488,UAV-ALPHA
116.315960,39.899200,107.4,1489,UAV-ALPHA
116.316364,39.899200,107.4,1490,UAV-ALPHA
116.316768,39.899200,107.5,1491,UAV-ALPHA
116.317172,39.899200,107.5,1492,UAV-ALPHA
116.317576,39.899200,107.5,1493,UAV-ALPHA
116.317980,39.899200,107.5,1494,UAV-ALPHA
116.318384,39.899200,107.5,1495,UAV-ALPHA
116.318788,39.899200,107.5,1496,UAV-ALPHA
116.319192,39.899200,107.5,1497,UAV-ALPHA
116.319596,39.899200,107.5,1498,UAV-ALPHA
116.320000,39.899200,107.5,1499,UAV-ALPHA
116.320000,39.899500,107.5,1500,UAV-ALPHA
116.319596,39.899500,107.5,1501,UAV-ALPHA
116.319192,39.899500,107.5,1502,UAV-ALPHA
116.318788,39.899500,107.5,1503,UAV-ALPHA
116.318384,39.899500,107.5,1504,UAV-ALPHA
116.317980,39.899500,107.5,1505,UAV-ALPHA
116.317576,39.899500,107.5,1506,UAV-ALPHA
116.317172,39.899500,107.5,1507,UAV-ALPHA
116.316768,39.899500,107.5,1508,UAV-ALPHA
116.316364,39.899500,107.5,1509,UAV-ALPHA
116.315960,39.899500,107.5,1510,UAV-ALPHA
116.315556,39.899500,107.6,1511,UAV-ALPHA
116.315152,39.899500,107.6,1512,UAV-ALPHA
116.314747,39.899500,107.6,1513,UAV-ALPHA
116.314343,39.899500,107.6,1514,UAV-ALPHA
116.313939,39.899500,107.6,1515,UAV-ALPHA
116.313535,39.899500,107.6,1516,UAV-ALPHA
116.313131,39.899500,107.6,1517,UAV-ALPHA
116.312727,39.899500,107.6,1518,UAV-ALPHA
116.312323,39.899500,107.6,1519,UAV-ALPHA
116.311919,39.899500,107.6,1520,UAV-ALPHA
116.311515,39.899500,107.6,1521,UAV-ALPHA
116.311111,39.899500,107.6,1522,UAV-ALPHA
116.310707,39.899500,107.6,1523,UAV-ALPHA
116.310303,39.899500,107.6,1524,UAV-ALPHA
116.309899,39.899500,107.6,1525,UAV-ALPHA
116.309495,39.899500,107.6,1526,UAV-ALPHA
116.309091,39.899500,107.6,1527,UAV-ALPHA
116.308687,39.899500,107.6,1528,UAV-ALPHA
116.308283,39.899500,107.6,1529,UAV-ALPHA
116.307879,39.899500,107.6,1530,UAV-ALPHA
116.307475,39.899500,107.7,1531,UAV-ALPHA
116.307071,39.899500,107.7,1532,UAV-ALPHA
116.306667,39.899500,107.7,1533,UAV-ALPHA
116.306263,39.899500,107.7,1534,UAV-ALPHA
116.305859,39.899500,107.7,1535,UAV-ALPHA
116.305455,39.899500,107.7,1536,UAV-ALPHA
116.305051,39.899500,107.7,1537,UAV-ALPHA
116.304646,39.899500,107.7,1538,UAV-ALPHA
116.304242,39.899500,107.7,1539,UAV-ALPHA
116.303838,39.899500,107.7,1540,UAV-ALPHA
116.303434,39.899500,107.7,1541,UAV-ALPHA
116.303030,39.899500,107.7,1542,UAV-ALPHA
116.302626,39.899500,107.7,1543,UAV-ALPHA
116.302222,39.899500,107.7,1544,UAV-ALPHA
116.301818,39.899500,107.7,1545,UAV-ALPHA
116.301414,39.899500,107.7,1546,UAV-ALPHA
116.301010,39.899500,107.7,1547,UAV-ALPHA
116.300606,39.899500,107.7,1548,UAV-ALPHA
116.300202,39.899500,107.7,1549,UAV-ALPHA
116.299798,39.899500,107.7,1550,UAV-ALPHA
116.299394,39.899500,107.8,1551,UAV-ALPHA
116.298990,39.899500,107.8,1552,UAV-ALPHA
116.298586,39.899500,107.8,1553,UAV-ALPHA
116.298182,39.899500,107.8,1554,UAV-ALPHA
116.297778,39.899500,107.8,1555,UAV-ALPHA
116.297374,39.899500,107.8,1556,UAV-ALPHA
116.296970,39.899500,107.8,1557,UAV-ALPHA
116.296566,39.899500,107.8,1558,UAV-ALPHA
116.296162,39.899500,107.8,1559,UAV-ALPHA
116.295758,39.899500,107.8,1560,UAV-ALPHA
116.295354,39.899500,107.8,1561,UAV-ALPHA
116.294949,39.899500,107.8,1562,UAV-ALPHA
116.294545,39.899500,107.8,1563,UAV-ALPHA
116.294141,39.899500,107.8,1564,UAV-ALPHA
116.293737,39.899500,107.8,1565,UAV-ALPHA
116.293333,39.899500,107.8,1566,UAV-ALPHA
116.292929,39.899500,107.8,1567,UAV-ALPHA
116.292525,39.899500,107.8,1568,UAV-ALPHA
116.292121,39.899500,107.8,1569,UAV-ALPHA
116.291717,39.899500,107.8,1570,UAV-ALPHA
116.291313,39.899500,107.9,1571,UAV-ALPHA
116.290909,39.899500,107.9,1572,UAV-ALPHA
116.290505,39.899500,107.9,1573,UAV-ALPHA
116.290101,39.899500,107.9,1574,UAV-ALPHA
116.289697,39.899500,107.9,1575,UAV-ALPHA
116.289293,39.899500,107.9,1576,UAV-ALPHA
116.288889,39.899500,107.9,1577,UAV-ALPHA
116.288485,39.899500,107.9,1578,UAV-ALPHA
116.288081,39.899500,107.9,1579,UAV-ALPHA
116.287677,39.899500,107.9,1580,UAV-ALPHA
116.287273,39.899500,107.9,1581,UAV-ALPHA
116.286869,39.899500,107.9,1582,UAV-ALPHA
116.286465,39.899500,107.9,1583,UAV-ALPHA
116.286061,39.899500,107.9,1584,UAV-ALPHA
116.285657,39.899500,107.9,1585,UAV-ALPHA
116.285253,39.899500,107.9,1586,UAV-ALPHA
116.284848,39.899500,107.9,1587,UAV-ALPHA
116.284444,39.899500,107.9,1588,UAV-ALPHA
116.284040,39.899500,107.9,1589,UAV-ALPHA
116.283636,39.899500,107.9,1590,UAV-ALPHA
116.283232,39.899500,108.0,1591,UAV-ALPHA
116.282828,39.899500,108.0,1592,UAV-ALPHA
116.282424,39.899500,108.0,1593,UAV-ALPHA
116.282020,39.899500,108.0,1594,UAV-ALPHA
116.281616,39.899500,108.0,1595,UAV-ALPHA
116.281212,39.899500,108.0,1596,UAV-ALPHA
116.280808,39.899500,108.0,1597,UAV-ALPHA
116.280404,39.899500,108.0,1598,UAV-ALPHA
116.280000,39.899500,108.0,1599,UAV-ALPHA
116.280000,39.899800,108.0,1600,UAV-ALPHA
116.280404,39.899800,108.0,1601,UAV-ALPHA
116.280808,39.899800,108.0,1602,UAV-ALPHA
116.281212,39.899800,108.0,1603,UAV-ALPHA
116.281616,39.899800,108.0,1604,UAV-ALPHA
116.282020,39.899800,108.0,1605,UAV-ALPHA
116.282424,39.899800,108.0,1606,UAV-ALPHA
116.282828,39.899800,108.0,1607,UAV-ALPHA
116.283232,39.899800,108.0,1608,UAV-ALPHA
116.283636,39.899800,108.0,1609,UAV-ALPHA
116.284040,39.899800,108.0,1610,UAV-ALPHA
116.284444,39.899800,108.1,1611,UAV-ALPHA
116.284848,39.899800,108.1,1612,UAV-ALPHA
116.285253,39.899800,108.1,1613,UAV-ALPHA
116.285657,39.899800,108.1,1614,UAV-ALPHA
116.286061,39.899800,108.1,1615,UAV-ALPHA
116.286465,39.899800,108.1,1616,UAV-ALPHA
116.286869,39.899800,108.1,1617,UAV-ALPHA
116.287273,39.899800,108.1,1618,UAV-ALPHA
116.287677,39.899800,108.1,1619,UAV-ALPHA
116.288081,39.899800,108.1,1620,UAV-ALPHA
116.288485,39.899800,108.1,1621,UAV-ALPHA
116.288889,39.899800,108.1,1622,UAV-ALPHA
116.289293,39.899800,108.1,1623,UAV-ALPHA
116.289697,39.899800,108.1,1624,UAV-ALPHA
116.290101,39.899800,108.1,1625,UAV-ALPHA
116.290505,39.899800,108.1,1626,UAV-ALPHA
116.290909,39.899800,108.1,1627,UAV-ALPHA
116.291313,39.899800,108.1,1628,UAV-ALPHA
116.291717,39.899800,108.1,1629,UAV-ALPHA
116.292121,39.899800,108.1,1630,UAV-ALPHA
116.292525,39.899800,108.2,1631,UAV-ALPHA
116.292929,39.899800,108.2,1632,UAV-ALPHA
116.293333,39.899800,108.2,1633,UAV-ALPHA
116.293737,39.899800,108.2,1634,UAV-ALPHA
116.294141,39.899800,108.2,1635,UAV-ALPHA
116.294545,39.899800,108.2,1636,UAV-ALPHA
116.294949,39.899800,108.2,1637,UAV-ALPHA
116.295354,39.899800,108.2,1638,UAV-ALPHA
116.295758,39.899800,108.2,1639,UAV-ALPHA
116.296162,39.899800,108.2,1640,UAV-ALPHA
116.296566,39.899800,108.2,1641,UAV-ALPHA
116.296970,39.899800,108.2,1642,UAV-ALPHA
116.297374,39.899800,108.2,1643,UAV-ALPHA
116.297778,39.899800,108.2,1644,UAV-ALPHA
116.298182,39.899800,108.2,1645,UAV-ALPHA
116.298586,39.899800,108.2,1646,UAV-ALPHA
116.298990,39.899800,108.2,1647,UAV-ALPHA
116.299394,39.899800,108.2,1648,UAV-ALPHA
116.299798,39.899800,108.2,1649,UAV-ALPHA
116.300202,39.899800,108.2,1650,UAV-ALPHA
116.300606,39.899800,108.3,1651,UAV-ALPHA
116.301010,39.899800,108.3,1652,UAV-ALPHA
116.301414,39.899800,108.3,1653,UAV-ALPHA
116.301818,39.899800,108.3,1654,UAV-ALPHA
116.302222,39.899800,108.3,1655,UAV-ALPHA
116.302626,39.899800,108.3,1656,UAV-ALPHA
116.303030,39.899800,108.3,1657,UAV-ALPHA
116.303434,39.899800,108.3,1658,UAV-ALPHA
116.303838,39.899800,108.3,1659,UAV-ALPHA
116.304242,39.899800,108.3,1660,UAV-ALPHA
116.304646,39.899800,108.3,1661,UAV-ALPHA
116.305051,39.899800,108.3,1662,UAV-ALPHA
116.305455,39.899800,108.3,1663,UAV-ALPHA
116.305859,39.899800,108.3,1664,UAV-ALPHA
116.306263,39.899800,108.3,1665,UAV-ALPHA
116.306667,39.899800,108.3,1666,UAV-ALPHA
116.307071,39.899800,108.3,1667,UAV-ALPHA
116.307475,39.899800,108.3,1668,UAV-ALPHA
116.307879,39.899800,108.3,1669,UAV-ALPHA
116.308283,39.899800,108.3,1670,UAV-ALPHA
116.308687,39.899800,108.4,1671,UAV-ALPHA
116.309091,39.899800,108.4,1672,UAV-ALPHA
116.309495,39.899800,108.4,1673,UAV-ALPHA
116.309899,39.899800,108.4,1674,UAV-ALPHA
116.310303,39.899800,108.4,1675,UAV-ALPHA
116.310707,39.899800,108.4,1676,UAV-ALPHA
116.311111,39.899800,108.4,1677,UAV-ALPHA
116.311515,39.899800,108.4,1678,UAV-ALPHA
116.311919,39.899800,108.4,1679,UAV-ALPHA
116.312323,39.899800,108.4,1680,UAV-ALPHA
116.312727,39.899800,108.4,1681,UAV-ALPHA
116.313131,39.899800,108.4,1682,UAV-ALPHA
116.313535,39.899800,108.4,1683,UAV-ALPHA
116.313939,39.899800,108.4,1684,UAV-ALPHA
116.314343,39.899800,108.4,1685,UAV-ALPHA
116.314747,39.899800,108.4,1686,UAV-ALPHA
116.315152,39.899800,108.4,1687,UAV-ALPHA
116.315556,39.899800,108.4,1688,UAV-ALPHA
116.315960,39.899800,108.4,1689,UAV-ALPHA
116.316364,39.899800,108.4,1690,UAV-ALPHA
116.316768,39.899800,108.5,1691,UAV-ALPHA
116.317172,39.899800,108.5,1692,UAV-ALPHA
116.317576,39.899800,108.5,1693,UAV-ALPHA
116.317980,39.899800,108.5,1694,UAV-ALPHA
116.318384,39.899800,108.5,1695,UAV-ALPHA
116.318788,39.899800,108.5,1696,UAV-ALPHA
116.319192,39.899800,108.5,1697,UAV-ALPHA
116.319596,39.899800,108.5,1698,UAV-ALPHA
116.320000,39.899800,108.5,1699,UAV-ALPHA
116.320000,39.900100,108.5,1700,UAV-ALPHA
116.319596,39.900100,108.5,1701,UAV-ALPHA
116.319192,39.900100,108.5,1702,UAV-ALPHA
116.318788,39.900100,108.5,1703,UAV-ALPHA
116.318384,39.900100,108.5,1704,UAV-ALPHA
116.317980,39.900100,108.5,1705,UAV-ALPHA
116.317576,39.900100,108.5,1706,UAV-ALPHA
116.317172,39.900100,108.5,1707,UAV-ALPHA
116.316768,39.900100,108.5,1708,UAV-ALPHA
116.316364,39.900100,108.5,1709,UAV-ALPHA
116.315960,39.900100,108.5,1710,UAV-ALPHA
116.315556,39.900100,108.6,1711,UAV-ALPHA
116.315152,39.900100,108.6,1712,UAV-ALPHA
116.314747,39.900100,108.6,1713,UAV-ALPHA
116.314343,39.900100,108.6,1714,UAV-ALPHA
116.313939,39.900100,108.6,1715,UAV-ALPHA
116.313535,39.900100,108.6,1716,UAV-ALPHA
116.313131,39.900100,108.6,1717,UAV-ALPHA
116.312727,39.900100,108.6,1718,UAV-ALPHA
116.312323,39.900100,108.6,1719,UAV-ALPHA
116.311919,39.900100,108.6,1720,UAV-ALPHA
116.311515,39.900100,108.6,1721,UAV-ALPHA
116.311111,39.900100,108.6,1722,UAV-ALPHA
116.310707,39.900100,108.6,1723,UAV-ALPHA
116.310303,39.900100,108.6,1724,UAV-ALPHA
116.309899,39.900100,108.6,1725,UAV-ALPHA
116.309495,39.900100,108.6,1726,UAV-ALPHA
116.309091,39.900100,108.6,1727,UAV-ALPHA
116.308687,39.900100,108.6,1728,UAV-ALPHA
116.308283,39.900100,108.6,1729,UAV-ALPHA
116.307879,39.900100,108.6,1730,UAV-ALPHA
116.307475,39.900100,108.7,1731,UAV-ALPHA
116.307071,39.900100,108.7,1732,UAV-ALPHA
116.306667,39.900100,108.7,1733,UAV-ALPHA
116.306263,39.900100,108.7,1734,UAV-ALPHA
116.305859,39.900100,108.7,1735,UAV-ALPHA
116.305455,39.900100,108.7,1736,UAV-ALPHA
116.305051,39.900100,108.7,1737,UAV-ALPHA
116.304646,39.900100,108.7,1738,UAV-ALPHA
116.304242,39.900100,108.7,1739,UAV-ALPHA
116.303838,39.900100,108.7,1740,UAV-ALPHA
116.303434,39.900100,108.7,1741,UAV-ALPHA
116.303030,39.900100,108.7,1742,UAV-ALPHA
116.302626,39.900100,108.7,1743,UAV-ALPHA
116.302222,39.900100,108.7,1744,UAV-ALPHA
116.301818,39.900100,108.7,1745,UAV-ALPHA
116.301414,39.900100,108.7,1746,UAV-ALPHA
116.301010,39.900100,108.7,1747,UAV-ALPHA
116.300606,39.900100,108.7,1748,UAV-ALPHA
116.300202,39.900100,108.7,1749,UAV-ALPHA
116.299798,39.900100,108.7,1750,UAV-ALPHA
116.299394,39.900100,108.8,1751,UAV-ALPHA
116.298990,39.900100,108.8,1752,UAV-ALPHA
116.298586,39.900100,108.8,1753,UAV-ALPHA
116.298182,39.900100,108.8,1754,UAV-ALPHA
116.297778,39.900100,108.8,1755,UAV-ALPHA
116.297374,39.900100,108.8,1756,UAV-ALPHA
116.296970,39.900100,108.8,1757,UAV-ALPHA
116.296566,39.900100,108.8,1758,UAV-ALPHA
116.296162,39.900100,108.8,1759,UAV-ALPHA
116.295758,39.900100,108.8,1760,UAV-ALPHA
116.295354,39.900100,108.8,1761,UAV-ALPHA
116.294949,39.900100,108.8,1762,UAV-ALPHA
116.294545,39.900100,108.8,1763,UAV-ALPHA
116.294141,39.900100,108.8,1764,UAV-ALPHA
116.293737,39.900100,108.8,1765,UAV-ALPHA
116.293333,39.900100,108.8,1766,UAV-ALPHA
116.292929,39.900100,108.8,1767,UAV-ALPHA
116.292525,39.900100,108.8,1768,UAV-ALPHA
116.292121,39.900100,108.8,1769,UAV-ALPHA
116.291717,39.900100,108.8,1770,UAV-ALPHA
116.291313,39.900100,108.9,1771,UAV-ALPHA
116.290909,39.900100,108.9,1772,UAV-ALPHA
116.290505,39.900100,108.9,1773,UAV-ALPHA
116.290101,39.900100,108.9,1774,UAV-ALPHA
116.289697,39.900100,108.9,1775,UAV-ALPHA
116.289293,39.900100,108.9,1776,UAV-ALPHA
116.288889,39.900100,108.9,1777,UAV-ALPHA
116.288485,39.900100,108.9,1778,UAV-ALPHA
116.288081,39.900100,108.9,1779,UAV-ALPHA
116.287677,39.900100,108.9,1780,UAV-ALPHA
116.287273,39.900100,108.9,1781,UAV-ALPHA
116.286869,39.900100,108.9,1782,UAV-ALPHA
116.286465,39.900100,108.9,1783,UAV-ALPHA
116.286061,39.900100,108.9,1784,UAV-ALPHA
116.285657,39.900100,108.9,1785,UAV-ALPHA
116.285253,39.900100,108.9,1786,UAV-ALPHA
116.284848,39.900100,108.9,1787,UAV-ALPHA
116.284444,39.900100,108.9,1788,UAV-ALPHA
116.284040,39.900100,108.9,1789,UAV-ALPHA
116.283636,39.900100,108.9,1790,UAV-ALPHA
116.283232,39.900100,109.0,1791,UAV-ALPHA
116.282828,39.900100,109.0,1792,UAV-ALPHA
116.282424,39.900100,109.0,1793,UAV-ALPHA
116.282020,39.900100,109.0,1794,UAV-ALPHA
116.281616,39.900100,109.0,1795,UAV-ALPHA
116.281212,39.900100,109.0,1796,UAV-ALPHA
116.280808,39.900100,109.0,1797,UAV-ALPHA
116.280404,39.900100,109.0,1798,UAV-ALPHA
116.280000,39.900100,109.0,1799,UAV-ALPHA
116.280000,39.900400,109.0,1800,UAV-ALPHA
116.280404,39.900400,109.0,1801,UAV-ALPHA
116.280808,39.900400,109.0,1802,UAV-ALPHA
116.281212,39.900400,109.0,1803,UAV-ALPHA
116.281616,39.900400,109.0,1804,UAV-ALPHA
116.282020,39.900400,109.0,1805,UAV-ALPHA
116.282424,39.900400,109.0,1806,UAV-ALPHA
116.282828,39.900400,109.0,1807,UAV-ALPHA
116.283232,39.900400,109.0,1808,UAV-ALPHA
116.283636,39.900400,109.0,1809,UAV-ALPHA
116.284040,39.900400,109.0,1810,UAV-ALPHA
116.284444,39.900400,109.1,1811,UAV-ALPHA
116.284848,39.900400,109.1,1812,UAV-ALPHA
116.285253,39.900400,109.1,1813,UAV-ALPHA
116.285657,39.900400,109.1,1814,UAV-ALPHA
116.286061,39.900400,109.1,1815,UAV-ALPHA
116.286465,39.900400,109.1,1816,UAV-ALPHA
116.286869,39.900400,109.1,1817,UAV-ALPHA
116.287273,39.900400,109.1,1818,UAV-ALPHA
116.287677,39.900400,109.1,1819,UAV-ALPHA
116.288081,39.900400,109.1,1820,UAV-ALPHA
116.288485,39.900400,109.1,1821,UAV-ALPHA
116.288889,39.900400,109.1,1822,UAV-ALPHA
116.289293,39.900400,109.1,1823,UAV-ALPHA
116.289697,39.900400,109.1,1824,UAV-ALPHA
116.290101,39.900400,109.1,1825,UAV-ALPHA
116.290505,39.900400,109.1,1826,UAV-ALPHA
116.290909,39.900400,109.1,1827,UAV-ALPHA
116.291313,39.900400,109.1,1828,UAV-ALPHA
116.291717,39.900400,109.1,1829,UAV-ALPHA
116.292121,39.900400,109.1,1830,UAV-ALPHA
116.292525,39.900400,109.2,1831,UAV-ALPHA
116.292929,39.900400,109.2,1832,UAV-ALPHA
116.293333,39.900400,109.2,1833,UAV-ALPHA
116.293737,39.900400,109.2,1834,UAV-ALPHA
116.294141,39.900400,109.2,1835,UAV-ALPHA
116.294545,39.900400,109.2,1836,UAV-ALPHA
116.294949,39.900400,109.2,1837,UAV-ALPHA
116.295354,39.900400,109.2,1838,UAV-ALPHA
116.295758,39.900400,109.2,1839,UAV-ALPHA
116.296162,39.900400,109.2,1840,UAV-ALPHA
116.296566,39.900400,109.2,1841,UAV-ALPHA
116.296970,39.900400,109.2,1842,UAV-ALPHA
116.297374,39.900400,109.2,1843,UAV-ALPHA
116.297778,39.900400,109.2,1844,UAV-ALPHA
116.298182,39.900400,109.2,1845,UAV-ALPHA
116.298586,39.900400,109.2,1846,UAV-ALPHA
116.298990,39.900400,109.2,1847,UAV-ALPHA
116.299394,39.900400,109.2,1848,UAV-ALPHA
116.299798,39.900400,109.2,1849,UAV-ALPHA
116.300202,39.900400,109.2,1850,UAV-ALPHA
116.300606,39.900400,109.3,1851,UAV-ALPHA
116.301010,39.900400,109.3,1852,UAV-ALPHA
116.301414,39.900400,109.3,1853,UAV-ALPHA
116.301818,39.900400,109.3,1854,UAV-ALPHA
116.302222,39.900400,109.3,1855,UAV-ALPHA
116.302626,39.900400,109.3,1856,UAV-ALPHA
116.303030,39.900400,109.3,1857,UAV-ALPHA
116.303434,39.900400,109.3,1858,UAV-ALPHA
116.303838,39.900400,109.3,1859,UAV-ALPHA
116.304242,39.900400,109.3,1860,UAV-ALPHA
116.304646,39.900400,109.3,1861,UAV-ALPHA
116.305051,39.900400,109.3,1862,UAV-ALPHA
116.305455,39.900400,109.3,1863,UAV-ALPHA
116.305859,39.900400,109.3,1864,UAV-ALPHA
116.306263,39.900400,109.3,1865,UAV-ALPHA
116.306667,39.900400,109.3,1866,UAV-ALPHA
116.307071,39.900400,109.3,1867,UAV-ALPHA
116.307475,39.900400,109.3,1868,UAV-ALPHA
116.307879,39.900400,109.3,1869,UAV-ALPHA
116.308283,39.900400,109.3,1870,UAV-ALPHA
116.308687,39.900400,109.4,1871,UAV-ALPHA
116.309091,39.900400,109.4,1872,UAV-ALPHA
116.309495,39.900400,109.4,1873,UAV-ALPHA
116.309899,39.900400,109.4,1874,UAV-ALPHA
116.310303,39.900400,109.4,1875,UAV-ALPHA
116.310707,39.900400,109.4,1876,UAV-ALPHA
116.311111,39.900400,109.4,1877,UAV-ALPHA
116.311515,39.900400,109.4,1878,UAV-ALPHA
116.311919,39.900400,109.4,1879,UAV-ALPHA
116.312323,39.900400,109.4,1880,UAV-ALPHA
116.312727,39.900400,109.4,1881,UAV-ALPHA
116.313131,39.900400,109.4,1882,UAV-ALPHA
116.313535,39.900400,109.4,1883,UAV-ALPHA
116.313939,39.900400,109.4,1884,UAV-ALPHA
116.314343,39.900400,109.4,1885,UAV-ALPHA
116.314747,39.900400,109.4,1886,UAV-ALPHA
116.315152,39.900400,109.4,1887,UAV-ALPHA
116.315556,39.900400,109.4,1888,UAV-ALPHA
116.315960,39.900400,109.4,1889,UAV-ALPHA
116.316364,39.900400,109.4,1890,UAV-ALPHA
116.316768,39.900400,109.5,1891,UAV-ALPHA
116.317172,39.900400,109.5,1892,UAV-ALPHA
116.317576,39.900400,109.5,1893,UAV-ALPHA
116.317980,39.900400,109.5,1894,UAV-ALPHA
116.318384,39.900400,109.5,1895,UAV-ALPHA
116.318788,39.900400,109.5,1896,UAV-ALPHA
116.319192,39.900400,109.5,1897,UAV-ALPHA
116.319596,39.900400,109.5,1898,UAV-ALPHA
116.320000,39.900400,109.5,1899,UAV-ALPHA
116.320000,39.900700,109.5,1900,UAV-ALPHA
116.319596,39.900700,109.5,1901,UAV-ALPHA
116.319192,39.900700,109.5,1902,UAV-ALPHA
116.318788,39.900700,109.5,1903,UAV-ALPHA
116.318384,39.900700,109.5,1904,UAV-ALPHA
116.317980,39.900700,109.5,1905,UAV-ALPHA
116.317576,39.900700,109.5,1906,UAV-ALPHA
116.317172,39.900700,109.5,1907,UAV-ALPHA
116.316768,39.900700,109.5,1908,UAV-ALPHA
116.316364,39.900700,109.5,1909,UAV-ALPHA
116.315960,39.900700,109.5,1910,UAV-ALPHA
116.315556,39.900700,109.6,1911,UAV-ALPHA
116.315152,39.900700,109.6,1912,UAV-ALPHA
116.314747,39.900700,109.6,1913,UAV-ALPHA
116.314343,39.900700,109.6,1914,UAV-ALPHA
116.313939,39.900700,109.6,1915,UAV-ALPHA
116.313535,39.900700,109.6,1916,UAV-ALPHA
116.313131,39.900700,109.6,1917,UAV-ALPHA
116.312727,39.900700,109.6,1918,UAV-ALPHA
116.312323,39.900700,109.6,1919,UAV-ALPHA
116.311919,39.900700,109.6,1920,UAV-ALPHA
116.311515,39.900700,109.6,1921,UAV-ALPHA
116.311111,39.900700,109.6,1922,UAV-ALPHA
116.310707,39.900700,109.6,1923,UAV-ALPHA
116.310303,39.900700,109.6,1924,UAV-ALPHA
116.309899,39.900700,109.6,1925,UAV-ALPHA
116.309495,39.900700,109.6,1926,UAV-ALPHA
116.309091,39.900700,109.6,1927,UAV-ALPHA
116.308687,39.900700,109.6,1928,UAV-ALPHA
116.308283,39.900700,109.6,1929,UAV-ALPHA
116.307879,39.900700,109.6,1930,UAV-ALPHA
116.307475,39.900700,109.7,1931,UAV-ALPHA
116.307071,39.900700,109.7,1932,UAV-ALPHA
116.306667,39.900700,109.7,1933,UAV-ALPHA
116.306263,39.900700,109.7,1934,UAV-ALPHA
116.305859,39.900700,109.7,1935,UAV-ALPHA
116.305455,39.900700,109.7,1936,UAV-ALPHA
116.305051,39.900700,109.7,1937,UAV-ALPHA
116.304646,39.900700,109.7,1938,UAV-ALPHA
116.304242,39.900700,109.7,1939,UAV-ALPHA
116.303838,39.900700,109.7,1940,UAV-ALPHA
116.303434,39.900700,109.7,1941,UAV-ALPHA
116.303030,39.900700,109.7,1942,UAV-ALPHA
116.302626,39.900700,109.7,1943,UAV-ALPHA
116.302222,39.900700,109.7,1944,UAV-ALPHA
116.301818,39.900700,109.7,1945,UAV-ALPHA
116.301414,39.900700,109.7,1946,UAV-ALPHA
116.301010,39.900700,109.7,1947,UAV-ALPHA
116.300606,39.900700,109.7,1948,UAV-ALPHA
116.300202,39.900700,109.7,1949,UAV-ALPHA
116.299798,39.900700,109.7,1950,UAV-ALPHA
116.299394,39.900700,109.8,1951,UAV-ALPHA
116.298990,39.900700,109.8,1952,UAV-ALPHA
116.298586,39.900700,109.8,1953,UAV-ALPHA
116.298182,39.900700,109.8,1954,UAV-ALPHA
116.297778,39.900700,109.8,1955,UAV-ALPHA
116.297374,39.900700,109.8,1956,UAV-ALPHA
116.296970,39.900700,109.8,1957,UAV-ALPHA
116.296566,39.900700,109.8,1958,UAV-ALPHA
116.296162,39.900700,109.8,1959,UAV-ALPHA
116.295758,39.900700,109.8,1960,UAV-ALPHA
116.295354,39.900700,109.8,1961,UAV-ALPHA
116.294949,39.900700,109.8,1962,UAV-ALPHA
116.294545,39.900700,109.8,1963,UAV-ALPHA
116.294141,39.900700,109.8,1964,UAV-ALPHA
116.293737,39.900700,109.8,1965,UAV-ALPHA
116.293333,39.900700,109.8,1966,UAV-ALPHA
116.292929,39.900700,109.8,1967,UAV-ALPHA
116.292525,39.900700,109.8,1968,UAV-ALPHA
116.292121,39.900700,109.8,1969,UAV-ALPHA
116.291717,39.900700,109.8,1970,UAV-ALPHA
116.291313,39.900700,109.9,1971,UAV-ALPHA
116.290909,39.900700,109.9,1972,UAV-ALPHA
116.290505,39.900700,109.9,1973,UAV-ALPHA
116.290101,39.900700,109.9,1974,UAV-ALPHA
116.289697,39.900700,109.9,1975,UAV-ALPHA
116.289293,39.900700,109.9,1976,UAV-ALPHA
116.288889,39.900700,109.9,1977,UAV-ALPHA
116.288485,39.900700,109.9,1978,UAV-ALPHA
116.288081,39.900700,109.9,1979,UAV-ALPHA
116.287677,39.900700,109.9,1980,UAV-ALPHA
116.287273,39.900700,109.9,1981,UAV-ALPHA
116.286869,39.900700,109.9,1982,UAV-ALPHA
116.286465,39.900700,109.9,1983,UAV-ALPHA
116.286061,39.900700,109.9,1984,UAV-ALPHA
116.285657,39.900700,109.9,1985,UAV-ALPHA
116.285253,39.900700,109.9,1986,UAV-ALPHA
116.284848,39.900700,109.9,1987,UAV-ALPHA
116.284444,39.900700,109.9,1988,UAV-ALPHA
116.284040,39.900700,109.9,1989,UAV-ALPHA
116.283636,39.900700,109.9,1990,UAV-ALPHA
116.283232,39.900700,110.0,1991,UAV-ALPHA
116.282828,39.900700,110.0,1992,UAV-ALPHA
116.282424,39.900700,110.0,1993,UAV-ALPHA
116.282020,39.900700,110.0,1994,UAV-ALPHA
116.281616,39.900700,110.0,1995,UAV-ALPHA
116.281212,39.900700,110.0,1996,UAV-ALPHA
116.280808,39.900700,110.0,1997,UAV-ALPHA
116.280404,39.900700,110.0,1998,UAV-ALPHA
116.280000,39.900700,110.0,1999,UAV-ALPHA
116.280000,39.901000,110.0,2000,UAV-ALPHA
116.280404,39.901000,110.0,2001,UAV-ALPHA
116.280808,39.901000,110.0,2002,UAV-ALPHA
116.281212,39.901000,110.0,2003,UAV-ALPHA
116.281616,39.901000,110.0,2004,UAV-ALPHA
116.282020,39.901000,110.0,2005,UAV-ALPHA
116.282424,39.901000,110.0,2006,UAV-ALPHA
116.282828,39.901000,110.0,2007,UAV-ALPHA
116.283232,39.901000,110.0,2008,UAV-ALPHA
116.283636,39.901000,110.0,2009,UAV-ALPHA
116.284040,39.901000,110.0,2010,UAV-ALPHA
116.284444,39.901000,110.1,2011,UAV-ALPHA
116.284848,39.901000,110.1,2012,UAV-ALPHA
116.285253,39.901000,110.1,2013,UAV-ALPHA
116.285657,39.901000,110.1,2014,UAV-ALPHA
116.286061,39.901000,110.1,2015,UAV-ALPHA
116.286465,39.901000,110.1,2016,UAV-ALPHA
116.286869,39.901000,110.1,2017,UAV-ALPHA
116.287273,39.901000,110.1,2018,UAV-ALPHA
116.287677,39.901000,110.1,2019,UAV-ALPHA
116.288081,39.901000,110.1,2020,UAV-ALPHA
116.288485,39.901000,110.1,2021,UAV-ALPHA
116.288889,39.901000,110.1,2022,UAV-ALPHA
116.289293,39.901000,110.1,2023,UAV-ALPHA
116.289697,39.901000,110.1,2024,UAV-ALPHA
116.290101,39.901000,110.1,2025,UAV-ALPHA
116.290505,39.901000,110.1,2026,UAV-ALPHA
116.290909,39.901000,110.1,2027,UAV-ALPHA
116.291313,39.901000,110.1,2028,UAV-ALPHA
116.291717,39.901000,110.1,2029,UAV-ALPHA
116.292121,39.901000,110.1,2030,UAV-ALPHA
116.292525,39.901000,110.2,2031,UAV-ALPHA
116.292929,39.901000,110.2,2032,UAV-ALPHA
116.293333,39.901000,110.2,2033,UAV-ALPHA
116.293737,39.901000,110.2,2034,UAV-ALPHA
116.294141,39.901000,110.2,2035,UAV-ALPHA
116.294545,39.901000,110.2,2036,UAV-ALPHA
116.294949,39.901000,110.2,2037,UAV-ALPHA
116.295354,39.901000,110.2,2038,UAV-ALPHA
116.295758,39.901000,110.2,2039,UAV-ALPHA
116.296162,39.901000,110.2,2040,UAV-ALPHA
116.296566,39.901000,110.2,2041,UAV-ALPHA
116.296970,39.901000,110.2,2042,UAV-ALPHA
116.297374,39.901000,110.2,2043,UAV-ALPHA
116.297778,39.901000,110.2,2044,UAV-ALPHA
116.298182,39.901000,110.2,2045,UAV-ALPHA
116.298586,39.901000,110.2,2046,UAV-ALPHA
116.298990,39.901000,110.2,2047,UAV-ALPHA
116.299394,39.901000,110.2,2048,UAV-ALPHA
116.299798,39.901000,110.2,2049,UAV-ALPHA
116.300202,39.901000,110.2,2050,UAV-ALPHA
116.300606,39.901000,110.3,2051,UAV-ALPHA
116.301010,39.901000,110.3,2052,UAV-ALPHA
116.301414,39.901000,110.3,2053,UAV-ALPHA
116.301818,39.901000,110.3,2054,UAV-ALPHA
116.302222,39.901000,110.3,2055,UAV-ALPHA
116.302626,39.901000,110.3,2056,UAV-ALPHA
116.303030,39.901000,110.3,2057,UAV-ALPHA
116.303434,39.901000,110.3,2058,UAV-ALPHA
116.303838,39.901000,110.3,2059,UAV-ALPHA
116.304242,39.901000,110.3,2060,UAV-ALPHA
116.304646,39.901000,110.3,2061,UAV-ALPHA
116.305051,39.901000,110.3,2062,UAV-ALPHA
116.305455,39.901000,110.3,2063,UAV-ALPHA
116.305859,39.901000,110.3,2064,UAV-ALPHA
116.306263,39.901000,110.3,2065,UAV-ALPHA
116.306667,39.901000,110.3,2066,UAV-ALPHA
116.307071,39.901000,110.3,2067,UAV-ALPHA
116.307475,39.901000,110.3,2068,UAV-ALPHA
116.307879,39.901000,110.3,2069,UAV-ALPHA
116.308283,39.901000,110.3,2070,UAV-ALPHA
116.308687,39.901000,110.4,2071,UAV-ALPHA
116.309091,39.901000,110.4,2072,UAV-ALPHA
116.309495,39.901000,110.4,2073,UAV-ALPHA
116.309899,39.901000,110.4,2074,UAV-ALPHA
116.310303,39.901000,110.4,2075,UAV-ALPHA
116.310707,39.901000,110.4,2076,UAV-ALPHA
116.311111,39.901000,110.4,2077,UAV-ALPHA
116.311515,39.901000,110.4,2078,UAV-ALPHA
116.311919,39.901000,110.4,2079,UAV-ALPHA
116.312323,39.901000,110.4,2080,UAV-ALPHA
116.312727,39.901000,110.4,2081,UAV-ALPHA
116.313131,39.901000,110.4,2082,UAV-ALPHA
116.313535,39.901000,110.4,2083,UAV-ALPHA
116.313939,39.901000,110.4,2084,UAV-ALPHA
116.314343,39.901000,110.4,2085,UAV-ALPHA
116.314747,39.901000,110.4,2086,UAV-ALPHA
116.315152,39.901000,110.4,2087,UAV-ALPHA
116.315556,39.901000,110.4,2088,UAV-ALPHA
116.315960,39.901000,110.4,2089,UAV-ALPHA
116.316364,39.901000,110.4,2090,UAV-ALPHA
116.316768,39.901000,110.5,2091,UAV-ALPHA
116.317172,39.901000,110.5,2092,UAV-ALPHA
116.317576,39.901000,110.5,2093,UAV-ALPHA
116.317980,39.901000,110.5,2094,UAV-ALPHA
116.318384,39.901000,110.5,2095,UAV-ALPHA
116.318788,39.901000,110.5,2096,UAV-ALPHA
116.319192,39.901000,110.5,2097,UAV-ALPHA
116.319596,39.901000,110.5,2098,UAV-ALPHA
116.320000,39.901000,110.5,2099,UAV-ALPHA
116.320000,39.901300,110.5,2100,UAV-ALPHA
116.319596,39.901300,110.5,2101,UAV-ALPHA
116.319192,39.901300,110.5,2102,UAV-ALPHA
116.318788,39.901300,110.5,2103,UAV-ALPHA
116.318384,39.901300,110.5,2104,UAV-ALPHA
116.317980,39.901300,110.5,2105,UAV-ALPHA
116.317576,39.901300,110.5,2106,UAV-ALPHA
116.317172,39.901300,110.5,2107,UAV-ALPHA
116.316768,39.901300,110.5,2108,UAV-ALPHA
116.316364,39.901300,110.5,2109,UAV-ALPHA
116.315960,39.901300,110.5,2110,UAV-ALPHA
116.315556,39.901300,110.6,2111,UAV-ALPHA
116.315152,39.901300,110.6,2112,UAV-ALPHA
116.314747,39.901300,110.6,2113,UAV-ALPHA
116.314343,39.901300,110.6,2114,UAV-ALPHA
116.313939,39.901300,110.6,2115,UAV-ALPHA
116.313535,39.901300,110.6,2116,UAV-ALPHA
116.313131,39.901300,110.6,2117,UAV-ALPHA
116.312727,39.901300,110.6,2118,UAV-ALPHA
116.312323,39.901300,110.6,2119,UAV-ALPHA
116.311919,39.901300,110.6,2120,UAV-ALPHA
116.311515,39.901300,110.6,2121,UAV-ALPHA
116.311111,39.901300,110.6,2122,UAV-ALPHA
116.310707,39.901300,110.6,2123,UAV-ALPHA
116.310303,39.901300,110.6,2124,UAV-ALPHA
116.309899,39.901300,110.6,2125,UAV-ALPHA
116.309495,39.901300,110.6,2126,UAV-ALPHA
116.309091,39.901300,110.6,2127,UAV-ALPHA
116.308687,39.901300,110.6,2128,UAV-ALPHA
116.308283,39.901300,110.6,2129,UAV-ALPHA
116.307879,39.901300,110.6,2130,UAV-ALPHA
116.307475,39.901300,110.7,2131,UAV-ALPHA
116.307071,39.901300,110.7,2132,UAV-ALPHA
116.306667,39.901300,110.7,2133,UAV-ALPHA
116.306263,39.901300,110.7,2134,UAV-ALPHA
116.305859,39.901300,110.7,2135,UAV-ALPHA
116.305455,39.901300,110.7,2136,UAV-ALPHA
116.305051,39.901300,110.7,2137,UAV-ALPHA
116.304646,39.901300,110.7,2138,UAV-ALPHA
116.304242,39.901300,110.7,2139,UAV-ALPHA
116.303838,39.901300,110.7,2140,UAV-ALPHA
116.303434,39.901300,110.7,2141,UAV-ALPHA
116.303030,39.901300,110.7,2142,UAV-ALPHA
116.302626,39.901300,110.7,2143,UAV-ALPHA
116.302222,39.901300,110.7,2144,UAV-ALPHA
116.301818,39.901300,110.7,2145,UAV-ALPHA
116.301414,39.901300,110.7,2146,UAV-ALPHA
116.301010,39.901300,110.7,2147,UAV-ALPHA
116.300606,39.901300,110.7,2148,UAV-ALPHA
116.300202,39.901300,110.7,2149,UAV-ALPHA
116.299798,39.901300,110.7,2150,UAV-ALPHA
116.299394,39.901300,110.8,2151,UAV-ALPHA
116.298990,39.901300,110.8,2152,UAV-ALPHA
116.298586,39.901300,110.8,2153,UAV-ALPHA
116.298182,39.901300,110.8,2154,UAV-ALPHA
116.297778,39.901300,110.8,2155,UAV-ALPHA
116.297374,39.901300,110.8,2156,UAV-ALPHA
116.296970,39.901300,110.8,2157,UAV-ALPHA
116.296566,39.901300,110.8,2158,UAV-ALPHA
116.296162,39.901300,110.8,2159,UAV-ALPHA
116.295758,39.901300,110.8,2160,UAV-ALPHA
116.295354,39.901300,110.8,2161,UAV-ALPHA
116.294949,39.901300,110.8,2162,UAV-ALPHA
116.294545,39.901300,110.8,2163,UAV-ALPHA
116.294141,39.901300,110.8,2164,UAV-ALPHA
116.293737,39.901300,110.8,2165,UAV-ALPHA
116.293333,39.901300,110.8,2166,UAV-ALPHA
116.292929,39.901300,110.8,2167,UAV-ALPHA
116.292525,39.901300,110.8,2168,UAV-ALPHA
116.292121,39.901300,110.8,2169,UAV-ALPHA
116.291717,39.901300,110.8,2170,UAV-ALPHA
116.291313,39.901300,110.9,2171,UAV-ALPHA
116.290909,39.901300,110.9,2172,UAV-ALPHA
116.290505,39.901300,110.9,2173,UAV-ALPHA
116.290101,39.901300,110.9,2174,UAV-ALPHA
116.289697,39.901300,110.9,2175,UAV-ALPHA
116.289293,39.901300,110.9,2176,UAV-ALPHA
116.288889,39.901300,110.9,2177,UAV-ALPHA
116.288485,39.901300,110.9,2178,UAV-ALPHA
116.288081,39.901300,110.9,2179,UAV-ALPHA
116.287677,39.901300,110.9,2180,UAV-ALPHA
116.287273,39.901300,110.9,2181,UAV-ALPHA
116.286869,39.901300,110.9,2182,UAV-ALPHA
116.286465,39.901300,110.9,2183,UAV-ALPHA
116.286061,39.901300,110.9,2184,UAV-ALPHA
116.285657,39.901300,110.9,2185,UAV-ALPHA
116.285253,39.901300,110.9,2186,UAV-ALPHA
116.284848,39.901300,110.9,2187,UAV-ALPHA
116.284444,39.901300,110.9,2188,UAV-ALPHA
116.284040,39.901300,110.9,2189,UAV-ALPHA
116.283636,39.901300,110.9,2190,UAV-ALPHA
116.283232,39.901300,111.0,2191,UAV-ALPHA
116.282828,39.901300,111.0,2192,UAV-ALPHA
116.282424,39.901300,111.0,2193,UAV-ALPHA
116.282020,39.901300,111.0,2194,UAV-ALPHA
116.281616,39.901300,111.0,2195,UAV-ALPHA
116.281212,39.901300,111.0,2196,UAV-ALPHA
116.280808,39.901300,111.0,2197,UAV-ALPHA
116.280404,39.901300,111.0,2198,UAV-ALPHA
116.280000,39.901300,111.0,2199,UAV-ALPHA
116.280000,39.901600,111.0,2200,UAV-ALPHA
116.280404,39.901600,111.0,2201,UAV-ALPHA
116.280808,39.901600,111.0,2202,UAV-ALPHA
116.281212,39.901600,111.0,2203,UAV-ALPHA
116.281616,39.901600,111.0,2204,UAV-ALPHA
116.282020,39.901600,111.0,2205,UAV-ALPHA
116.282424,39.901600,111.0,2206,UAV-ALPHA
116.282828,39.901600,111.0,2207,UAV-ALPHA
116.283232,39.901600,111.0,2208,UAV-ALPHA
116.283636,39.901600,111.0,2209,UAV-ALPHA
116.284040,39.901600,111.0,2210,UAV-ALPHA
116.284444,39.901600,111.1,2211,UAV-ALPHA
116.284848,39.901600,111.1,2212,UAV-ALPHA
116.285253,39.901600,111.1,2213,UAV-ALPHA
116.285657,39.901600,111.1,2214,UAV-ALPHA
116.286061,39.901600,111.1,2215,UAV-ALPHA
116.286465,39.901600,111.1,2216,UAV-ALPHA
116.286869,39.901600,111.1,2217,UAV-ALPHA
116.287273,39.901600,111.1,2218,UAV-ALPHA
116.287677,39.901600,111.1,2219,UAV-ALPHA
116.288081,39.901600,111.1,2220,UAV-ALPHA
116.288485,39.901600,111.1,2221,UAV-ALPHA
116.288889,39.901600,111.1,2222,UAV-ALPHA
116.289293,39.901600,111.1,2223,UAV-ALPHA
116.289697,39.901600,111.1,2224,UAV-ALPHA
116.290101,39.901600,111.1,2225,UAV-ALPHA
116.290505,39.901600,111.1,2226,UAV-ALPHA
116.290909,39.901600,111.1,2227,UAV-ALPHA
116.291313,39.901600,111.1,2228,UAV-ALPHA
116.291717,39.901600,111.1,2229,UAV-ALPHA
116.292121,39.901600,111.1,2230,UAV-ALPHA
116.292525,39.901600,111.2,2231,UAV-ALPHA
116.292929,39.901600,111.2,2232,UAV-ALPHA
116.293333,39.901600,111.2,2233,UAV-ALPHA
116.293737,39.901600,111.2,2234,UAV-ALPHA
116.294141,39.901600,111.2,2235,UAV-ALPHA
116.294545,39.901600,111.2,2236,UAV-ALPHA
116.294949,39.901600,111.2,2237,UAV-ALPHA
116.295354,39.901600,111.2,2238,UAV-ALPHA
116.295758,39.901600,111.2,2239,UAV-ALPHA
116.296162,39.901600,111.2,2240,UAV-ALPHA
116.296566,39.901600,111.2,2241,UAV-ALPHA
116.296970,39.901600,111.2,2242,UAV-ALPHA
116.297374,39.901600,111.2,2243,UAV-ALPHA
116.297778,39.901600,111.2,2244,UAV-ALPHA
116.298182,39.901600,111.2,2245,UAV-ALPHA
116.298586,39.901600,111.2,2246,UAV-ALPHA
116.298990,39.901600,111.2,2247,UAV-ALPHA
116.299394,39.901600,111.2,2248,UAV-ALPHA
116.299798,39.901600,111.2,2249,UAV-ALPHA
116.300202,39.901600,111.2,2250,UAV-ALPHA
116.300606,39.901600,111.3,2251,UAV-ALPHA
116.301010,39.901600,111.3,2252,UAV-ALPHA
116.301414,39.901600,111.3,2253,UAV-ALPHA
116.301818,39.901600,111.3,2254,UAV-ALPHA
116.302222,39.901600,111.3,2255,UAV-ALPHA
116.302626,39.901600,111.3,2256,UAV-ALPHA
116.303030,39.901600,111.3,2257,UAV-ALPHA
116.303434,39.901600,111.3,2258,UAV-ALPHA
116.303838,39.901600,111.3,2259,UAV-ALPHA
116.304242,39.901600,111.3,2260,UAV-ALPHA
116.304646,39.901600,111.3,2261,UAV-ALPHA
116.305051,39.901600,111.3,2262,UAV-ALPHA
116.305455,39.901600,111.3,2263,UAV-ALPHA
116.305859,39.901600,111.3,2264,UAV-ALPHA
116.306263,39.901600,111.3,2265,UAV-ALPHA
116.306667,39.901600,111.3,2266,UAV-ALPHA
116.307071,39.901600,111.3,2267,UAV-ALPHA
116.307475,39.901600,111.3,2268,UAV-ALPHA
116.307879,39.901600,111.3,2269,UAV-ALPHA
116.308283,39.901600,111.3,2270,UAV-ALPHA
116.308687,39.901600,111.4,2271,UAV-ALPHA
116.309091,39.901600,111.4,2272,UAV-ALPHA
116.309495,39.901600,111.4,2273,UAV-ALPHA
116.309899,39.901600,111.4,2274,UAV-ALPHA
116.310303,39.901600,111.4,2275,UAV-ALPHA
116.310707,39.901600,111.4,2276,UAV-ALPHA
116.311111,39.901600,111.4,2277,UAV-ALPHA
116.311515,39.901600,111.4,2278,UAV-ALPHA
116.311919,39.901600,111.4,2279,UAV-ALPHA
116.312323,39.901600,111.4,2280,UAV-ALPHA
116.312727,39.901600,111.4,2281,UAV-ALPHA
116.313131,39.901600,111.4,2282,UAV-ALPHA
116.313535,39.901600,111.4,2283,UAV-ALPHA
116.313939,39.901600,111.4,2284,UAV-ALPHA
116.314343,39.901600,111.4,2285,UAV-ALPHA
116.314747,39.901600,111.4,2286,UAV-ALPHA
116.315152,39.901600,111.4,2287,UAV-ALPHA
116.315556,39.901600,111.4,2288,UAV-ALPHA
116.315960,39.901600,111.4,2289,UAV-ALPHA
116.316364,39.901600,111.4,2290,UAV-ALPHA
116.316768,39.901600,111.5,2291,UAV-ALPHA
116.317172,39.901600,111.5,2292,UAV-ALPHA
116.317576,39.901600,111.5,2293,UAV-ALPHA
116.317980,39.901600,111.5,2294,UAV-ALPHA
116.318384,39.901600,111.5,2295,UAV-ALPHA
116.318788,39.901600,111.5,2296,UAV-ALPHA
116.319192,39.901600,111.5,2297,UAV-ALPHA
116.319596,39.901600,111.5,2298,UAV-ALPHA
116.320000,39.901600,111.5,2299,UAV-ALPHA
116.320000,39.901900,111.5,2300,UAV-ALPHA
116.319596,39.901900,111.5,2301,UAV-ALPHA
116.319192,39.901900,111.5,2302,UAV-ALPHA
116.318788,39.901900,111.5,2303,UAV-ALPHA
116.318384,39.901900,111.5,2304,UAV-ALPHA
116.317980,39.901900,111.5,2305,UAV-ALPHA
116.317576,39.901900,111.5,2306,UAV-ALPHA
116.317172,39.901900,111.5,2307,UAV-ALPHA
116.316768,39.901900,111.5,2308,UAV-ALPHA
116.316364,39.901900,111.5,2309,UAV-ALPHA
116.315960,39.901900,111.5,2310,UAV-ALPHA
116.315556,39.901900,111.6,2311,UAV-ALPHA
116.315152,39.901900,111.6,2312,UAV-ALPHA
116.314747,39.901900,111.6,2313,UAV-ALPHA
116.314343,39.901900,111.6,2314,UAV-ALPHA
116.313939,39.901900,111.6,2315,UAV-ALPHA
116.313535,39.901900,111.6,2316,UAV-ALPHA
116.313131,39.901900,111.6,2317,UAV-ALPHA
116.312727,39.901900,111.6,2318,UAV-ALPHA
116.312323,39.901900,111.6,2319,UAV-ALPHA
116.311919,39.901900,111.6,2320,UAV-ALPHA
116.311515,39.901900,111.6,2321,UAV-ALPHA
116.311111,39.901900,111.6,2322,UAV-ALPHA
116.310707,39.901900,111.6,2323,UAV-ALPHA
116.310303,39.901900,111.6,2324,UAV-ALPHA
116.309899,39.901900,111.6,2325,UAV-ALPHA
116.309495,39.901900,111.6,2326,UAV-ALPHA
116.309091,39.901900,111.6,2327,UAV-ALPHA
116.308687,39.901900,111.6,2328,UAV-ALPHA
116.308283,39.901900,111.6,2329,UAV-ALPHA
116.307879,39.901900,111.6,2330,UAV-ALPHA
116.307475,39.901900,111.7,2331,UAV-ALPHA
116.307071,39.901900,111.7,2332,UAV-ALPHA
116.306667,39.901900,111.7,2333,UAV-ALPHA
116.306263,39.901900,111.7,2334,UAV-ALPHA
116.305859,39.901900,111.7,2335,UAV-ALPHA
116.305455,39.901900,111.7,2336,UAV-ALPHA
116.305051,39.901900,111.7,2337,UAV-ALPHA
116.304646,39.901900,111.7,2338,UAV-ALPHA
116.304242,39.901900,111.7,2339,UAV-ALPHA
116.303838,39.901900,111.7,2340,UAV-ALPHA
116.303434,39.901900,111.7,2341,UAV-ALPHA
116.303030,39.901900,111.7,2342,UAV-ALPHA
116.302626,39.901900,111.7,2343,UAV-ALPHA
116.302222,39.901900,111.7,2344,UAV-ALPHA
116.301818,39.901900,111.7,2345,UAV-ALPHA
116.301414,39.901900,111.7,2346,UAV-ALPHA
116.301010,39.901900,111.7,2347,UAV-ALPHA
116.300606,39.901900,111.7,2348,UAV-ALPHA
116.300202,39.901900,111.7,2349,UAV-ALPHA
116.299798,39.901900,111.7,2350,UAV-ALPHA
116.299394,39.901900,111.8,2351,UAV-ALPHA
116.298990,39.901900,111.8,2352,UAV-ALPHA
116.298586,39.901900,111.8,2353,UAV-ALPHA
116.298182,39.901900,111.8,2354,UAV-ALPHA
116.297778,39.901900,111.8,2355,UAV-ALPHA
116.297374,39.901900,111.8,2356,UAV-ALPHA
116.296970,39.901900,111.8,2357,UAV-ALPHA
116.296566,39.901900,111.8,2358,UAV-ALPHA
116.296162,39.901900,111.8,2359,UAV-ALPHA
116.295758,39.901900,111.8,2360,UAV-ALPHA
116.295354,39.901900,111.8,2361,UAV-ALPHA
116.294949,39.901900,111.8,2362,UAV-ALPHA
116.294545,39.901900,111.8,2363,UAV-ALPHA
116.294141,39.901900,111.8,2364,UAV-ALPHA
116.293737,39.901900,111.8,2365,UAV-ALPHA
116.293333,39.901900,111.8,2366,UAV-ALPHA
116.292929,39.901900,111.8,2367,UAV-ALPHA
116.292525,39.901900,111.8,2368,UAV-ALPHA
116.292121,39.901900,111.8,2369,UAV-ALPHA
116.291717,39.901900,111.8,2370,UAV-ALPHA
116.291313,39.901900,111.9,2371,UAV-ALPHA
116.290909,39.901900,111.9,2372,UAV-ALPHA
116.290505,39.901900,111.9,2373,UAV-ALPHA
116.290101,39.901900,111.9,2374,UAV-ALPHA
116.289697,39.901900,111.9,2375,UAV-ALPHA
116.289293,39.901900,111.9,2376,UAV-ALPHA
116.288889,39.901900,111.9,2377,UAV-ALPHA
116.288485,39.901900,111.9,2378,UAV-ALPHA
116.288081,39.901900,111.9,2379,UAV-ALPHA
116.287677,39.901900,111.9,2380,UAV-ALPHA
116.287273,39.901900,111.9,2381,UAV-ALPHA
116.286869,39.901900,111.9,2382,UAV-ALPHA
116.286465,39.901900,111.9,2383,UAV-ALPHA
116.286061,39.901900,111.9,2384,UAV-ALPHA
116.285657,39.901900,111.9,2385,UAV-ALPHA
116.285253,39.901900,111.9,2386,UAV-ALPHA
116.284848,39.901900,111.9,2387,UAV-ALPHA
116.284444,39.901900,111.9,2388,UAV-ALPHA
116.284040,39.901900,111.9,2389,UAV-ALPHA
116.283636,39.901900,111.9,2390,UAV-ALPHA
116.283232,39.901900,112.0,2391,UAV-ALPHA
116.282828,39.901900,112.0,2392,UAV-ALPHA
116.282424,39.901900,112.0,2393,UAV-ALPHA
116.282020,39.901900,112.0,2394,UAV-ALPHA
116.281616,39.901900,112.0,2395,UAV-ALPHA
116.281212,39.901900,112.0,2396,UAV-ALPHA
116.280808,39.901900,112.0,2397,UAV-ALPHA
116.280404,39.901900,112.0,2398,UAV-ALPHA
116.280000,39.901900,112.0,2399,UAV-ALPHA
116.280000,39.902200,112.0,2400,UAV-ALPHA
116.280404,39.902200,112.0,2401,UAV-ALPHA
116.280808,39.902200,112.0,2402,UAV-ALPHA
116.281212,39.902200,112.0,2403,UAV-ALPHA
116.281616,39.902200,112.0,2404,UAV-ALPHA
116.282020,39.902200,112.0,2405,UAV-ALPHA
116.282424,39.902200,112.0,2406,UAV-ALPHA
116.282828,39.902200,112.0,2407,UAV-ALPHA
116.283232,39.902200,112.0,2408,UAV-ALPHA
116.283636,39.902200,112.0,2409,UAV-ALPHA
116.284040,39.902200,112.0,2410,UAV-ALPHA
116.284444,39.902200,112.1,2411,UAV-ALPHA
116.284848,39.902200,112.1,2412,UAV-ALPHA
116.285253,39.902200,112.1,2413,UAV-ALPHA
116.285657,39.902200,112.1,2414,UAV-ALPHA
116.286061,39.902200,112.1,2415,UAV-ALPHA
116.286465,39.902200,112.1,2416,UAV-ALPHA
116.286869,39.902200,112.1,2417,UAV-ALPHA
116.287273,39.902200,112.1,2418,UAV-ALPHA
116.287677,39.902200,112.1,2419,UAV-ALPHA
116.288081,39.902200,112.1,2420,UAV-ALPHA
116.288485,39.902200,112.1,2421,UAV-ALPHA
116.288889,39.902200,112.1,2422,UAV-ALPHA
116.289293,39.902200,112.1,2423,UAV-ALPHA
116.289697,39.902200,112.1,2424,UAV-ALPHA
116.290101,39.902200,112.1,2425,UAV-ALPHA
116.290505,39.902200,112.1,2426,UAV-ALPHA
116.290909,39.902200,112.1,2427,UAV-ALPHA
116.291313,39.902200,112.1,2428,UAV-ALPHA
116.291717,39.902200,112.1,2429,UAV-ALPHA
116.292121,39.902200,112.1,2430,UAV-ALPHA
116.292525,39.902200,112.2,2431,UAV-ALPHA
116.292929,39.902200,112.2,2432,UAV-ALPHA
116.293333,39.902200,112.2,2433,UAV-ALPHA
116.293737,39.902200,112.2,2434,UAV-ALPHA
116.294141,39.902200,112.2,2435,UAV-ALPHA
116.294545,39.902200,112.2,2436,UAV-ALPHA
116.294949,39.902200,112.2,2437,UAV-ALPHA
116.295354,39.902200,112.2,2438,UAV-ALPHA
116.295758,39.902200,112.2,2439,UAV-ALPHA
116.296162,39.902200,112.2,2440,UAV-ALPHA
116.296566,39.902200,112.2,2441,UAV-ALPHA
116.296970,39.902200,112.2,2442,UAV-ALPHA
116.297374,39.902200,112.2,2443,UAV-ALPHA
116.297778,39.902200,112.2,2444,UAV-ALPHA
116.298182,39.902200,112.2,2445,UAV-ALPHA
116.298586,39.902200,112.2,2446,UAV-ALPHA
116.298990,39.902200,112.2,2447,UAV-ALPHA
116.299394,39.902200,112.2,2448,UAV-ALPHA
116.299798,39.902200,112.2,2449,UAV-ALPHA
116.300202,39.902200,112.2,2450,UAV-ALPHA
116.300606,39.902200,112.3,2451,UAV-ALPHA
116.301010,39.902200,112.3,2452,UAV-ALPHA
116.301414,39.902200,112.3,2453,UAV-ALPHA
116.301818,39.902200,112.3,2454,UAV-ALPHA
116.302222,39.902200,112.3,2455,UAV-ALPHA
116.302626,39.902200,112.3,2456,UAV-ALPHA
116.303030,39.902200,112.3,2457,UAV-ALPHA
116.303434,39.902200,112.3,2458,UAV-ALPHA
116.303838,39.902200,112.3,2459,UAV-ALPHA
116.304242,39.902200,112.3,2460,UAV-ALPHA
116.304646,39.902200,112.3,2461,UAV-ALPHA
116.305051,39.902200,112.3,2462,UAV-ALPHA
116.305455,39.902200,112.3,2463,UAV-ALPHA
116.305859,39.902200,112.3,2464,UAV-ALPHA
116.306263,39.902200,112.3,2465,UAV-ALPHA
116.306667,39.902200,112.3,2466,UAV-ALPHA
116.307071,39.902200,112.3,2467,UAV-ALPHA
116.307475,39.902200,112.3,2468,UAV-ALPHA
116.307879,39.902200,112.3,2469,UAV-ALPHA
116.308283,39.902200,112.3,2470,UAV-ALPHA
116.308687,39.902200,112.4,2471,UAV-ALPHA
116.309091,39.902200,112.4,2472,UAV-ALPHA
116.309495,39.902200,112.4,2473,UAV-ALPHA
116.309899,39.902200,112.4,2474,UAV-ALPHA
116.310303,39.902200,112.4,2475,UAV-ALPHA
116.310707,39.902200,112.4,2476,UAV-ALPHA
116.311111,39.902200,112.4,2477,UAV-ALPHA
116.311515,39.902200,112.4,2478,UAV-ALPHA
116.311919,39.902200,112.4,2479,UAV-ALPHA
116.312323,39.902200,112.4,2480,UAV-ALPHA
116.312727,39.902200,112.4,2481,UAV-ALPHA
116.313131,39.902200,112.4,2482,UAV-ALPHA
116.313535,39.902200,112.4,2483,UAV-ALPHA
116.313939,39.902200,112.4,2484,UAV-ALPHA
116.314343,39.902200,112.4,2485,UAV-ALPHA
116.314747,39.902200,112.4,2486,UAV-ALPHA
116.315152,39.902200,112.4,2487,UAV-ALPHA
116.315556,39.902200,112.4,2488,UAV-ALPHA
116.315960,39.902200,112.4,2489,UAV-ALPHA
116.316364,39.902200,112.4,2490,UAV-ALPHA
116.316768,39.902200,112.5,2491,UAV-ALPHA
116.317172,39.902200,112.5,2492,UAV-ALPHA
116.317576,39.902200,112.5,2493,UAV-ALPHA
116.317980,39.902200,112.5,2494,UAV-ALPHA
116.318384,39.902200,112.5,2495,UAV-ALPHA
116.318788,39.902200,112.5,2496,UAV-ALPHA
116.319192,39.902200,112.5,2497,UAV-ALPHA
116.319596,39.902200,112.5,2498,UAV-ALPHA
116.320000,39.902200,112.5,2499,UAV-ALPHA
116.320000,39.902500,112.5,2500,UAV-ALPHA
116.319596,39.902500,112.5,2501,UAV-ALPHA
116.319192,39.902500,112.5,2502,UAV-ALPHA
116.318788,39.902500,112.5,2503,UAV-ALPHA
116.318384,39.902500,112.5,2504,UAV-ALPHA
116.317980,39.902500,112.5,2505,UAV-ALPHA
116.317576,39.902500,112.5,2506,UAV-ALPHA
116.317172,39.902500,112.5,2507,UAV-ALPHA
116.316768,39.902500,112.5,2508,UAV-ALPHA
116.316364,39.902500,112.5,2509,UAV-ALPHA
116.315960,39.902500,112.5,2510,UAV-ALPHA
116.315556,39.902500,112.6,2511,UAV-ALPHA
116.315152,39.902500,112.6,2512,UAV-ALPHA
116.314747,39.902500,112.6,2513,UAV-ALPHA
116.314343,39.902500,112.6,2514,UAV-ALPHA
116.313939,39.902500,112.6,2515,UAV-ALPHA
116.313535,39.902500,112.6,2516,UAV-ALPHA
116.313131,39.902500,112.6,2517,UAV-ALPHA
116.312727,39.902500,112.6,2518,UAV-ALPHA
116.312323,39.902500,112.6,2519,UAV-ALPHA
116.311919,39.902500,112.6,2520,UAV-ALPHA
116.311515,39.902500,112.6,2521,UAV-ALPHA
116.311111,39.902500,112.6,2522,UAV-ALPHA
116.310707,39.902500,112.6,2523,UAV-ALPHA
116.310303,39.902500,112.6,2524,UAV-ALPHA
116.309899,39.902500,112.6,2525,UAV-ALPHA
116.309495,39.902500,112.6,2526,UAV-ALPHA
116.309091,39.902500,112.6,2527,UAV-ALPHA
116.308687,39.902500,112.6,2528,UAV-ALPHA
116.308283,39.902500,112.6,2529,UAV-ALPHA
116.307879,39.902500,112.6,2530,UAV-ALPHA
116.307475,39.902500,112.7,2531,UAV-ALPHA
116.307071,39.902500,112.7,2532,UAV-ALPHA
116.306667,39.902500,112.7,2533,UAV-ALPHA
116.306263,39.902500,112.7,2534,UAV-ALPHA
116.305859,39.902500,112.7,2535,UAV-ALPHA
116.305455,39.902500,112.7,2536,UAV-ALPHA
116.305051,39.902500,112.7,2537,UAV-ALPHA
116.304646,39.902500,112.7,2538,UAV-ALPHA
116.304242,39.902500,112.7,2539,UAV-ALPHA
116.303838,39.902500,112.7,2540,UAV-ALPHA
116.303434,39.902500,112.7,2541,UAV-ALPHA
116.303030,39.902500,112.7,2542,UAV-ALPHA
116.302626,39.902500,112.7,2543,UAV-ALPHA
116.302222,39.902500,112.7,2544,UAV-ALPHA
116.301818,39.902500,112.7,2545,UAV-ALPHA
116.301414,39.902500,112.7,2546,UAV-ALPHA
116.301010,39.902500,112.7,2547,UAV-ALPHA
116.300606,39.902500,112.7,2548,UAV-ALPHA
116.300202,39.902500,112.7,2549,UAV-ALPHA
116.299798,39.902500,112.7,2550,UAV-ALPHA
116.299394,39.902500,112.8,2551,UAV-ALPHA
116.298990,39.902500,112.8,2552,UAV-ALPHA
116.298586,39.902500,112.8,2553,UAV-ALPHA
116.298182,39.902500,112.8,2554,UAV-ALPHA
116.297778,39.902500,112.8,2555,UAV-ALPHA
116.297374,39.902500,112.8,2556,UAV-ALPHA
116.296970,39.902500,112.8,2557,UAV-ALPHA
116.296566,39.902500,112.8,2558,UAV-ALPHA
116.296162,39.902500,112.8,2559,UAV-ALPHA
116.295758,39.902500,112.8,2560,UAV-ALPHA
116.295354,39.902500,112.8,2561,UAV-ALPHA
116.294949,39.902500,112.8,2562,UAV-ALPHA
116.294545,39.902500,112.8,2563,UAV-ALPHA
116.294141,39.902500,112.8,2564,UAV-ALPHA
116.293737,39.902500,112.8,2565,UAV-ALPHA
116.293333,39.902500,112.8,2566,UAV-ALPHA
116.292929,39.902500,112.8,2567,UAV-ALPHA
116.292525,39.902500,112.8,2568,UAV-ALPHA
116.292121,39.902500,112.8,2569,UAV-ALPHA
116.291717,39.902500,112.8,2570,UAV-ALPHA
116.291313,39.902500,112.9,2571,UAV-ALPHA
116.290909,39.902500,112.9,2572,UAV-ALPHA
116.290505,39.902500,112.9,2573,UAV-ALPHA
116.290101,39.902500,112.9,2574,UAV-ALPHA
116.289697,39.902500,112.9,2575,UAV-ALPHA
116.289293,39.902500,112.9,2576,UAV-ALPHA
116.288889,39.902500,112.9,2577,UAV-ALPHA
116.288485,39.902500,112.9,2578,UAV-ALPHA
116.288081,39.902500,112.9,2579,UAV-ALPHA
116.287677,39.902500,112.9,2580,UAV-ALPHA
116.287273,39.902500,112.9,2581,UAV-ALPHA
116.286869,39.902500,112.9,2582,UAV-ALPHA
116.286465,39.902500,112.9,2583,UAV-ALPHA
116.286061,39.902500,112.9,2584,UAV-ALPHA
116.285657,39.902500,112.9,2585,UAV-ALPHA
116.285253,39.902500,112.9,2586,UAV-ALPHA
116.284848,39.902500,112.9,2587,UAV-ALPHA
116.284444,39.902500,112.9,2588,UAV-ALPHA
116.284040,39.902500,112.9,2589,UAV-ALPHA
116.283636,39.902500,112.9,2590,UAV-ALPHA
116.283232,39.902500,113.0,2591,UAV-ALPHA
116.282828,39.902500,113.0,2592,UAV-ALPHA
116.282424,39.902500,113.0,2593,UAV-ALPHA
116.282020,39.902500,113.0,2594,UAV-ALPHA
116.281616,39.902500,113.0,2595,UAV-ALPHA
116.281212,39.902500,113.0,2596,UAV-ALPHA
116.280808,39.902500,113.0,2597,UAV-ALPHA
116.280404,39.902500,113.0,2598,UAV-ALPHA
116.280000,39.902500,113.0,2599,UAV-ALPHA
116.280000,39.902800,113.0,2600,UAV-ALPHA
116.280404,39.902800,113.0,2601,UAV-ALPHA
116.280808,39.902800,113.0,2602,UAV-ALPHA
116.281212,39.902800,113.0,2603,UAV-ALPHA
116.281616,39.902800,113.0,2604,UAV-ALPHA
116.282020,39.902800,113.0,2605,UAV-ALPHA
116.282424,39.902800,113.0,2606,UAV-ALPHA
116.282828,39.902800,113.0,2607,UAV-ALPHA
116.283232,39.902800,113.0,2608,UAV-ALPHA
116.283636,39.902800,113.0,2609,UAV-ALPHA
116.284040,39.902800,113.0,2610,UAV-ALPHA
116.284444,39.902800,113.1,2611,UAV-ALPHA
116.284848,39.902800,113.1,2612,UAV-ALPHA
116.285253,39.902800,113.1,2613,UAV-ALPHA
116.285657,39.902800,113.1,2614,UAV-ALPHA
116.286061,39.902800,113.1,2615,UAV-ALPHA
116.286465,39.902800,113.1,2616,UAV-ALPHA
116.286869,39.902800,113.1,2617,UAV-ALPHA
116.287273,39.902800,113.1,2618,UAV-ALPHA
116.287677,39.902800,113.1,2619,UAV-ALPHA
116.288081,39.902800,113.1,2620,UAV-ALPHA
116.288485,39.902800,113.1,2621,UAV-ALPHA
116.288889,39.902800,113.1,2622,UAV-ALPHA
116.289293,39.902800,113.1,2623,UAV-ALPHA
116.289697,39.902800,113.1,2624,UAV-ALPHA
116.290101,39.902800,113.1,2625,UAV-ALPHA
116.290505,39.902800,113.1,2626,UAV-ALPHA
116.290909,39.902800,113.1,2627,UAV-ALPHA
116.291313,39.902800,113.1,2628,UAV-ALPHA
116.291717,39.902800,113.1,2629,UAV-ALPHA
116.292121,39.902800,113.1,2630,UAV-ALPHA
116.292525,39.902800,113.2,2631,UAV-ALPHA
116.292929,39.902800,113.2,2632,UAV-ALPHA
116.293333,39.902800,113.2,2633,UAV-ALPHA
116.293737,39.902800,113.2,2634,UAV-ALPHA
116.294141,39.902800,113.2,2635,UAV-ALPHA
116.294545,39.902800,113.2,2636,UAV-ALPHA
116.294949,39.902800,113.2,2637,UAV-ALPHA
116.295354,39.902800,113.2,2638,UAV-ALPHA
116.295758,39.902800,113.2,2639,UAV-ALPHA
116.296162,39.902800,113.2,2640,UAV-ALPHA
116.296566,39.902800,113.2,2641,UAV-ALPHA
116.296970,39.902800,113.2,2642,UAV-ALPHA
116.297374,39.902800,113.2,2643,UAV-ALPHA
116.297778,39.902800,113.2,2644,UAV-ALPHA
116.298182,39.902800,113.2,2645,UAV-ALPHA
116.298586,39.902800,113.2,2646,UAV-ALPHA
116.298990,39.902800,113.2,2647,UAV-ALPHA
116.299394,39.902800,113.2,2648,UAV-ALPHA
116.299798,39.902800,113.2,2649,UAV-ALPHA
116.300202,39.902800,113.2,2650,UAV-ALPHA
116.300606,39.902800,113.3,2651,UAV-ALPHA
116.301010,39.902800,113.3,2652,UAV-ALPHA
116.301414,39.902800,113.3,2653,UAV-ALPHA
116.301818,39.902800,113.3,2654,UAV-ALPHA
116.302222,39.902800,113.3,2655,UAV-ALPHA
116.302626,39.902800,113.3,2656,UAV-ALPHA
116.303030,39.902800,113.3,2657,UAV-ALPHA
116.303434,39.902800,113.3,2658,UAV-ALPHA
116.303838,39.902800,113.3,2659,UAV-ALPHA
116.304242,39.902800,113.3,2660,UAV-ALPHA
116.304646,39.902800,113.3,2661,UAV-ALPHA
116.305051,39.902800,113.3,2662,UAV-ALPHA
116.305455,39.902800,113.3,2663,UAV-ALPHA
116.305859,39.902800,113.3,2664,UAV-ALPHA
116.306263,39.902800,113.3,2665,UAV-ALPHA
116.306667,39.902800,113.3,2666,UAV-ALPHA
116.307071,39.902800,113.3,2667,UAV-ALPHA
116.307475,39.902800,113.3,2668,UAV-ALPHA
116.307879,39.902800,113.3,2669,UAV-ALPHA
116.308283,39.902800,113.3,2670,UAV-ALPHA
116.308687,39.902800,113.4,2671,UAV-ALPHA
116.309091,39.902800,113.4,2672,UAV-ALPHA
116.309495,39.902800,113.4,2673,UAV-ALPHA
116.309899,39.902800,113.4,2674,UAV-ALPHA
116.310303,39.902800,113.4,2675,UAV-ALPHA
116.310707,39.902800,113.4,2676,UAV-ALPHA
116.311111,39.902800,113.4,2677,UAV-ALPHA
116.311515,39.902800,113.4,2678,UAV-ALPHA
116.311919,39.902800,113.4,2679,UAV-ALPHA
116.312323,39.902800,113.4,2680,UAV-ALPHA
116.312727,39.902800,113.4,2681,UAV-ALPHA
116.313131,39.902800,113.4,2682,UAV-ALPHA
116.313535,39.902800,113.4,2683,UAV-ALPHA
116.313939,39.902800,113.4,2684,UAV-ALPHA
116.314343,39.902800,113.4,2685,UAV-ALPHA
116.314747,39.902800,113.4,2686,UAV-ALPHA
116.315152,39.902800,113.4,2687,UAV-ALPHA
116.315556,39.902800,113.4,2688,UAV-ALPHA
116.315960,39.902800,113.4,2689,UAV-ALPHA
116.316364,39.902800,113.4,2690,UAV-ALPHA
116.316768,39.902800,113.5,2691,UAV-ALPHA
116.317172,39.902800,113.5,2692,UAV-ALPHA
116.317576,39.902800,113.5,2693,UAV-ALPHA
116.317980,39.902800,113.5,2694,UAV-ALPHA
116.318384,39.902800,113.5,2695,UAV-ALPHA
116.318788,39.902800,113.5,2696,UAV-ALPHA
116.319192,39.902800,113.5,2697,UAV-ALPHA
116.319596,39.902800,113.5,2698,UAV-ALPHA
116.320000,39.902800,113.5,2699,UAV-ALPHA
116.320000,39.903100,113.5,2700,UAV-ALPHA
116.319596,39.903100,113.5,2701,UAV-ALPHA
116.319192,39.903100,113.5,2702,UAV-ALPHA
116.318788,39.903100,113.5,2703,UAV-ALPHA
116.318384,39.903100,113.5,2704,UAV-ALPHA
116.317980,39.903100,113.5,2705,UAV-ALPHA
116.317576,39.903100,113.5,2706,UAV-ALPHA
116.317172,39.903100,113.5,2707,UAV-ALPHA
116.316768,39.903100,113.5,2708,UAV-ALPHA
116.316364,39.903100,113.5,2709,UAV-ALPHA
116.315960,39.903100,113.5,2710,UAV-ALPHA
116.315556,39.903100,113.6,2711,UAV-ALPHA
116.315152,39.903100,113.6,2712,UAV-ALPHA
116.314747,39.903100,113.6,2713,UAV-ALPHA
116.314343,39.903100,113.6,2714,UAV-ALPHA
116.313939,39.903100,113.6,2715,UAV-ALPHA
116.313535,39.903100,113.6,2716,UAV-ALPHA
116.313131,39.903100,113.6,2717,UAV-ALPHA
116.312727,39.903100,113.6,2718,UAV-ALPHA
116.312323,39.903100,113.6,2719,UAV-ALPHA
116.311919,39.903100,113.6,2720,UAV-ALPHA
116.311515,39.903100,113.6,2721,UAV-ALPHA
116.311111,39.903100,113.6,2722,UAV-ALPHA
116.310707,39.903100,113.6,2723,UAV-ALPHA
116.310303,39.903100,113.6,2724,UAV-ALPHA
116.309899,39.903100,113.6,2725,UAV-ALPHA
116.309495,39.903100,113.6,2726,UAV-ALPHA
116.309091,39.903100,113.6,2727,UAV-ALPHA
116.308687,39.903100,113.6,2728,UAV-ALPHA
116.308283,39.903100,113.6,2729,UAV-ALPHA
116.307879,39.903100,113.6,2730,UAV-ALPHA
116.307475,39.903100,113.7,2731,UAV-ALPHA
116.307071,39.903100,113.7,2732,UAV-ALPHA
116.306667,39.903100,113.7,2733,UAV-ALPHA
116.306263,39.903100,113.7,2734,UAV-ALPHA
116.305859,39.903100,113.7,2735,UAV-ALPHA
116.305455,39.903100,113.7,2736,UAV-ALPHA
116.305051,39.903100,113.7,2737,UAV-ALPHA
116.304646,39.903100,113.7,2738,UAV-ALPHA
116.304242,39.903100,113.7,2739,UAV-ALPHA
116.303838,39.903100,113.7,2740,UAV-ALPHA
116.303434,39.903100,113.7,2741,UAV-ALPHA
116.303030,39.903100,113.7,2742,UAV-ALPHA
116.302626,39.903100,113.7,2743,UAV-ALPHA
116.302222,39.903100,113.7,2744,UAV-ALPHA
116.301818,39.903100,113.7,2745,UAV-ALPHA
116.301414,39.903100,113.7,2746,UAV-ALPHA
116.301010,39.903100,113.7,2747,UAV-ALPHA
116.300606,39.903100,113.7,2748,UAV-ALPHA
116.300202,39.903100,113.7,2749,UAV-ALPHA
116.299798,39.903100,113.7,2750,UAV-ALPHA
116.299394,39.903100,113.8,2751,UAV-ALPHA
116.298990,39.903100,113.8,2752,UAV-ALPHA
116.298586,39.903100,113.8,2753,UAV-ALPHA
116.298182,39.903100,113.8,2754,UAV-ALPHA
116.297778,39.903100,113.8,2755,UAV-ALPHA
116.297374,39.903100,113.8,2756,UAV-ALPHA
116.296970,39.903100,113.8,2757,UAV-ALPHA
116.296566,39.903100,113.8,2758,UAV-ALPHA
116.296162,39.903100,113.8,2759,UAV-ALPHA
116.295758,39.903100,113.8,2760,UAV-ALPHA
116.295354,39.903100,113.8,2761,UAV-ALPHA
116.294949,39.903100,113.8,2762,UAV-ALPHA
116.294545,39.903100,113.8,2763,UAV-ALPHA
116.294141,39.903100,113.8,2764,UAV-ALPHA
116.293737,39.903100,113.8,2765,UAV-ALPHA
116.293333,39.903100,113.8,2766,UAV-ALPHA
116.292929,39.903100,113.8,2767,UAV-ALPHA
116.292525,39.903100,113.8,2768,UAV-ALPHA
116.292121,39.903100,113.8,2769,UAV-ALPHA
116.291717,39.903100,113.8,2770,UAV-ALPHA
116.291313,39.903100,113.9,2771,UAV-ALPHA
116.290909,39.903100,113.9,2772,UAV-ALPHA
116.290505,39.903100,113.9,2773,UAV-ALPHA
116.290101,39.903100,113.9,2774,UAV-ALPHA
116.289697,39.903100,113.9,2775,UAV-ALPHA
116.289293,39.903100,113.9,2776,UAV-ALPHA
116.288889,39.903100,113.9,2777,UAV-ALPHA
116.288485,39.903100,113.9,2778,UAV-ALPHA
116.288081,39.903100,113.9,2779,UAV-ALPHA
116.287677,39.903100,113.9,2780,UAV-ALPHA
116.287273,39.903100,113.9,2781,UAV-ALPHA
116.286869,39.903100,113.9,2782,UAV-ALPHA
116.286465,39.903100,113.9,2783,UAV-ALPHA
116.286061,39.903100,113.9,2784,UAV-ALPHA
116.285657,39.903100,113.9,2785,UAV-ALPHA
116.285253,39.903100,113.9,2786,UAV-ALPHA
116.284848,39.903100,113.9,2787,UAV-ALPHA
116.284444,39.903100,113.9,2788,UAV-ALPHA
116.284040,39.903100,113.9,2789,UAV-ALPHA
116.283636,39.903100,113.9,2790,UAV-ALPHA
116.283232,39.903100,114.0,2791,UAV-ALPHA
116.282828,39.903100,114.0,2792,UAV-ALPHA
116.282424,39.903100,114.0,2793,UAV-ALPHA
116.282020,39.903100,114.0,2794,UAV-ALPHA
116.281616,39.903100,114.0,2795,UAV-ALPHA
116.281212,39.903100,114.0,2796,UAV-ALPHA
116.280808,39.903100,114.0,2797,UAV-ALPHA
116.280404,39.903100,114.0,2798,UAV-ALPHA
116.280000,39.903100,114.0,2799,UAV-ALPHA
116.280000,39.903400,114.0,2800,UAV-ALPHA
116.280404,39.903400,114.0,2801,UAV-ALPHA
116.280808,39.903400,114.0,2802,UAV-ALPHA
116.281212,39.903400,114.0,2803,UAV-ALPHA
116.281616,39.903400,114.0,2804,UAV-ALPHA
116.282020,39.903400,114.0,2805,UAV-ALPHA
116.282424,39.903400,114.0,2806,UAV-ALPHA
116.282828,39.903400,114.0,2807,UAV-ALPHA
116.283232,39.903400,114.0,2808,UAV-ALPHA
116.283636,39.903400,114.0,2809,UAV-ALPHA
116.284040,39.903400,114.0,2810,UAV-ALPHA
116.284444,39.903400,114.1,2811,UAV-ALPHA
116.284848,39.903400,114.1,2812,UAV-ALPHA
116.285253,39.903400,114.1,2813,UAV-ALPHA
116.285657,39.903400,114.1,2814,UAV-ALPHA
116.286061,39.903400,114.1,2815,UAV-ALPHA
116.286465,39.903400,114.1,2816,UAV-ALPHA
116.286869,39.903400,114.1,2817,UAV-ALPHA
116.287273,39.903400,114.1,2818,UAV-ALPHA
116.287677,39.903400,114.1,2819,UAV-ALPHA
116.288081,39.903400,114.1,2820,UAV-ALPHA
116.288485,39.903400,114.1,2821,UAV-ALPHA
116.288889,39.903400,114.1,2822,UAV-ALPHA
116.289293,39.903400,114.1,2823,UAV-ALPHA
116.289697,39.903400,114.1,2824,UAV-ALPHA
116.290101,39.903400,114.1,2825,UAV-ALPHA
116.290505,39.903400,114.1,2826,UAV-ALPHA
116.290909,39.903400,114.1,2827,UAV-ALPHA
116.291313,39.903400,114.1,2828,UAV-ALPHA
116.291717,39.903400,114.1,2829,UAV-ALPHA
116.292121,39.903400,114.1,2830,UAV-ALPHA
116.292525,39.903400,114.2,2831,UAV-ALPHA
116.292929,39.903400,114.2,2832,UAV-ALPHA
116.293333,39.903400,114.2,2833,UAV-ALPHA
116.293737,39.903400,114.2,2834,UAV-ALPHA
116.294141,39.903400,114.2,2835,UAV-ALPHA
116.294545,39.903400,114.2,2836,UAV-ALPHA
116.294949,39.903400,114.2,2837,UAV-ALPHA
116.295354,39.903400,114.2,2838,UAV-ALPHA
116.295758,39.903400,114.2,2839,UAV-ALPHA
116.296162,39.903400,114.2,2840,UAV-ALPHA
116.296566,39.903400,114.2,2841,UAV-ALPHA
116.296970,39.903400,114.2,2842,UAV-ALPHA
116.297374,39.903400,114.2,2843,UAV-ALPHA
116.297778,39.903400,114.2,2844,UAV-ALPHA
116.298182,39.903400,114.2,2845,UAV-ALPHA
116.298586,39.903400,114.2,2846,UAV-ALPHA
116.298990,39.903400,114.2,2847,UAV-ALPHA
116.299394,39.903400,114.2,2848,UAV-ALPHA
116.299798,39.903400,114.2,2849,UAV-ALPHA
116.300202,39.903400,114.2,2850,UAV-ALPHA
116.300606,39.903400,114.3,2851,UAV-ALPHA
116.301010,39.903400,114.3,2852,UAV-ALPHA
116.301414,39.903400,114.3,2853,UAV-ALPHA
116.301818,39.903400,114.3,2854,UAV-ALPHA
116.302222,39.903400,114.3,2855,UAV-ALPHA
116.302626,39.903400,114.3,2856,UAV-ALPHA
116.303030,39.903400,114.3,2857,UAV-ALPHA
116.303434,39.903400,114.3,2858,UAV-ALPHA
116.303838,39.903400,114.3,2859,UAV-ALPHA
116.304242,39.903400,114.3,2860,UAV-ALPHA
116.304646,39.903400,114.3,2861,UAV-ALPHA
116.305051,39.903400,114.3,2862,UAV-ALPHA
116.305455,39.903400,114.3,2863,UAV-ALPHA
116.305859,39.903400,114.3,2864,UAV-ALPHA
116.306263,39.903400,114.3,2865,UAV-ALPHA
116.306667,39.903400,114.3,2866,UAV-ALPHA
116.307071,39.903400,114.3,2867,UAV-ALPHA
116.307475,39.903400,114.3,2868,UAV-ALPHA
116.307879,39.903400,114.3,2869,UAV-ALPHA
116.308283,39.903400,114.3,2870,UAV-ALPHA
116.308687,39.903400,114.4,2871,UAV-ALPHA
116.309091,39.903400,114.4,2872,UAV-ALPHA
116.309495,39.903400,114.4,2873,UAV-ALPHA
116.309899,39.903400,114.4,2874,UAV-ALPHA
116.310303,39.903400,114.4,2875,UAV-ALPHA
116.310707,39.903400,114.4,2876,UAV-ALPHA
116.311111,39.903400,114.4,2877,UAV-ALPHA
116.311515,39.903400,114.4,2878,UAV-ALPHA
116.311919,39.903400,114.4,2879,UAV-ALPHA
116.312323,39.903400,114.4,2880,UAV-ALPHA
116.312727,39.903400,114.4,2881,UAV-ALPHA
116.313131,39.903400,114.4,2882,UAV-ALPHA
116.313535,39.903400,114.4,2883,UAV-ALPHA
116.313939,39.903400,114.4,2884,UAV-ALPHA
116.314343,39.903400,114.4,2885,UAV-ALPHA
116.314747,39.903400,114.4,2886,UAV-ALPHA
116.315152,39.903400,114.4,2887,UAV-ALPHA
116.315556,39.903400,114.4,2888,UAV-ALPHA
116.315960,39.903400,114.4,2889,UAV-ALPHA
116.316364,39.903400,114.4,2890,UAV-ALPHA
116.316768,39.903400,114.5,2891,UAV-ALPHA
116.317172,39.903400,114.5,2892,UAV-ALPHA
116.317576,39.903400,114.5,2893,UAV-ALPHA
116.317980,39.903400,114.5,2894,UAV-ALPHA
116.318384,39.903400,114.5,2895,UAV-ALPHA
116.318788,39.903400,114.5,2896,UAV-ALPHA
116.319192,39.903400,114.5,2897,UAV-ALPHA
116.319596,39.903400,114.5,2898,UAV-ALPHA
116.320000,39.903400,114.5,2899,UAV-ALPHA
116.320000,39.903700,114.5,2900,UAV-ALPHA
116.319596,39.903700,114.5,2901,UAV-ALPHA
116.319192,39.903700,114.5,2902,UAV-ALPHA
116.318788,39.903700,114.5,2903,UAV-ALPHA
116.318384,39.903700,114.5,2904,UAV-ALPHA
116.317980,39.903700,114.5,2905,UAV-ALPHA
116.317576,39.903700,114.5,2906,UAV-ALPHA
116.317172,39.903700,114.5,2907,UAV-ALPHA
116.316768,39.903700,114.5,2908,UAV-ALPHA
116.316364,39.903700,114.5,2909,UAV-ALPHA
116.315960,39.903700,114.5,2910,UAV-ALPHA
116.315556,39.903700,114.6,2911,UAV-ALPHA
116.315152,39.903700,114.6,2912,UAV-ALPHA
116.314747,39.903700,114.6,2913,UAV-ALPHA
116.314343,39.903700,114.6,2914,UAV-ALPHA
116.313939,39.903700,114.6,2915,UAV-ALPHA
116.313535,39.903700,114.6,2916,UAV-ALPHA
116.313131,39.903700,114.6,2917,UAV-ALPHA
116.312727,39.903700,114.6,2918,UAV-ALPHA
116.312323,39.903700,114.6,2919,UAV-ALPHA
116.311919,39.903700,114.6,2920,UAV-ALPHA
116.311515,39.903700,114.6,2921,UAV-ALPHA
116.311111,39.903700,114.6,2922,UAV-ALPHA
116.310707,39.903700,114.6,2923,UAV-ALPHA
116.310303,39.903700,114.6,2924,UAV-ALPHA
116.309899,39.903700,114.6,2925,UAV-ALPHA
116.309495,39.903700,114.6,2926,UAV-ALPHA
116.309091,39.903700,114.6,2927,UAV-ALPHA
116.308687,39.903700,114.6,2928,UAV-ALPHA
116.308283,39.903700,114.6,2929,UAV-ALPHA
116.307879,39.903700,114.6,2930,UAV-ALPHA
116.307475,39.903700,114.7,2931,UAV-ALPHA
116.307071,39.903700,114.7,2932,UAV-ALPHA
116.306667,39.903700,114.7,2933,UAV-ALPHA
116.306263,39.903700,114.7,2934,UAV-ALPHA
116.305859,39.903700,114.7,2935,UAV-ALPHA
116.305455,39.903700,114.7,2936,UAV-ALPHA
116.305051,39.903700,114.7,2937,UAV-ALPHA
116.304646,39.903700,114.7,2938,UAV-ALPHA
116.304242,39.903700,114.7,2939,UAV-ALPHA
116.303838,39.903700,114.7,2940,UAV-ALPHA
116.303434,39.903700,114.7,2941,UAV-ALPHA
116.303030,39.903700,114.7,2942,UAV-ALPHA
116.302626,39.903700,114.7,2943,UAV-ALPHA
116.302222,39.903700,114.7,2944,UAV-ALPHA
116.301818,39.903700,114.7,2945,UAV-ALPHA
116.301414,39.903700,114.7,2946,UAV-ALPHA
116.301010,39.903700,114.7,2947,UAV-ALPHA
116.300606,39.903700,114.7,2948,UAV-ALPHA
116.300202,39.903700,114.7,2949,UAV-ALPHA
116.299798,39.903700,114.7,2950,UAV-ALPHA
116.299394,39.903700,114.8,2951,UAV-ALPHA
116.298990,39.903700,114.8,2952,UAV-ALPHA
116.298586,39.903700,114.8,2953,UAV-ALPHA
116.298182,39.903700,114.8,2954,UAV-ALPHA
116.297778,39.903700,114.8,2955,UAV-ALPHA
116.297374,39.903700,114.8,2956,UAV-ALPHA
116.296970,39.903700,114.8,2957,UAV-ALPHA
116.296566,39.903700,114.8,2958,UAV-ALPHA
116.296162,39.903700,114.8,2959,UAV-ALPHA
116.295758,39.903700,114.8,2960,UAV-ALPHA
116.295354,39.903700,114.8,2961,UAV-ALPHA
116.294949,39.903700,114.8,2962,UAV-ALPHA
116.294545,39.903700,114.8,2963,UAV-ALPHA
116.294141,39.903700,114.8,2964,UAV-ALPHA
116.293737,39.903700,114.8,2965,UAV-ALPHA
116.293333,39.903700,114.8,2966,UAV-ALPHA
116.292929,39.903700,114.8,2967,UAV-ALPHA
116.292525,39.903700,114.8,2968,UAV-ALPHA
116.292121,39.903700,114.8,2969,UAV-ALPHA
116.291717,39.903700,114.8,2970,UAV-ALPHA
116.291313,39.903700,114.9,2971,UAV-ALPHA
116.290909,39.903700,114.9,2972,UAV-ALPHA
116.290505,39.903700,114.9,2973,UAV-ALPHA
116.290101,39.903700,114.9,2974,UAV-ALPHA
116.289697,39.903700,114.9,2975,UAV-ALPHA
116.289293,39.903700,114.9,2976,UAV-ALPHA
116.288889,39.903700,114.9,2977,UAV-ALPHA
116.288485,39.903700,114.9,2978,UAV-ALPHA
116.288081,39.903700,114.9,2979,UAV-ALPHA
116.287677,39.903700,114.9,2980,UAV-ALPHA
116.287273,39.903700,114.9,2981,UAV-ALPHA
116.286869,39.903700,114.9,2982,UAV-ALPHA
116.286465,39.903700,114.9,2983,UAV-ALPHA
116.286061,39.903700,114.9,2984,UAV-ALPHA
116.285657,39.903700,114.9,2985,UAV-ALPHA
116.285253,39.903700,114.9,2986,UAV-ALPHA
116.284848,39.903700,114.9,2987,UAV-ALPHA
116.284444,39.903700,114.9,2988,UAV-ALPHA
116.284040,39.903700,114.9,2989,UAV-ALPHA
116.283636,39.903700,114.9,2990,UAV-ALPHA
116.283232,39.903700,115.0,2991,UAV-ALPHA
116.282828,39.903700,115.0,2992,UAV-ALPHA
116.282424,39.903700,115.0,2993,UAV-ALPHA
116.282020,39.903700,115.0,2994,UAV-ALPHA
116.281616,39.903700,115.0,2995,UAV-ALPHA
116.281212,39.903700,115.0,2996,UAV-ALPHA
116.280808,39.903700,115.0,2997,UAV-ALPHA
116.280404,39.903700,115.0,2998,UAV-ALPHA
116.280000,39.903700,115.0,2999,UAV-ALPHA
116.280000,39.904000,115.0,3000,UAV-ALPHA
116.280404,39.904000,115.0,3001,UAV-ALPHA
116.280808,39.904000,115.0,3002,UAV-ALPHA
116.281212,39.904000,115.0,3003,UAV-ALPHA
116.281616,39.904000,115.0,3004,UAV-ALPHA
116.282020,39.904000,115.0,3005,UAV-ALPHA
116.282424,39.904000,115.0,3006,UAV-ALPHA
116.282828,39.904000,115.0,3007,UAV-ALPHA
116.283232,39.904000,115.0,3008,UAV-ALPHA
116.283636,39.904000,115.0,3009,UAV-ALPHA
116.284040,39.904000,115.0,3010,UAV-ALPHA
116.284444,39.904000,115.1,3011,UAV-ALPHA
116.284848,39.904000,115.1,3012,UAV-ALPHA
116.285253,39.904000,115.1,3013,UAV-ALPHA
116.285657,39.904000,115.1,3014,UAV-ALPHA
116.286061,39.904000,115.1,3015,UAV-ALPHA
116.286465,39.904000,115.1,3016,UAV-ALPHA
116.286869,39.904000,115.1,3017,UAV-ALPHA
116.287273,39.904000,115.1,3018,UAV-ALPHA
116.287677,39.904000,115.1,3019,UAV-ALPHA
116.288081,39.904000,115.1,3020,UAV-ALPHA
116.288485,39.904000,115.1,3021,UAV-ALPHA
116.288889,39.904000,115.1,3022,UAV-ALPHA
116.289293,39.904000,115.1,3023,UAV-ALPHA
116.289697,39.904000,115.1,3024,UAV-ALPHA
116.290101,39.904000,115.1,3025,UAV-ALPHA
116.290505,39.904000,115.1,3026,UAV-ALPHA
116.290909,39.904000,115.1,3027,UAV-ALPHA
116.291313,39.904000,115.1,3028,UAV-ALPHA
116.291717,39.904000,115.1,3029,UAV-ALPHA
116.292121,39.904000,115.1,3030,UAV-ALPHA
116.292525,39.904000,115.2,3031,UAV-ALPHA
116.292929,39.904000,115.2,3032,UAV-ALPHA
116.293333,39.904000,115.2,3033,UAV-ALPHA
116.293737,39.904000,115.2,3034,UAV-ALPHA
116.294141,39.904000,115.2,3035,UAV-ALPHA
116.294545,39.904000,115.2,3036,UAV-ALPHA
116.294949,39.904000,115.2,3037,UAV-ALPHA
116.295354,39.904000,115.2,3038,UAV-ALPHA
116.295758,39.904000,115.2,3039,UAV-ALPHA
116.296162,39.904000,115.2,3040,UAV-ALPHA
116.296566,39.904000,115.2,3041,UAV-ALPHA
116.296970,39.904000,115.2,3042,UAV-ALPHA
116.297374,39.904000,115.2,3043,UAV-ALPHA
116.297778,39.904000,115.2,3044,UAV-ALPHA
116.298182,39.904000,115.2,3045,UAV-ALPHA
116.298586,39.904000,115.2,3046,UAV-ALPHA
116.298990,39.904000,115.2,3047,UAV-ALPHA
116.299394,39.904000,115.2,3048,UAV-ALPHA
116.299798,39.904000,115.2,3049,UAV-ALPHA
116.300202,39.904000,115.2,3050,UAV-ALPHA
116.300606,39.904000,115.3,3051,UAV-ALPHA
116.301010,39.904000,115.3,3052,UAV-ALPHA
116.301414,39.904000,115.3,3053,UAV-ALPHA
116.301818,39.904000,115.3,3054,UAV-ALPHA
116.302222,39.904000,115.3,3055,UAV-ALPHA
116.302626,39.904000,115.3,3056,UAV-ALPHA
116.303030,39.904000,115.3,3057,UAV-ALPHA
116.303434,39.904000,115.3,3058,UAV-ALPHA
116.303838,39.904000,115.3,3059,UAV-ALPHA
116.304242,39.904000,115.3,3060,UAV-ALPHA
116.304646,39.904000,115.3,3061,UAV-ALPHA
116.305051,39.904000,115.3,3062,UAV-ALPHA
116.305455,39.904000,115.3,3063,UAV-ALPHA
116.305859,39.904000,115.3,3064,UAV-ALPHA
116.306263,39.904000,115.3,3065,UAV-ALPHA
116.306667,39.904000,115.3,3066,UAV-ALPHA
116.307071,39.904000,115.3,3067,UAV-ALPHA
116.307475,39.904000,115.3,3068,UAV-ALPHA
116.307879,39.904000,115.3,3069,UAV-ALPHA
116.308283,39.904000,115.3,3070,UAV-ALPHA
116.308687,39.904000,115.4,3071,UAV-ALPHA
116.309091,39.904000,115.4,3072,UAV-ALPHA
116.309495,39.904000,115.4,3073,UAV-ALPHA
116.309899,39.904000,115.4,3074,UAV-ALPHA
116.310303,39.904000,115.4,3075,UAV-ALPHA
116.310707,39.904000,115.4,3076,UAV-ALPHA
116.311111,39.904000,115.4,3077,UAV-ALPHA
116.311515,39.904000,115.4,3078,UAV-ALPHA
116.311919,39.904000,115.4,3079,UAV-ALPHA
116.312323,39.904000,115.4,3080,UAV-ALPHA
116.312727,39.904000,115.4,3081,UAV-ALPHA
116.313131,39.904000,115.4,3082,UAV-ALPHA
116.313535,39.904000,115.4,3083,UAV-ALPHA
116.313939,39.904000,115.4,3084,UAV-ALPHA
116.314343,39.904000,115.4,3085,UAV-ALPHA
116.314747,39.904000,115.4,3086,UAV-ALPHA
116.315152,39.904000,115.4,3087,UAV-ALPHA
116.315556,39.904000,115.4,3088,UAV-ALPHA
116.315960,39.904000,115.4,3089,UAV-ALPHA
116.316364,39.904000,115.4,3090,UAV-ALPHA
116.316768,39.904000,115.5,3091,UAV-ALPHA
116.317172,39.904000,115.5,3092,UAV-ALPHA
116.317576,39.904000,115.5,3093,UAV-ALPHA
116.317980,39.904000,115.5,3094,UAV-ALPHA
116.318384,39.904000,115.5,3095,UAV-ALPHA
116.318788,39.904000,115.5,3096,UAV-ALPHA
116.319192,39.904000,115.5,3097,UAV-ALPHA
116.319596,39.904000,115.5,3098,UAV-ALPHA
116.320000,39.904000,115.5,3099,UAV-ALPHA
116.320000,39.904300,115.5,3100,UAV-ALPHA
116.319596,39.904300,115.5,3101,UAV-ALPHA
116.319192,39.904300,115.5,3102,UAV-ALPHA
116.318788,39.904300,115.5,3103,UAV-ALPHA
116.318384,39.904300,115.5,3104,UAV-ALPHA
116.317980,39.904300,115.5,3105,UAV-ALPHA
116.317576,39.904300,115.5,3106,UAV-ALPHA
116.317172,39.904300,115.5,3107,UAV-ALPHA
116.316768,39.904300,115.5,3108,UAV-ALPHA
116.316364,39.904300,115.5,3109,UAV-ALPHA
116.315960,39.904300,115.5,3110,UAV-ALPHA
116.315556,39.904300,115.6,3111,UAV-ALPHA
116.315152,39.904300,115.6,3112,UAV-ALPHA
116.314747,39.904300,115.6,3113,UAV-ALPHA
116.314343,39.904300,115.6,3114,UAV-ALPHA
116.313939,39.904300,115.6,3115,UAV-ALPHA
116.313535,39.904300,115.6,3116,UAV-ALPHA
116.313131,39.904300,115.6,3117,UAV-ALPHA
116.312727,39.904300,115.6,3118,UAV-ALPHA
116.312323,39.904300,115.6,3119,UAV-ALPHA
116.311919,39.904300,115.6,3120,UAV-ALPHA
116.311515,39.904300,115.6,3121,UAV-ALPHA
116.311111,39.904300,115.6,3122,UAV-ALPHA
116.310707,39.904300,115.6,3123,UAV-ALPHA
116.310303,39.904300,115.6,3124,UAV-ALPHA
116.309899,39.904300,115.6,3125,UAV-ALPHA
116.309495,39.904300,115.6,3126,UAV-ALPHA
116.309091,39.904300,115.6,3127,UAV-ALPHA
116.308687,39.904300,115.6,3128,UAV-ALPHA
116.308283,39.904300,115.6,3129,UAV-ALPHA
116.307879,39.904300,115.6,3130,UAV-ALPHA
116.307475,39.904300,115.7,3131,UAV-ALPHA
116.307071,39.904300,115.7,3132,UAV-ALPHA
116.306667,39.904300,115.7,3133,UAV-ALPHA
116.306263,39.904300,115.7,3134,UAV-ALPHA
116.305859,39.904300,115.7,3135,UAV-ALPHA
116.305455,39.904300,115.7,3136,UAV-ALPHA
116.305051,39.904300,115.7,3137,UAV-ALPHA
116.304646,39.904300,115.7,3138,UAV-ALPHA
116.304242,39.904300,115.7,3139,UAV-ALPHA
116.303838,39.904300,115.7,3140,UAV-ALPHA
116.303434,39.904300,115.7,3141,UAV-ALPHA
116.303030,39.904300,115.7,3142,UAV-ALPHA
116.302626,39.904300,115.7,3143,UAV-ALPHA
116.302222,39.904300,115.7,3144,UAV-ALPHA
116.301818,39.904300,115.7,3145,UAV-ALPHA
116.301414,39.904300,115.7,3146,UAV-ALPHA
116.301010,39.904300,115.7,3147,UAV-ALPHA
116.300606,39.904300,115.7,3148,UAV-ALPHA
116.300202,39.904300,115.7,3149,UAV-ALPHA
116.299798,39.904300,115.7,3150,UAV-ALPHA
116.299394,39.904300,115.8,3151,UAV-ALPHA
116.298990,39.904300,115.8,3152,UAV-ALPHA
116.298586,39.904300,115.8,3153,UAV-ALPHA
116.298182,39.904300,115.8,3154,UAV-ALPHA
116.297778,39.904300,115.8,3155,UAV-ALPHA
116.297374,39.904300,115.8,3156,UAV-ALPHA
116.296970,39.904300,115.8,3157,UAV-ALPHA
116.296566,39.904300,115.8,3158,UAV-ALPHA
116.296162,39.904300,115.8,3159,UAV-ALPHA
116.295758,39.904300,115.8,3160,UAV-ALPHA
116.295354,39.904300,115.8,3161,UAV-ALPHA
116.294949,39.904300,115.8,3162,UAV-ALPHA
116.294545,39.904300,115.8,3163,UAV-ALPHA
116.294141,39.904300,115.8,3164,UAV-ALPHA
116.293737,39.904300,115.8,3165,UAV-ALPHA
116.293333,39.904300,115.8,3166,UAV-ALPHA
116.292929,39.904300,115.8,3167,UAV-ALPHA
116.292525,39.904300,115.8,3168,UAV-ALPHA
116.292121,39.904300,115.8,3169,UAV-ALPHA
116.291717,39.904300,115.8,3170,UAV-ALPHA
116.291313,39.904300,115.9,3171,UAV-ALPHA
116.290909,39.904300,115.9,3172,UAV-ALPHA
116.290505,39.904300,115.9,3173,UAV-ALPHA
116.290101,39.904300,115.9,3174,UAV-ALPHA
116.289697,39.904300,115.9,3175,UAV-ALPHA
116.289293,39.904300,115.9,3176,UAV-ALPHA
116.288889,39.904300,115.9,3177,UAV-ALPHA
116.288485,39.904300,115.9,3178,UAV-ALPHA
116.288081,39.904300,115.9,3179,UAV-ALPHA
116.287677,39.904300,115.9,3180,UAV-ALPHA
116.287273,39.904300,115.9,3181,UAV-ALPHA
116.286869,39.904300,115.9,3182,UAV-ALPHA
116.286465,39.904300,115.9,3183,UAV-ALPHA
116.286061,39.904300,115.9,3184,UAV-ALPHA
116.285657,39.904300,115.9,3185,UAV-ALPHA
116.285253,39.904300,115.9,3186,UAV-ALPHA
116.284848,39.904300,115.9,3187,UAV-ALPHA
116.284444,39.904300,115.9,3188,UAV-ALPHA
116.284040,39.904300,115.9,3189,UAV-ALPHA
116.283636,39.904300,115.9,3190,UAV-ALPHA
116.283232,39.904300,116.0,3191,UAV-ALPHA
116.282828,39.904300,116.0,3192,UAV-ALPHA
116.282424,39.904300,116.0,3193,UAV-ALPHA
116.282020,39.904300,116.0,3194,UAV-ALPHA
116.281616,39.904300,116.0,3195,UAV-ALPHA
116.281212,39.904300,116.0,3196,UAV-ALPHA
116.280808,39.904300,116.0,3197,UAV-ALPHA
116.280404,39.904300,116.0,3198,UAV-ALPHA
116.280000,39.904300,116.0,3199,UAV-ALPHA
116.280000,39.904600,116.0,3200,UAV-ALPHA
116.280404,39.904600,116.0,3201,UAV-ALPHA
116.280808,39.904600,116.0,3202,UAV-ALPHA
116.281212,39.904600,116.0,3203,UAV-ALPHA
116.281616,39.904600,116.0,3204,UAV-ALPHA
116.282020,39.904600,116.0,3205,UAV-ALPHA
116.282424,39.904600,116.0,3206,UAV-ALPHA
116.282828,39.904600,116.0,3207,UAV-ALPHA
116.283232,39.904600,116.0,3208,UAV-ALPHA
116.283636,39.904600,116.0,3209,UAV-ALPHA
116.284040,39.904600,116.0,3210,UAV-ALPHA
116.284444,39.904600,116.1,3211,UAV-ALPHA
116.284848,39.904600,116.1,3212,UAV-ALPHA
116.285253,39.904600,116.1,3213,UAV-ALPHA
116.285657,39.904600,116.1,3214,UAV-ALPHA
116.286061,39.904600,116.1,3215,UAV-ALPHA
116.286465,39.904600,116.1,3216,UAV-ALPHA
116.286869,39.904600,116.1,3217,UAV-ALPHA
116.287273,39.904600,116.1,3218,UAV-ALPHA
116.287677,39.904600,116.1,3219,UAV-ALPHA
116.288081,39.904600,116.1,3220,UAV-ALPHA
116.288485,39.904600,116.1,3221,UAV-ALPHA
116.288889,39.904600,116.1,3222,UAV-ALPHA
116.289293,39.904600,116.1,3223,UAV-ALPHA
116.289697,39.904600,116.1,3224,UAV-ALPHA
116.290101,39.904600,116.1,3225,UAV-ALPHA
116.290505,39.904600,116.1,3226,UAV-ALPHA
116.290909,39.904600,116.1,3227,UAV-ALPHA
116.291313,39.904600,116.1,3228,UAV-ALPHA
116.291717,39.904600,116.1,3229,UAV-ALPHA
116.292121,39.904600,116.1,3230,UAV-ALPHA
116.292525,39.904600,116.2,3231,UAV-ALPHA
116.292929,39.904600,116.2,3232,UAV-ALPHA
116.293333,39.904600,116.2,3233,UAV-ALPHA
116.293737,39.904600,116.2,3234,UAV-ALPHA
116.294141,39.904600,116.2,3235,UAV-ALPHA
116.294545,39.904600,116.2,3236,UAV-ALPHA
116.294949,39.904600,116.2,3237,UAV-ALPHA
116.295354,39.904600,116.2,3238,UAV-ALPHA
116.295758,39.904600,116.2,3239,UAV-ALPHA
116.296162,39.904600,116.2,3240,UAV-ALPHA
116.296566,39.904600,116.2,3241,UAV-ALPHA
116.296970,39.904600,116.2,3242,UAV-ALPHA
116.297374,39.904600,116.2,3243,UAV-ALPHA
116.297778,39.904600,116.2,3244,UAV-ALPHA
116.298182,39.904600,116.2,3245,UAV-ALPHA
116.298586,39.904600,116.2,3246,UAV-ALPHA
116.298990,39.904600,116.2,3247,UAV-ALPHA
116.299394,39.904600,116.2,3248,UAV-ALPHA
116.299798,39.904600,116.2,3249,UAV-ALPHA
116.300202,39.904600,116.2,3250,UAV-ALPHA
116.300606,39.904600,116.3,3251,UAV-ALPHA
116.301010,39.904600,116.3,3252,UAV-ALPHA
116.301414,39.904600,116.3,3253,UAV-ALPHA
116.301818,39.904600,116.3,3254,UAV-ALPHA
116.302222,39.904600,116.3,3255,UAV-ALPHA
116.302626,39.904600,116.3,3256,UAV-ALPHA
116.303030,39.904600,116.3,3257,UAV-ALPHA
116.303434,39.904600,116.3,3258,UAV-ALPHA
116.303838,39.904600,116.3,3259,UAV-ALPHA
116.304242,39.904600,116.3,3260,UAV-ALPHA
116.304646,39.904600,116.3,3261,UAV-ALPHA
116.305051,39.904600,116.3,3262,UAV-ALPHA
116.305455,39.904600,116.3,3263,UAV-ALPHA
116.305859,39.904600,116.3,3264,UAV-ALPHA
116.306263,39.904600,116.3,3265,UAV-ALPHA
116.306667,39.904600,116.3,3266,UAV-ALPHA
116.307071,39.904600,116.3,3267,UAV-ALPHA
116.307475,39.904600,116.3,3268,UAV-ALPHA
116.307879,39.904600,116.3,3269,UAV-ALPHA
116.308283,39.904600,116.3,3270,UAV-ALPHA
116.308687,39.904600,116.4,3271,UAV-ALPHA
116.309091,39.904600,116.4,3272,UAV-ALPHA
116.309495,39.904600,116.4,3273,UAV-ALPHA
116.309899,39.904600,116.4,3274,UAV-ALPHA
116.310303,39.904600,116.4,3275,UAV-ALPHA
116.310707,39.904600,116.4,3276,UAV-ALPHA
116.311111,39.904600,116.4,3277,UAV-ALPHA
116.311515,39.904600,116.4,3278,UAV-ALPHA
116.311919,39.904600,116.4,3279,UAV-ALPHA
116.312323,39.904600,116.4,3280,UAV-ALPHA
116.312727,39.904600,116.4,3281,UAV-ALPHA
116.313131,39.904600,116.4,3282,UAV-ALPHA
116.313535,39.904600,116.4,3283,UAV-ALPHA
116.313939,39.904600,116.4,3284,UAV-ALPHA
116.314343,39.904600,116.4,3285,UAV-ALPHA
116.314747,39.904600,116.4,3286,UAV-ALPHA
116.315152,39.904600,116.4,3287,UAV-ALPHA
116.315556,39.904600,116.4,3288,UAV-ALPHA
116.315960,39.904600,116.4,3289,UAV-ALPHA
116.316364,39.904600,116.4,3290,UAV-ALPHA
116.316768,39.904600,116.5,3291,UAV-ALPHA
116.317172,39.904600,116.5,3292,UAV-ALPHA
116.317576,39.904600,116.5,3293,UAV-ALPHA
116.317980,39.904600,116.5,3294,UAV-ALPHA
116.318384,39.904600,116.5,3295,UAV-ALPHA
116.318788,39.904600,116.5,3296,UAV-ALPHA
116.319192,39.904600,116.5,3297,UAV-ALPHA
116.319596,39.904600,116.5,3298,UAV-ALPHA
116.320000,39.904600,116.5,3299,UAV-ALPHA
116.320000,39.904900,116.5,3300,UAV-ALPHA
116.319596,39.904900,116.5,3301,UAV-ALPHA
116.319192,39.904900,116.5,3302,UAV-ALPHA
116.318788,39.904900,116.5,3303,UAV-ALPHA
116.318384,39.904900,116.5,3304,UAV-ALPHA
116.317980,39.904900,116.5,3305,UAV-ALPHA
116.317576,39.904900,116.5,3306,UAV-ALPHA
116.317172,39.904900,116.5,3307,UAV-ALPHA
116.316768,39.904900,116.5,3308,UAV-ALPHA
116.316364,39.904900,116.5,3309,UAV-ALPHA
116.315960,39.904900,116.5,3310,UAV-ALPHA
116.315556,39.904900,116.6,3311,UAV-ALPHA
116.315152,39.904900,116.6,3312,UAV-ALPHA
116.314747,39.904900,116.6,3313,UAV-ALPHA
116.314343,39.904900,116.6,3314,UAV-ALPHA
116.313939,39.904900,116.6,3315,UAV-ALPHA
116.313535,39.904900,116.6,3316,UAV-ALPHA
116.313131,39.904900,116.6,3317,UAV-ALPHA
116.312727,39.904900,116.6,3318,UAV-ALPHA
116.312323,39.904900,116.6,3319,UAV-ALPHA
116.311919,39.904900,116.6,3320,UAV-ALPHA
116.311515,39.904900,116.6,3321,UAV-ALPHA
116.311111,39.904900,116.6,3322,UAV-ALPHA
116.310707,39.904900,116.6,3323,UAV-ALPHA
116.310303,39.904900,116.6,3324,UAV-ALPHA
116.309899,39.904900,116.6,3325,UAV-ALPHA
116.309495,39.904900,116.6,3326,UAV-ALPHA
116.309091,39.904900,116.6,3327,UAV-ALPHA
116.308687,39.904900,116.6,3328,UAV-ALPHA
116.308283,39.904900,116.6,3329,UAV-ALPHA
116.307879,39.904900,116.6,3330,UAV-ALPHA
116.307475,39.904900,116.7,3331,UAV-ALPHA
116.307071,39.904900,116.7,3332,UAV-ALPHA
116.306667,39.904900,116.7,3333,UAV-ALPHA
116.306263,39.904900,116.7,3334,UAV-ALPHA
116.305859,39.904900,116.7,3335,UAV-ALPHA
116.305455,39.904900,116.7,3336,UAV-ALPHA
116.305051,39.904900,116.7,3337,UAV-ALPHA
116.304646,39.904900,116.7,3338,UAV-ALPHA
116.304242,39.904900,116.7,3339,UAV-ALPHA
116.303838,39.904900,116.7,3340,UAV-ALPHA
116.303434,39.904900,116.7,3341,UAV-ALPHA
116.303030,39.904900,116.7,3342,UAV-ALPHA
116.302626,39.904900,116.7,3343,UAV-ALPHA
116.302222,39.904900,116.7,3344,UAV-ALPHA
116.301818,39.904900,116.7,3345,UAV-ALPHA
116.301414,39.904900,116.7,3346,UAV-ALPHA
116.301010,39.904900,116.7,3347,UAV-ALPHA
116.300606,39.904900,116.7,3348,UAV-ALPHA
116.300202,39.904900,116.7,3349,UAV-ALPHA
116.299798,39.904900,116.7,3350,UAV-ALPHA
116.299394,39.904900,116.8,3351,UAV-ALPHA
116.298990,39.904900,116.8,3352,UAV-ALPHA
116.298586,39.904900,116.8,3353,UAV-ALPHA
116.298182,39.904900,116.8,3354,UAV-ALPHA
116.297778,39.904900,116.8,3355,UAV-ALPHA
116.297374,39.904900,116.8,3356,UAV-ALPHA
116.296970,39.904900,116.8,3357,UAV-ALPHA
116.296566,39.904900,116.8,3358,UAV-ALPHA
116.296162,39.904900,116.8,3359,UAV-ALPHA
116.295758,39.904900,116.8,3360,UAV-ALPHA
116.295354,39.904900,116.8,3361,UAV-ALPHA
116.294949,39.904900,116.8,3362,UAV-ALPHA
116.294545,39.904900,116.8,3363,UAV-ALPHA
116.294141,39.904900,116.8,3364,UAV-ALPHA
116.293737,39.904900,116.8,3365,UAV-ALPHA
116.293333,39.904900,116.8,3366,UAV-ALPHA
116.292929,39.904900,116.8,3367,UAV-ALPHA
116.292525,39.904900,116.8,3368,UAV-ALPHA
116.292121,39.904900,116.8,3369,UAV-ALPHA
116.291717,39.904900,116.8,3370,UAV-ALPHA
116.291313,39.904900,116.9,3371,UAV-ALPHA
116.290909,39.904900,116.9,3372,UAV-ALPHA
116.290505,39.904900,116.9,3373,UAV-ALPHA
116.290101,39.904900,116.9,3374,UAV-ALPHA
116.289697,39.904900,116.9,3375,UAV-ALPHA
116.289293,39.904900,116.9,3376,UAV-ALPHA
116.288889,39.904900,116.9,3377,UAV-ALPHA
116.288485,39.904900,116.9,3378,UAV-ALPHA
116.288081,39.904900,116.9,3379,UAV-ALPHA
116.287677,39.904900,116.9,3380,UAV-ALPHA
116.287273,39.904900,116.9,3381,UAV-ALPHA
116.286869,39.904900,116.9,3382,UAV-ALPHA
116.286465,39.904900,116.9,3383,UAV-ALPHA
116.286061,39.904900,116.9,3384,UAV-ALPHA
116.285657,39.904900,116.9,3385,UAV-ALPHA
116.285253,39.904900,116.9,3386,UAV-ALPHA
116.284848,39.904900,116.9,3387,UAV-ALPHA
116.284444,39.904900,116.9,3388,UAV-ALPHA
116.284040,39.904900,116.9,3389,UAV-ALPHA
116.283636,39.904900,116.9,3390,UAV-ALPHA
116.283232,39.904900,117.0,3391,UAV-ALPHA
116.282828,39.904900,117.0,3392,UAV-ALPHA
116.282424,39.904900,117.0,3393,UAV-ALPHA
116.282020,39.904900,117.0,3394,UAV-ALPHA
116.281616,39.904900,117.0,3395,UAV-ALPHA
116.281212,39.904900,117.0,3396,UAV-ALPHA
116.280808,39.904900,117.0,3397,UAV-ALPHA
116.280404,39.904900,117.0,3398,UAV-ALPHA
116.280000,39.904900,117.0,3399,UAV-ALPHA
116.280000,39.905200,117.0,3400,UAV-ALPHA
116.280404,39.905200,117.0,3401,UAV-ALPHA
116.280808,39.905200,117.0,3402,UAV-ALPHA
116.281212,39.905200,117.0,3403,UAV-ALPHA
116.281616,39.905200,117.0,3404,UAV-ALPHA
116.282020,39.905200,117.0,3405,UAV-ALPHA
116.282424,39.905200,117.0,3406,UAV-ALPHA
116.282828,39.905200,117.0,3407,UAV-ALPHA
116.283232,39.905200,117.0,3408,UAV-ALPHA
116.283636,39.905200,117.0,3409,UAV-ALPHA
116.284040,39.905200,117.0,3410,UAV-ALPHA
116.284444,39.905200,117.1,3411,UAV-ALPHA
116.284848,39.905200,117.1,3412,UAV-ALPHA
116.285253,39.905200,117.1,3413,UAV-ALPHA
116.285657,39.905200,117.1,3414,UAV-ALPHA
116.286061,39.905200,117.1,3415,UAV-ALPHA
116.286465,39.905200,117.1,3416,UAV-ALPHA
116.286869,39.905200,117.1,3417,UAV-ALPHA
116.287273,39.905200,117.1,3418,UAV-ALPHA
116.287677,39.905200,117.1,3419,UAV-ALPHA
116.288081,39.905200,117.1,3420,UAV-ALPHA
116.288485,39.905200,117.1,3421,UAV-ALPHA
116.288889,39.905200,117.1,3422,UAV-ALPHA
116.289293,39.905200,117.1,3423,UAV-ALPHA
116.289697,39.905200,117.1,3424,UAV-ALPHA
116.290101,39.905200,117.1,3425,UAV-ALPHA
116.290505,39.905200,117.1,3426,UAV-ALPHA
116.290909,39.905200,117.1,3427,UAV-ALPHA
116.291313,39.905200,117.1,3428,UAV-ALPHA
116.291717,39.905200,117.1,3429,UAV-ALPHA
116.292121,39.905200,117.1,3430,UAV-ALPHA
116.292525,39.905200,117.2,3431,UAV-ALPHA
116.292929,39.905200,117.2,3432,UAV-ALPHA
116.293333,39.905200,117.2,3433,UAV-ALPHA
116.293737,39.905200,117.2,3434,UAV-ALPHA
116.294141,39.905200,117.2,3435,UAV-ALPHA
116.294545,39.905200,117.2,3436,UAV-ALPHA
116.294949,39.905200,117.2,3437,UAV-ALPHA
116.295354,39.905200,117.2,3438,UAV-ALPHA
116.295758,39.905200,117.2,3439,UAV-ALPHA
116.296162,39.905200,117.2,3440,UAV-ALPHA
116.296566,39.905200,117.2,3441,UAV-ALPHA
116.296970,39.905200,117.2,3442,UAV-ALPHA
116.297374,39.905200,117.2,3443,UAV-ALPHA
116.297778,39.905200,117.2,3444,UAV-ALPHA
116.298182,39.905200,117.2,3445,UAV-ALPHA
116.298586,39.905200,117.2,3446,UAV-ALPHA
116.298990,39.905200,117.2,3447,UAV-ALPHA
116.299394,39.905200,117.2,3448,UAV-ALPHA
116.299798,39.905200,117.2,3449,UAV-ALPHA
116.300202,39.905200,117.2,3450,UAV-ALPHA
116.300606,39.905200,117.3,3451,UAV-ALPHA
116.301010,39.905200,117.3,3452,UAV-ALPHA
116.301414,39.905200,117.3,3453,UAV-ALPHA
116.301818,39.905200,117.3,3454,UAV-ALPHA
116.302222,39.905200,117.3,3455,UAV-ALPHA
116.302626,39.905200,117.3,3456,UAV-ALPHA
116.303030,39.905200,117.3,3457,UAV-ALPHA
116.303434,39.905200,117.3,3458,UAV-ALPHA
116.303838,39.905200,117.3,3459,UAV-ALPHA
116.304242,39.905200,117.3,3460,UAV-ALPHA
116.304646,39.905200,117.3,3461,UAV-ALPHA
116.305051,39.905200,117.3,3462,UAV-ALPHA
116.305455,39.905200,117.3,3463,UAV-ALPHA
116.305859,39.905200,117.3,3464,UAV-ALPHA
116.306263,39.905200,117.3,3465,UAV-ALPHA
116.306667,39.905200,117.3,3466,UAV-ALPHA
116.307071,39.905200,117.3,3467,UAV-ALPHA
116.307475,39.905200,117.3,3468,UAV-ALPHA
116.307879,39.905200,117.3,3469,UAV-ALPHA
116.308283,39.905200,117.3,3470,UAV-ALPHA
116.308687,39.905200,117.4,3471,UAV-ALPHA
116.309091,39.905200,117.4,3472,UAV-ALPHA
116.309495,39.905200,117.4,3473,UAV-ALPHA
116.309899,39.905200,117.4,3474,UAV-ALPHA
116.310303,39.905200,117.4,3475,UAV-ALPHA
116.310707,39.905200,117.4,3476,UAV-ALPHA
116.311111,39.905200,117.4,3477,UAV-ALPHA
116.311515,39.905200,117.4,3478,UAV-ALPHA
116.311919,39.905200,117.4,3479,UAV-ALPHA
116.312323,39.905200,117.4,3480,UAV-ALPHA
116.312727,39.905200,117.4,3481,UAV-ALPHA
116.313131,39.905200,117.4,3482,UAV-ALPHA
116.313535,39.905200,117.4,3483,UAV-ALPHA
116.313939,39.905200,117.4,3484,UAV-ALPHA
116.314343,39.905200,117.4,3485,UAV-ALPHA
116.314747,39.905200,117.4,3486,UAV-ALPHA
116.315152,39.905200,117.4,3487,UAV-ALPHA
116.315556,39.905200,117.4,3488,UAV-ALPHA
116.315960,39.905200,117.4,3489,UAV-ALPHA
116.316364,39.905200,117.4,3490,UAV-ALPHA
116.316768,39.905200,117.5,3491,UAV-ALPHA
116.317172,39.905200,117.5,3492,UAV-ALPHA
116.317576,39.905200,117.5,3493,UAV-ALPHA
116.317980,39.905200,117.5,3494,UAV-ALPHA
116.318384,39.905200,117.5,3495,UAV-ALPHA
116.318788,39.905200,117.5,3496,UAV-ALPHA
116.319192,39.905200,117.5,3497,UAV-ALPHA
116.319596,39.905200,117.5,3498,UAV-ALPHA
116.320000,39.905200,117.5,3499,UAV-ALPHA
116.320000,39.905500,117.5,3500,UAV-ALPHA
116.319596,39.905500,117.5,3501,UAV-ALPHA
116.319192,39.905500,117.5,3502,UAV-ALPHA
116.318788,39.905500,117.5,3503,UAV-ALPHA
116.318384,39.905500,117.5,3504,UAV-ALPHA
116.317980,39.905500,117.5,3505,UAV-ALPHA
116.317576,39.905500,117.5,3506,UAV-ALPHA
116.317172,39.905500,117.5,3507,UAV-ALPHA
116.316768,39.905500,117.5,3508,UAV-ALPHA
116.316364,39.905500,117.5,3509,UAV-ALPHA
116.315960,39.905500,117.5,3510,UAV-ALPHA
116.315556,39.905500,117.6,3511,UAV-ALPHA
116.315152,39.905500,117.6,3512,UAV-ALPHA
116.314747,39.905500,117.6,3513,UAV-ALPHA
116.314343,39.905500,117.6,3514,UAV-ALPHA
116.313939,39.905500,117.6,3515,UAV-ALPHA
116.313535,39.905500,117.6,3516,UAV-ALPHA
116.313131,39.905500,117.6,3517,UAV-ALPHA
116.312727,39.905500,117.6,3518,UAV-ALPHA
116.312323,39.905500,117.6,3519,UAV-ALPHA
116.311919,39.905500,117.6,3520,UAV-ALPHA
116.311515,39.905500,117.6,3521,UAV-ALPHA
116.311111,39.905500,117.6,3522,UAV-ALPHA
116.310707,39.905500,117.6,3523,UAV-ALPHA
116.310303,39.905500,117.6,3524,UAV-ALPHA
116.309899,39.905500,117.6,3525,UAV-ALPHA
116.309495,39.905500,117.6,3526,UAV-ALPHA
116.309091,39.905500,117.6,3527,UAV-ALPHA
116.308687,39.905500,117.6,3528,UAV-ALPHA
116.308283,39.905500,117.6,3529,UAV-ALPHA
116.307879,39.905500,117.6,3530,UAV-ALPHA
116.307475,39.905500,117.7,3531,UAV-ALPHA
116.307071,39.905500,117.7,3532,UAV-ALPHA
116.306667,39.905500,117.7,3533,UAV-ALPHA
116.306263,39.905500,117.7,3534,UAV-ALPHA
116.305859,39.905500,117.7,3535,UAV-ALPHA
116.305455,39.905500,117.7,3536,UAV-ALPHA
116.305051,39.905500,117.7,3537,UAV-ALPHA
116.304646,39.905500,117.7,3538,UAV-ALPHA
116.304242,39.905500,117.7,3539,UAV-ALPHA
116.303838,39.905500,117.7,3540,UAV-ALPHA
116.303434,39.905500,117.7,3541,UAV-ALPHA
116.303030,39.905500,117.7,3542,UAV-ALPHA
116.302626,39.905500,117.7,3543,UAV-ALPHA
116.302222,39.905500,117.7,3544,UAV-ALPHA
116.301818,39.905500,117.7,3545,UAV-ALPHA
116.301414,39.905500,117.7,3546,UAV-ALPHA
116.301010,39.905500,117.7,3547,UAV-ALPHA
116.300606,39.905500,117.7,3548,UAV-ALPHA
116.300202,39.905500,117.7,3549,UAV-ALPHA
116.299798,39.905500,117.7,3550,UAV-ALPHA
116.299394,39.905500,117.8,3551,UAV-ALPHA
116.298990,39.905500,117.8,3552,UAV-ALPHA
116.298586,39.905500,117.8,3553,UAV-ALPHA
116.298182,39.905500,117.8,3554,UAV-ALPHA
116.297778,39.905500,117.8,3555,UAV-ALPHA
116.297374,39.905500,117.8,3556,UAV-ALPHA
116.296970,39.905500,117.8,3557,UAV-ALPHA
116.296566,39.905500,117.8,3558,UAV-ALPHA
116.296162,39.905500,117.8,3559,UAV-ALPHA
116.295758,39.905500,117.8,3560,UAV-ALPHA
116.295354,39.905500,117.8,3561,UAV-ALPHA
116.294949,39.905500,117.8,3562,UAV-ALPHA
116.294545,39.905500,117.8,3563,UAV-ALPHA
116.294141,39.905500,117.8,3564,UAV-ALPHA
116.293737,39.905500,117.8,3565,UAV-ALPHA
116.293333,39.905500,117.8,3566,UAV-ALPHA
116.292929,39.905500,117.8,3567,UAV-ALPHA
116.292525,39.905500,117.8,3568,UAV-ALPHA
116.292121,39.905500,117.8,3569,UAV-ALPHA
116.291717,39.905500,117.8,3570,UAV-ALPHA
116.291313,39.905500,117.9,3571,UAV-ALPHA
116.290909,39.905500,117.9,3572,UAV-ALPHA
116.290505,39.905500,117.9,3573,UAV-ALPHA
116.290101,39.905500,117.9,3574,UAV-ALPHA
116.289697,39.905500,117.9,3575,UAV-ALPHA
116.289293,39.905500,117.9,3576,UAV-ALPHA
116.288889,39.905500,117.9,3577,UAV-ALPHA
116.288485,39.905500,117.9,3578,UAV-ALPHA
116.288081,39.905500,117.9,3579,UAV-ALPHA
116.287677,39.905500,117.9,3580,UAV-ALPHA
116.287273,39.905500,117.9,3581,UAV-ALPHA
116.286869,39.905500,117.9,3582,UAV-ALPHA
116.286465,39.905500,117.9,3583,UAV-ALPHA
116.286061,39.905500,117.9,3584,UAV-ALPHA
116.285657,39.905500,117.9,3585,UAV-ALPHA
116.285253,39.905500,117.9,3586,UAV-ALPHA
116.284848,39.905500,117.9,3587,UAV-ALPHA
116.284444,39.905500,117.9,3588,UAV-ALPHA
116.284040,39.905500,117.9,3589,UAV-ALPHA
116.283636,39.905500,117.9,3590,UAV-ALPHA
116.283232,39.905500,118.0,3591,UAV-ALPHA
116.282828,39.905500,118.0,3592,UAV-ALPHA
116.282424,39.905500,118.0,3593,UAV-ALPHA
116.282020,39.905500,118.0,3594,UAV-ALPHA
116.281616,39.905500,118.0,3595,UAV-ALPHA
116.281212,39.905500,118.0,3596,UAV-ALPHA
116.280808,39.905500,118.0,3597,UAV-ALPHA
116.280404,39.905500,118.0,3598,UAV-ALPHA
116.280000,39.905500,118.0,3599,UAV-ALPHA
116.280000,39.905800,118.0,3600,UAV-ALPHA
116.280404,39.905800,118.0,3601,UAV-ALPHA
116.280808,39.905800,118.0,3602,UAV-ALPHA
116.281212,39.905800,118.0,3603,UAV-ALPHA
116.281616,39.905800,118.0,3604,UAV-ALPHA
116.282020,39.905800,118.0,3605,UAV-ALPHA
116.282424,39.905800,118.0,3606,UAV-ALPHA
116.282828,39.905800,118.0,3607,UAV-ALPHA
116.283232,39.905800,118.0,3608,UAV-ALPHA
116.283636,39.905800,118.0,3609,UAV-ALPHA
116.284040,39.905800,118.0,3610,UAV-ALPHA
116.284444,39.905800,118.1,3611,UAV-ALPHA
116.284848,39.905800,118.1,3612,UAV-ALPHA
116.285253,39.905800,118.1,3613,UAV-ALPHA
116.285657,39.905800,118.1,3614,UAV-ALPHA
116.286061,39.905800,118.1,3615,UAV-ALPHA
116.286465,39.905800,118.1,3616,UAV-ALPHA
116.286869,39.905800,118.1,3617,UAV-ALPHA
116.287273,39.905800,118.1,3618,UAV-ALPHA
116.287677,39.905800,118.1,3619,UAV-ALPHA
116.288081,39.905800,118.1,3620,UAV-ALPHA
116.288485,39.905800,118.1,3621,UAV-ALPHA
116.288889,39.905800,118.1,3622,UAV-ALPHA
116.289293,39.905800,118.1,3623,UAV-ALPHA
116.289697,39.905800,118.1,3624,UAV-ALPHA
116.290101,39.905800,118.1,3625,UAV-ALPHA
116.290505,39.905800,118.1,3626,UAV-ALPHA
116.290909,39.905800,118.1,3627,UAV-ALPHA
116.291313,39.905800,118.1,3628,UAV-ALPHA
116.291717,39.905800,118.1,3629,UAV-ALPHA
116.292121,39.905800,118.1,3630,UAV-ALPHA
116.292525,39.905800,118.2,3631,UAV-ALPHA
116.292929,39.905800,118.2,3632,UAV-ALPHA
116.293333,39.905800,118.2,3633,UAV-ALPHA
116.293737,39.905800,118.2,3634,UAV-ALPHA
116.294141,39.905800,118.2,3635,UAV-ALPHA
116.294545,39.905800,118.2,3636,UAV-ALPHA
116.294949,39.905800,118.2,3637,UAV-ALPHA
116.295354,39.905800,118.2,3638,UAV-ALPHA
116.295758,39.905800,118.2,3639,UAV-ALPHA
116.296162,39.905800,118.2,3640,UAV-ALPHA
116.296566,39.905800,118.2,3641,UAV-ALPHA
116.296970,39.905800,118.2,3642,UAV-ALPHA
116.297374,39.905800,118.2,3643,UAV-ALPHA
116.297778,39.905800,118.2,3644,UAV-ALPHA
116.298182,39.905800,118.2,3645,UAV-ALPHA
116.298586,39.905800,118.2,3646,UAV-ALPHA
116.298990,39.905800,118.2,3647,UAV-ALPHA
116.299394,39.905800,118.2,3648,UAV-ALPHA
116.299798,39.905800,118.2,3649,UAV-ALPHA
116.300202,39.905800,118.2,3650,UAV-ALPHA
116.300606,39.905800,118.3,3651,UAV-ALPHA
116.301010,39.905800,118.3,3652,UAV-ALPHA
116.301414,39.905800,118.3,3653,UAV-ALPHA
116.301818,39.905800,118.3,3654,UAV-ALPHA
116.302222,39.905800,118.3,3655,UAV-ALPHA
116.302626,39.905800,118.3,3656,UAV-ALPHA
116.303030,39.905800,118.3,3657,UAV-ALPHA
116.303434,39.905800,118.3,3658,UAV-ALPHA
116.303838,39.905800,118.3,3659,UAV-ALPHA
116.304242,39.905800,118.3,3660,UAV-ALPHA
116.304646,39.905800,118.3,3661,UAV-ALPHA
116.305051,39.905800,118.3,3662,UAV-ALPHA
116.305455,39.905800,118.3,3663,UAV-ALPHA
116.305859,39.905800,118.3,3664,UAV-ALPHA
116.306263,39.905800,118.3,3665,UAV-ALPHA
116.306667,39.905800,118.3,3666,UAV-ALPHA
116.307071,39.905800,118.3,3667,UAV-ALPHA
116.307475,39.905800,118.3,3668,UAV-ALPHA
116.307879,39.905800,118.3,3669,UAV-ALPHA
116.308283,39.905800,118.3,3670,UAV-ALPHA
116.308687,39.905800,118.4,3671,UAV-ALPHA
116.309091,39.905800,118.4,3672,UAV-ALPHA
116.309495,39.905800,118.4,3673,UAV-ALPHA
116.309899,39.905800,118.4,3674,UAV-ALPHA
116.310303,39.905800,118.4,3675,UAV-ALPHA
116.310707,39.905800,118.4,3676,UAV-ALPHA
116.311111,39.905800,118.4,3677,UAV-ALPHA
116.311515,39.905800,118.4,3678,UAV-ALPHA
116.311919,39.905800,118.4,3679,UAV-ALPHA
116.312323,39.905800,118.4,3680,UAV-ALPHA
116.312727,39.905800,118.4,3681,UAV-ALPHA
116.313131,39.905800,118.4,3682,UAV-ALPHA
116.313535,39.905800,118.4,3683,UAV-ALPHA
116.313939,39.905800,118.4,3684,UAV-ALPHA
116.314343,39.905800,118.4,3685,UAV-ALPHA
116.314747,39.905800,118.4,3686,UAV-ALPHA
116.315152,39.905800,118.4,3687,UAV-ALPHA
116.315556,39.905800,118.4,3688,UAV-ALPHA
116.315960,39.905800,118.4,3689,UAV-ALPHA
116.316364,39.905800,118.4,3690,UAV-ALPHA
116.316768,39.905800,118.5,3691,UAV-ALPHA
116.317172,39.905800,118.5,3692,UAV-ALPHA
116.317576,39.905800,118.5,3693,UAV-ALPHA
116.317980,39.905800,118.5,3694,UAV-ALPHA
116.318384,39.905800,118.5,3695,UAV-ALPHA
116.318788,39.905800,118.5,3696,UAV-ALPHA
116.319192,39.905800,118.5,3697,UAV-ALPHA
116.319596,39.905800,118.5,3698,UAV-ALPHA
116.320000,39.905800,118.5,3699,UAV-ALPHA
116.320000,39.906100,118.5,3700,UAV-ALPHA
116.319596,39.906100,118.5,3701,UAV-ALPHA
116.319192,39.906100,118.5,3702,UAV-ALPHA
116.318788,39.906100,118.5,3703,UAV-ALPHA
116.318384,39.906100,118.5,3704,UAV-ALPHA
116.317980,39.906100,118.5,3705,UAV-ALPHA
116.317576,39.906100,118.5,3706,UAV-ALPHA
116.317172,39.906100,118.5,3707,UAV-ALPHA
116.316768,39.906100,118.5,3708,UAV-ALPHA
116.316364,39.906100,118.5,3709,UAV-ALPHA
116.315960,39.906100,118.5,3710,UAV-ALPHA
116.315556,39.906100,118.6,3711,UAV-ALPHA
116.315152,39.906100,118.6,3712,UAV-ALPHA
116.314747,39.906100,118.6,3713,UAV-ALPHA
116.314343,39.906100,118.6,3714,UAV-ALPHA
116.313939,39.906100,118.6,3715,UAV-ALPHA
116.313535,39.906100,118.6,3716,UAV-ALPHA
116.313131,39.906100,118.6,3717,UAV-ALPHA
116.312727,39.906100,118.6,3718,UAV-ALPHA
116.312323,39.906100,118.6,3719,UAV-ALPHA
116.311919,39.906100,118.6,3720,UAV-ALPHA
116.311515,39.906100,118.6,3721,UAV-ALPHA
116.311111,39.906100,118.6,3722,UAV-ALPHA
116.310707,39.906100,118.6,3723,UAV-ALPHA
116.310303,39.906100,118.6,3724,UAV-ALPHA
116.309899,39.906100,118.6,3725,UAV-ALPHA
116.309495,39.906100,118.6,3726,UAV-ALPHA
116.309091,39.906100,118.6,3727,UAV-ALPHA
116.308687,39.906100,118.6,3728,UAV-ALPHA
116.308283,39.906100,118.6,3729,UAV-ALPHA
116.307879,39.906100,118.6,3730,UAV-ALPHA
116.307475,39.906100,118.7,3731,UAV-ALPHA
116.307071,39.906100,118.7,3732,UAV-ALPHA
116.306667,39.906100,118.7,3733,UAV-ALPHA
116.306263,39.906100,118.7,3734,UAV-ALPHA
116.305859,39.906100,118.7,3735,UAV-ALPHA
116.305455,39.906100,118.7,3736,UAV-ALPHA
116.305051,39.906100,118.7,3737,UAV-ALPHA
116.304646,39.906100,118.7,3738,UAV-ALPHA
116.304242,39.906100,118.7,3739,UAV-ALPHA
116.303838,39.906100,118.7,3740,UAV-ALPHA
116.303434,39.906100,118.7,3741,UAV-ALPHA
116.303030,39.906100,118.7,3742,UAV-ALPHA
116.302626,39.906100,118.7,3743,UAV-ALPHA
116.302222,39.906100,118.7,3744,UAV-ALPHA
116.301818,39.906100,118.7,3745,UAV-ALPHA
116.301414,39.906100,118.7,3746,UAV-ALPHA
116.301010,39.906100,118.7,3747,UAV-ALPHA
116.300606,39.906100,118.7,3748,UAV-ALPHA
116.300202,39.906100,118.7,3749,UAV-ALPHA
116.299798,39.906100,118.7,3750,UAV-ALPHA
116.299394,39.906100,118.8,3751,UAV-ALPHA
116.298990,39.906100,118.8,3752,UAV-ALPHA
116.298586,39.906100,118.8,3753,UAV-ALPHA
116.298182,39.906100,118.8,3754,UAV-ALPHA
116.297778,39.906100,118.8,3755,UAV-ALPHA
116.297374,39.906100,118.8,3756,UAV-ALPHA
116.296970,39.906100,118.8,3757,UAV-ALPHA
116.296566,39.906100,118.8,3758,UAV-ALPHA
116.296162,39.906100,118.8,3759,UAV-ALPHA
116.295758,39.906100,118.8,3760,UAV-ALPHA
116.295354,39.906100,118.8,3761,UAV-ALPHA
116.294949,39.906100,118.8,3762,UAV-ALPHA
116.294545,39.906100,118.8,3763,UAV-ALPHA
116.294141,39.906100,118.8,3764,UAV-ALPHA
116.293737,39.906100,118.8,3765,UAV-ALPHA
116.293333,39.906100,118.8,3766,UAV-ALPHA
116.292929,39.906100,118.8,3767,UAV-ALPHA
116.292525,39.906100,118.8,3768,UAV-ALPHA
116.292121,39.906100,118.8,3769,UAV-ALPHA
116.291717,39.906100,118.8,3770,UAV-ALPHA
116.291313,39.906100,118.9,3771,UAV-ALPHA
116.290909,39.906100,118.9,3772,UAV-ALPHA
116.290505,39.906100,118.9,3773,UAV-ALPHA
116.290101,39.906100,118.9,3774,UAV-ALPHA
116.289697,39.906100,118.9,3775,UAV-ALPHA
116.289293,39.906100,118.9,3776,UAV-ALPHA
116.288889,39.906100,118.9,3777,UAV-ALPHA
116.288485,39.906100,118.9,3778,UAV-ALPHA
116.288081,39.906100,118.9,3779,UAV-ALPHA
116.287677,39.906100,118.9,3780,UAV-ALPHA
116.287273,39.906100,118.9,3781,UAV-ALPHA
116.286869,39.906100,118.9,3782,UAV-ALPHA
116.286465,39.906100,118.9,3783,UAV-ALPHA
116.286061,39.906100,118.9,3784,UAV-ALPHA
116.285657,39.906100,118.9,3785,UAV-ALPHA
116.285253,39.906100,118.9,3786,UAV-ALPHA
116.284848,39.906100,118.9,3787,UAV-ALPHA
116.284444,39.906100,118.9,3788,UAV-ALPHA
116.284040,39.906100,118.9,3789,UAV-ALPHA
116.283636,39.906100,118.9,3790,UAV-ALPHA
116.283232,39.906100,119.0,3791,UAV-ALPHA
116.282828,39.906100,119.0,3792,UAV-ALPHA
116.282424,39.906100,119.0,3793,UAV-ALPHA
116.282020,39.906100,119.0,3794,UAV-ALPHA
116.281616,39.906100,119.0,3795,UAV-ALPHA
116.281212,39.906100,119.0,3796,UAV-ALPHA
116.280808,39.906100,119.0,3797,UAV-ALPHA
116.280404,39.906100,119.0,3798,UAV-ALPHA
116.280000,39.906100,119.0,3799,UAV-ALPHA
116.280000,39.906400,119.0,3800,UAV-ALPHA
116.280404,39.906400,119.0,3801,UAV-ALPHA
116.280808,39.906400,119.0,3802,UAV-ALPHA
116.281212,39.906400,119.0,3803,UAV-ALPHA
116.281616,39.906400,119.0,3804,UAV-ALPHA
116.282020,39.906400,119.0,3805,UAV-ALPHA
116.282424,39.906400,119.0,3806,UAV-ALPHA
116.282828,39.906400,119.0,3807,UAV-ALPHA
116.283232,39.906400,119.0,3808,UAV-ALPHA
116.283636,39.906400,119.0,3809,UAV-ALPHA
116.284040,39.906400,119.0,3810,UAV-ALPHA
116.284444,39.906400,119.1,3811,UAV-ALPHA
116.284848,39.906400,119.1,3812,UAV-ALPHA
116.285253,39.906400,119.1,3813,UAV-ALPHA
116.285657,39.906400,119.1,3814,UAV-ALPHA
116.286061,39.906400,119.1,3815,UAV-ALPHA
116.286465,39.906400,119.1,3816,UAV-ALPHA
116.286869,39.906400,119.1,3817,UAV-ALPHA
116.287273,39.906400,119.1,3818,UAV-ALPHA
116.287677,39.906400,119.1,3819,UAV-ALPHA
116.288081,39.906400,119.1,3820,UAV-ALPHA
116.288485,39.906400,119.1,3821,UAV-ALPHA
116.288889,39.906400,119.1,3822,UAV-ALPHA
116.289293,39.906400,119.1,3823,UAV-ALPHA
116.289697,39.906400,119.1,3824,UAV-ALPHA
116.290101,39.906400,119.1,3825,UAV-ALPHA
116.290505,39.906400,119.1,3826,UAV-ALPHA
116.290909,39.906400,119.1,3827,UAV-ALPHA
116.291313,39.906400,119.1,3828,UAV-ALPHA
116.291717,39.906400,119.1,3829,UAV-ALPHA
116.292121,39.906400,119.1,3830,UAV-ALPHA
116.292525,39.906400,119.2,3831,UAV-ALPHA
116.292929,39.906400,119.2,3832,UAV-ALPHA
116.293333,39.906400,119.2,3833,UAV-ALPHA
116.293737,39.906400,119.2,3834,UAV-ALPHA
116.294141,39.906400,119.2,3835,UAV-ALPHA
116.294545,39.906400,119.2,3836,UAV-ALPHA
116.294949,39.906400,119.2,3837,UAV-ALPHA
116.295354,39.906400,119.2,3838,UAV-ALPHA
116.295758,39.906400,119.2,3839,UAV-ALPHA
116.296162,39.906400,119.2,3840,UAV-ALPHA
116.296566,39.906400,119.2,3841,UAV-ALPHA
116.296970,39.906400,119.2,3842,UAV-ALPHA
116.297374,39.906400,119.2,3843,UAV-ALPHA
116.297778,39.906400,119.2,3844,UAV-ALPHA
116.298182,39.906400,119.2,3845,UAV-ALPHA
116.298586,39.906400,119.2,3846,UAV-ALPHA
116.298990,39.906400,119.2,3847,UAV-ALPHA
116.299394,39.906400,119.2,3848,UAV-ALPHA
116.299798,39.906400,119.2,3849,UAV-ALPHA
116.300202,39.906400,119.2,3850,UAV-ALPHA
116.300606,39.906400,119.3,3851,UAV-ALPHA
116.301010,39.906400,119.3,3852,UAV-ALPHA
116.301414,39.906400,119.3,3853,UAV-ALPHA
116.301818,39.906400,119.3,3854,UAV-ALPHA
116.302222,39.906400,119.3,3855,UAV-ALPHA
116.302626,39.906400,119.3,3856,UAV-ALPHA
116.303030,39.906400,119.3,3857,UAV-ALPHA
116.303434,39.906400,119.3,3858,UAV-ALPHA
116.303838,39.906400,119.3,3859,UAV-ALPHA
116.304242,39.906400,119.3,3860,UAV-ALPHA
116.304646,39.906400,119.3,3861,UAV-ALPHA
116.305051,39.906400,119.3,3862,UAV-ALPHA
116.305455,39.906400,119.3,3863,UAV-ALPHA
116.305859,39.906400,119.3,3864,UAV-ALPHA
116.306263,39.906400,119.3,3865,UAV-ALPHA
116.306667,39.906400,119.3,3866,UAV-ALPHA
116.307071,39.906400,119.3,3867,UAV-ALPHA
116.307475,39.906400,119.3,3868,UAV-ALPHA
116.307879,39.906400,119.3,3869,UAV-ALPHA
116.308283,39.906400,119.3,3870,UAV-ALPHA
116.308687,39.906400,119.4,3871,UAV-ALPHA
116.309091,39.906400,119.4,3872,UAV-ALPHA
116.309495,39.906400,119.4,3873,UAV-ALPHA
116.309899,39.906400,119.4,3874,UAV-ALPHA
116.310303,39.906400,119.4,3875,UAV-ALPHA
116.310707,39.906400,119.4,3876,UAV-ALPHA
116.311111,39.906400,119.4,3877,UAV-ALPHA
116.311515,39.906400,119.4,3878,UAV-ALPHA
116.311919,39.906400,119.4,3879,UAV-ALPHA
116.312323,39.906400,119.4,3880,UAV-ALPHA
116.312727,39.906400,119.4,3881,UAV-ALPHA
116.313131,39.906400,119.4,3882,UAV-ALPHA
116.313535,39.906400,119.4,3883,UAV-ALPHA
116.313939,39.906400,119.4,3884,UAV-ALPHA
116.314343,39.906400,119.4,3885,UAV-ALPHA
116.314747,39.906400,119.4,3886,UAV-ALPHA
116.315152,39.906400,119.4,3887,UAV-ALPHA
116.315556,39.906400,119.4,3888,UAV-ALPHA
116.315960,39.906400,119.4,3889,UAV-ALPHA
116.316364,39.906400,119.4,3890,UAV-ALPHA
116.316768,39.906400,119.5,3891,UAV-ALPHA
116.317172,39.906400,119.5,3892,UAV-ALPHA
116.317576,39.906400,119.5,3893,UAV-ALPHA
116.317980,39.906400,119.5,3894,UAV-ALPHA
116.318384,39.906400,119.5,3895,UAV-ALPHA
116.318788,39.906400,119.5,3896,UAV-ALPHA
116.319192,39.906400,119.5,3897,UAV-ALPHA
116.319596,39.906400,119.5,3898,UAV-ALPHA
116.320000,39.906400,119.5,3899,UAV-ALPHA
116.320000,39.906700,119.5,3900,UAV-ALPHA
116.319596,39.906700,119.5,3901,UAV-ALPHA
116.319192,39.906700,119.5,3902,UAV-ALPHA
116.318788,39.906700,119.5,3903,UAV-ALPHA
116.318384,39.906700,119.5,3904,UAV-ALPHA
116.317980,39.906700,119.5,3905,UAV-ALPHA
116.317576,39.906700,119.5,3906,UAV-ALPHA
116.317172,39.906700,119.5,3907,UAV-ALPHA
116.316768,39.906700,119.5,3908,UAV-ALPHA
116.316364,39.906700,119.5,3909,UAV-ALPHA
116.315960,39.906700,119.5,3910,UAV-ALPHA
116.315556,39.906700,119.6,3911,UAV-ALPHA
116.315152,39.906700,119.6,3912,UAV-ALPHA
116.314747,39.906700,119.6,3913,UAV-ALPHA
116.314343,39.906700,119.6,3914,UAV-ALPHA
116.313939,39.906700,119.6,3915,UAV-ALPHA
116.313535,39.906700,119.6,3916,UAV-ALPHA
116.313131,39.906700,119.6,3917,UAV-ALPHA
116.312727,39.906700,119.6,3918,UAV-ALPHA
116.312323,39.906700,119.6,3919,UAV-ALPHA
116.311919,39.906700,119.6,3920,UAV-ALPHA
116.311515,39.906700,119.6,3921,UAV-ALPHA
116.311111,39.906700,119.6,3922,UAV-ALPHA
116.310707,39.906700,119.6,3923,UAV-ALPHA
116.310303,39.906700,119.6,3924,UAV-ALPHA
116.309899,39.906700,119.6,3925,UAV-ALPHA
116.309495,39.906700,119.6,3926,UAV-ALPHA
116.309091,39.906700,119.6,3927,UAV-ALPHA
116.308687,39.906700,119.6,3928,UAV-ALPHA
116.308283,39.906700,119.6,3929,UAV-ALPHA
116.307879,39.906700,119.6,3930,UAV-ALPHA
116.307475,39.906700,119.7,3931,UAV-ALPHA
116.307071,39.906700,119.7,3932,UAV-ALPHA
116.306667,39.906700,119.7,3933,UAV-ALPHA
116.306263,39.906700,119.7,3934,UAV-ALPHA
116.305859,39.906700,119.7,3935,UAV-ALPHA
116.305455,39.906700,119.7,3936,UAV-ALPHA
116.305051,39.906700,119.7,3937,UAV-ALPHA
116.304646,39.906700,119.7,3938,UAV-ALPHA
116.304242,39.906700,119.7,3939,UAV-ALPHA
116.303838,39.906700,119.7,3940,UAV-ALPHA
116.303434,39.906700,119.7,3941,UAV-ALPHA
116.303030,39.906700,119.7,3942,UAV-ALPHA
116.302626,39.906700,119.7,3943,UAV-ALPHA
116.302222,39.906700,119.7,3944,UAV-ALPHA
116.301818,39.906700,119.7,3945,UAV-ALPHA
116.301414,39.906700,119.7,3946,UAV-ALPHA
116.301010,39.906700,119.7,3947,UAV-ALPHA
116.300606,39.906700,119.7,3948,UAV-ALPHA
116.300202,39.906700,119.7,3949,UAV-ALPHA
116.299798,39.906700,119.7,3950,UAV-ALPHA
116.299394,39.906700,119.8,3951,UAV-ALPHA
116.298990,39.906700,119.8,3952,UAV-ALPHA
116.298586,39.906700,119.8,3953,UAV-ALPHA
116.298182,39.906700,119.8,3954,UAV-ALPHA
116.297778,39.906700,119.8,3955,UAV-ALPHA
116.297374,39.906700,119.8,3956,UAV-ALPHA
116.296970,39.906700,119.8,3957,UAV-ALPHA
116.296566,39.906700,119.8,3958,UAV-ALPHA
116.296162,39.906700,119.8,3959,UAV-ALPHA
116.295758,39.906700,119.8,3960,UAV-ALPHA
116.295354,39.906700,119.8,3961,UAV-ALPHA
116.294949,39.906700,119.8,3962,UAV-ALPHA
116.294545,39.906700,119.8,3963,UAV-ALPHA
116.294141,39.906700,119.8,3964,UAV-ALPHA
116.293737,39.906700,119.8,3965,UAV-ALPHA
116.293333,39.906700,119.8,3966,UAV-ALPHA
116.292929,39.906700,119.8,3967,UAV-ALPHA
116.292525,39.906700,119.8,3968,UAV-ALPHA
116.292121,39.906700,119.8,3969,UAV-ALPHA
116.291717,39.906700,119.8,3970,UAV-ALPHA
116.291313,39.906700,119.9,3971,UAV-ALPHA
116.290909,39.906700,119.9,3972,UAV-ALPHA
116.290505,39.906700,119.9,3973,UAV-ALPHA
116.290101,39.906700,119.9,3974,UAV-ALPHA
116.289697,39.906700,119.9,3975,UAV-ALPHA
116.289293,39.906700,119.9,3976,UAV-ALPHA
116.288889,39.906700,119.9,3977,UAV-ALPHA
116.288485,39.906700,119.9,3978,UAV-ALPHA
116.288081,39.906700,119.9,3979,UAV-ALPHA
116.287677,39.906700,119.9,3980,UAV-ALPHA
116.287273,39.906700,119.9,3981,UAV-ALPHA
116.286869,39.906700,119.9,3982,UAV-ALPHA
116.286465,39.906700,119.9,3983,UAV-ALPHA
116.286061,39.906700,119.9,3984,UAV-ALPHA
116.285657,39.906700,119.9,3985,UAV-ALPHA
116.285253,39.906700,119.9,3986,UAV-ALPHA
116.284848,39.906700,119.9,3987,UAV-ALPHA
116.284444,39.906700,119.9,3988,UAV-ALPHA
116.284040,39.906700,119.9,3989,UAV-ALPHA
116.283636,39.906700,119.9,3990,UAV-ALPHA
116.283232,39.906700,120.0,3991,UAV-ALPHA
116.282828,39.906700,120.0,3992,UAV-ALPHA
116.282424,39.906700,120.0,3993,UAV-ALPHA
116.282020,39.906700,120.0,3994,UAV-ALPHA
116.281616,39.906700,120.0,3995,UAV-ALPHA
116.281212,39.906700,120.0,3996,UAV-ALPHA
116.280808,39.906700,120.0,3997,UAV-ALPHA
116.280404,39.906700,120.0,3998,UAV-ALPHA
116.280000,39.906700,120.0,3999,UAV-ALPHA
116.280000,39.907000,120.0,4000,UAV-ALPHA
116.280404,39.907000,120.0,4001,UAV-ALPHA
116.280808,39.907000,120.0,4002,UAV-ALPHA
116.281212,39.907000,120.0,4003,UAV-ALPHA
116.281616,39.907000,120.0,4004,UAV-ALPHA
116.282020,39.907000,120.0,4005,UAV-ALPHA
116.282424,39.907000,120.0,4006,UAV-ALPHA
116.282828,39.907000,120.0,4007,UAV-ALPHA
116.283232,39.907000,120.0,4008,UAV-ALPHA
116.283636,39.907000,120.0,4009,UAV-ALPHA
116.284040,39.907000,120.0,4010,UAV-ALPHA
116.284444,39.907000,120.1,4011,UAV-ALPHA
116.284848,39.907000,120.1,4012,UAV-ALPHA
116.285253,39.907000,120.1,4013,UAV-ALPHA
116.285657,39.907000,120.1,4014,UAV-ALPHA
116.286061,39.907000,120.1,4015,UAV-ALPHA
116.286465,39.907000,120.1,4016,UAV-ALPHA
116.286869,39.907000,120.1,4017,UAV-ALPHA
116.287273,39.907000,120.1,4018,UAV-ALPHA
116.287677,39.907000,120.1,4019,UAV-ALPHA
116.288081,39.907000,120.1,4020,UAV-ALPHA
116.288485,39.907000,120.1,4021,UAV-ALPHA
116.288889,39.907000,120.1,4022,UAV-ALPHA
116.289293,39.907000,120.1,4023,UAV-ALPHA
116.289697,39.907000,120.1,4024,UAV-ALPHA
116.290101,39.907000,120.1,4025,UAV-ALPHA
116.290505,39.907000,120.1,4026,UAV-ALPHA
116.290909,39.907000,120.1,4027,UAV-ALPHA
116.291313,39.907000,120.1,4028,UAV-ALPHA
116.291717,39.907000,120.1,4029,UAV-ALPHA
116.292121,39.907000,120.1,4030,UAV-ALPHA
116.292525,39.907000,120.2,4031,UAV-ALPHA
116.292929,39.907000,120.2,4032,UAV-ALPHA
116.293333,39.907000,120.2,4033,UAV-ALPHA
116.293737,39.907000,120.2,4034,UAV-ALPHA
116.294141,39.907000,120.2,4035,UAV-ALPHA
116.294545,39.907000,120.2,4036,UAV-ALPHA
116.294949,39.907000,120.2,4037,UAV-ALPHA
116.295354,39.907000,120.2,4038,UAV-ALPHA
116.295758,39.907000,120.2,4039,UAV-ALPHA
116.296162,39.907000,120.2,4040,UAV-ALPHA
116.296566,39.907000,120.2,4041,UAV-ALPHA
116.296970,39.907000,120.2,4042,UAV-ALPHA
116.297374,39.907000,120.2,4043,UAV-ALPHA
116.297778,39.907000,120.2,4044,UAV-ALPHA
116.298182,39.907000,120.2,4045,UAV-ALPHA
116.298586,39.907000,120.2,4046,UAV-ALPHA
116.298990,39.907000,120.2,4047,UAV-ALPHA
116.299394,39.907000,120.2,4048,UAV-ALPHA
116.299798,39.907000,120.2,4049,UAV-ALPHA
116.300202,39.907000,120.2,4050,UAV-ALPHA
116.300606,39.907000,120.3,4051,UAV-ALPHA
116.301010,39.907000,120.3,4052,UAV-ALPHA
116.301414,39.907000,120.3,4053,UAV-ALPHA
116.301818,39.907000,120.3,4054,UAV-ALPHA
116.302222,39.907000,120.3,4055,UAV-ALPHA
116.302626,39.907000,120.3,4056,UAV-ALPHA
116.303030,39.907000,120.3,4057,UAV-ALPHA
116.303434,39.907000,120.3,4058,UAV-ALPHA
116.303838,39.907000,120.3,4059,UAV-ALPHA
116.304242,39.907000,120.3,4060,UAV-ALPHA
116.304646,39.907000,120.3,4061,UAV-ALPHA
116.305051,39.907000,120.3,4062,UAV-ALPHA
116.305455,39.907000,120.3,4063,UAV-ALPHA
116.305859,39.907000,120.3,4064,UAV-ALPHA
116.306263,39.907000,120.3,4065,UAV-ALPHA
116.306667,39.907000,120.3,4066,UAV-ALPHA
116.307071,39.907000,120.3,4067,UAV-ALPHA
116.307475,39.907000,120.3,4068,UAV-ALPHA
116.307879,39.907000,120.3,4069,UAV-ALPHA
116.308283,39.907000,120.3,4070,UAV-ALPHA
116.308687,39.907000,120.4,4071,UAV-ALPHA
116.309091,39.907000,120.4,4072,UAV-ALPHA
116.309495,39.907000,120.4,4073,UAV-ALPHA
116.309899,39.907000,120.4,4074,UAV-ALPHA
116.310303,39.907000,120.4,4075,UAV-ALPHA
116.310707,39.907000,120.4,4076,UAV-ALPHA
116.311111,39.907000,120.4,4077,UAV-ALPHA
116.311515,39.907000,120.4,4078,UAV-ALPHA
116.311919,39.907000,120.4,4079,UAV-ALPHA
116.312323,39.907000,120.4,4080,UAV-ALPHA
116.312727,39.907000,120.4,4081,UAV-ALPHA
116.313131,39.907000,120.4,4082,UAV-ALPHA
116.313535,39.907000,120.4,4083,UAV-ALPHA
116.313939,39.907000,120.4,4084,UAV-ALPHA
116.314343,39.907000,120.4,4085,UAV-ALPHA
116.314747,39.907000,120.4,4086,UAV-ALPHA
116.315152,39.907000,120.4,4087,UAV-ALPHA
116.315556,39.907000,120.4,4088,UAV-ALPHA
116.315960,39.907000,120.4,4089,UAV-ALPHA
116.316364,39.907000,120.4,4090,UAV-ALPHA
116.316768,39.907000,120.5,4091,UAV-ALPHA
116.317172,39.907000,120.5,4092,UAV-ALPHA
116.317576,39.907000,120.5,4093,UAV-ALPHA
116.317980,39.907000,120.5,4094,UAV-ALPHA
116.318384,39.907000,120.5,4095,UAV-ALPHA
116.318788,39.907000,120.5,4096,UAV-ALPHA
116.319192,39.907000,120.5,4097,UAV-ALPHA
116.319596,39.907000,120.5,4098,UAV-ALPHA
116.320000,39.907000,120.5,4099,UAV-ALPHA
116.320000,39.907300,120.5,4100,UAV-ALPHA
116.319596,39.907300,120.5,4101,UAV-ALPHA
116.319192,39.907300,120.5,4102,UAV-ALPHA
116.318788,39.907300,120.5,4103,UAV-ALPHA
116.318384,39.907300,120.5,4104,UAV-ALPHA
116.317980,39.907300,120.5,4105,UAV-ALPHA
116.317576,39.907300,120.5,4106,UAV-ALPHA
116.317172,39.907300,120.5,4107,UAV-ALPHA
116.316768,39.907300,120.5,4108,UAV-ALPHA
116.316364,39.907300,120.5,4109,UAV-ALPHA
116.315960,39.907300,120.5,4110,UAV-ALPHA
116.315556,39.907300,120.6,4111,UAV-ALPHA
116.315152,39.907300,120.6,4112,UAV-ALPHA
116.314747,39.907300,120.6,4113,UAV-ALPHA
116.314343,39.907300,120.6,4114,UAV-ALPHA
116.313939,39.907300,120.6,4115,UAV-ALPHA
116.313535,39.907300,120.6,4116,UAV-ALPHA
116.313131,39.907300,120.6,4117,UAV-ALPHA
116.312727,39.907300,120.6,4118,UAV-ALPHA
116.312323,39.907300,120.6,4119,UAV-ALPHA
116.311919,39.907300,120.6,4120,UAV-ALPHA
116.311515,39.907300,120.6,4121,UAV-ALPHA
116.311111,39.907300,120.6,4122,UAV-ALPHA
116.310707,39.907300,120.6,4123,UAV-ALPHA
116.310303,39.907300,120.6,4124,UAV-ALPHA
116.309899,39.907300,120.6,4125,UAV-ALPHA
116.309495,39.907300,120.6,4126,UAV-ALPHA
116.309091,39.907300,120.6,4127,UAV-ALPHA
116.308687,39.907300,120.6,4128,UAV-ALPHA
116.308283,39.907300,120.6,4129,UAV-ALPHA
116.307879,39.907300,120.6,4130,UAV-ALPHA
116.307475,39.907300,120.7,4131,UAV-ALPHA
116.307071,39.907300,120.7,4132,UAV-ALPHA
116.306667,39.907300,120.7,4133,UAV-ALPHA
116.306263,39.907300,120.7,4134,UAV-ALPHA
116.305859,39.907300,120.7,4135,UAV-ALPHA
116.305455,39.907300,120.7,4136,UAV-ALPHA
116.305051,39.907300,120.7,4137,UAV-ALPHA
116.304646,39.907300,120.7,4138,UAV-ALPHA
116.304242,39.907300,120.7,4139,UAV-ALPHA
116.303838,39.907300,120.7,4140,UAV-ALPHA
116.303434,39.907300,120.7,4141,UAV-ALPHA
116.303030,39.907300,120.7,4142,UAV-ALPHA
116.302626,39.907300,120.7,4143,UAV-ALPHA
116.302222,39.907300,120.7,4144,UAV-ALPHA
116.301818,39.907300,120.7,4145,UAV-ALPHA
116.301414,39.907300,120.7,4146,UAV-ALPHA
116.301010,39.907300,120.7,4147,UAV-ALPHA
116.300606,39.907300,120.7,4148,UAV-ALPHA
116.300202,39.907300,120.7,4149,UAV-ALPHA
116.299798,39.907300,120.7,4150,UAV-ALPHA
116.299394,39.907300,120.8,4151,UAV-ALPHA
116.298990,39.907300,120.8,4152,UAV-ALPHA
116.298586,39.907300,120.8,4153,UAV-ALPHA
116.298182,39.907300,120.8,4154,UAV-ALPHA
116.297778,39.907300,120.8,4155,UAV-ALPHA
116.297374,39.907300,120.8,4156,UAV-ALPHA
116.296970,39.907300,120.8,4157,UAV-ALPHA
116.296566,39.907300,120.8,4158,UAV-ALPHA
116.296162,39.907300,120.8,4159,UAV-ALPHA
116.295758,39.907300,120.8,4160,UAV-ALPHA
116.295354,39.907300,120.8,4161,UAV-ALPHA
116.294949,39.907300,120.8,4162,UAV-ALPHA
116.294545,39.907300,120.8,4163,UAV-ALPHA
116.294141,39.907300,120.8,4164,UAV-ALPHA
116.293737,39.907300,120.8,4165,UAV-ALPHA
116.293333,39.907300,120.8,4166,UAV-ALPHA
116.292929,39.907300,120.8,4167,UAV-ALPHA
116.292525,39.907300,120.8,4168,UAV-ALPHA
116.292121,39.907300,120.8,4169,UAV-ALPHA
116.291717,39.907300,120.8,4170,UAV-ALPHA
116.291313,39.907300,120.9,4171,UAV-ALPHA
116.290909,39.907300,120.9,4172,UAV-ALPHA
116.290505,39.907300,120.9,4173,UAV-ALPHA
116.290101,39.907300,120.9,4174,UAV-ALPHA
116.289697,39.907300,120.9,4175,UAV-ALPHA
116.289293,39.907300,120.9,4176,UAV-ALPHA
116.288889,39.907300,120.9,4177,UAV-ALPHA
116.288485,39.907300,120.9,4178,UAV-ALPHA
116.288081,39.907300,120.9,4179,UAV-ALPHA
116.287677,39.907300,120.9,4180,UAV-ALPHA
116.287273,39.907300,120.9,4181,UAV-ALPHA
116.286869,39.907300,120.9,4182,UAV-ALPHA
116.286465,39.907300,120.9,4183,UAV-ALPHA
116.286061,39.907300,120.9,4184,UAV-ALPHA
116.285657,39.907300,120.9,4185,UAV-ALPHA
116.285253,39.907300,120.9,4186,UAV-ALPHA
116.284848,39.907300,120.9,4187,UAV-ALPHA
116.284444,39.907300,120.9,4188,UAV-ALPHA
116.284040,39.907300,120.9,4189,UAV-ALPHA
116.283636,39.907300,120.9,4190,UAV-ALPHA
116.283232,39.907300,121.0,4191,UAV-ALPHA
116.282828,39.907300,121.0,4192,UAV-ALPHA
116.282424,39.907300,121.0,4193,UAV-ALPHA
116.282020,39.907300,121.0,4194,UAV-ALPHA
116.281616,39.907300,121.0,4195,UAV-ALPHA
116.281212,39.907300,121.0,4196,UAV-ALPHA
116.280808,39.907300,121.0,4197,UAV-ALPHA
116.280404,39.907300,121.0,4198,UAV-ALPHA
116.280000,39.907300,121.0,4199,UAV-ALPHA
116.280000,39.907600,121.0,4200,UAV-ALPHA
116.280404,39.907600,121.0,4201,UAV-ALPHA
116.280808,39.907600,121.0,4202,UAV-ALPHA
116.281212,39.907600,121.0,4203,UAV-ALPHA
116.281616,39.907600,121.0,4204,UAV-ALPHA
116.282020,39.907600,121.0,4205,UAV-ALPHA
116.282424,39.907600,121.0,4206,UAV-ALPHA
116.282828,39.907600,121.0,4207,UAV-ALPHA
116.283232,39.907600,121.0,4208,UAV-ALPHA
116.283636,39.907600,121.0,4209,UAV-ALPHA
116.284040,39.907600,121.0,4210,UAV-ALPHA
116.284444,39.907600,121.1,4211,UAV-ALPHA
116.284848,39.907600,121.1,4212,UAV-ALPHA
116.285253,39.907600,121.1,4213,UAV-ALPHA
116.285657,39.907600,121.1,4214,UAV-ALPHA
116.286061,39.907600,121.1,4215,UAV-ALPHA
116.286465,39.907600,121.1,4216,UAV-ALPHA
116.286869,39.907600,121.1,4217,UAV-ALPHA
116.287273,39.907600,121.1,4218,UAV-ALPHA
116.287677,39.907600,121.1,4219,UAV-ALPHA
116.288081,39.907600,121.1,4220,UAV-ALPHA
116.288485,39.907600,121.1,4221,UAV-ALPHA
116.288889,39.907600,121.1,4222,UAV-ALPHA
116.289293,39.907600,121.1,4223,UAV-ALPHA
116.289697,39.907600,121.1,4224,UAV-ALPHA
116.290101,39.907600,121.1,4225,UAV-ALPHA
116.290505,39.907600,121.1,4226,UAV-ALPHA
116.290909,39.907600,121.1,4227,UAV-ALPHA
116.291313,39.907600,121.1,4228,UAV-ALPHA
116.291717,39.907600,121.1,4229,UAV-ALPHA
116.292121,39.907600,121.1,4230,UAV-ALPHA
116.292525,39.907600,121.2,4231,UAV-ALPHA
116.292929,39.907600,121.2,4232,UAV-ALPHA
116.293333,39.907600,121.2,4233,UAV-ALPHA
116.293737,39.907600,121.2,4234,UAV-ALPHA
116.294141,39.907600,121.2,4235,UAV-ALPHA
116.294545,39.907600,121.2,4236,UAV-ALPHA
116.294949,39.907600,121.2,4237,UAV-ALPHA
116.295354,39.907600,121.2,4238,UAV-ALPHA
116.295758,39.907600,121.2,4239,UAV-ALPHA
116.296162,39.907600,121.2,4240,UAV-ALPHA
116.296566,39.907600,121.2,4241,UAV-ALPHA
116.296970,39.907600,121.2,4242,UAV-ALPHA
116.297374,39.907600,121.2,4243,UAV-ALPHA
116.297778,39.907600,121.2,4244,UAV-ALPHA
116.298182,39.907600,121.2,4245,UAV-ALPHA
116.298586,39.907600,121.2,4246,UAV-ALPHA
116.298990,39.907600,121.2,4247,UAV-ALPHA
116.299394,39.907600,121.2,4248,UAV-ALPHA
116.299798,39.907600,121.2,4249,UAV-ALPHA
116.300202,39.907600,121.2,4250,UAV-ALPHA
116.300606,39.907600,121.3,4251,UAV-ALPHA
116.301010,39.907600,121.3,4252,UAV-ALPHA
116.301414,39.907600,121.3,4253,UAV-ALPHA
116.301818,39.907600,121.3,4254,UAV-ALPHA
116.302222,39.907600,121.3,4255,UAV-ALPHA
116.302626,39.907600,121.3,4256,UAV-ALPHA
116.303030,39.907600,121.3,4257,UAV-ALPHA
116.303434,39.907600,121.3,4258,UAV-ALPHA
116.303838,39.907600,121.3,4259,UAV-ALPHA
116.304242,39.907600,121.3,4260,UAV-ALPHA
116.304646,39.907600,121.3,4261,UAV-ALPHA
116.305051,39.907600,121.3,4262,UAV-ALPHA
116.305455,39.907600,121.3,4263,UAV-ALPHA
116.305859,39.907600,121.3,4264,UAV-ALPHA
116.306263,39.907600,121.3,4265,UAV-ALPHA
116.306667,39.907600,121.3,4266,UAV-ALPHA
116.307071,39.907600,121.3,4267,UAV-ALPHA
116.307475,39.907600,121.3,4268,UAV-ALPHA
116.307879,39.907600,121.3,4269,UAV-ALPHA
116.308283,39.907600,121.3,4270,UAV-ALPHA
116.308687,39.907600,121.4,4271,UAV-ALPHA
116.309091,39.907600,121.4,4272,UAV-ALPHA
116.309495,39.907600,121.4,4273,UAV-ALPHA
116.309899,39.907600,121.4,4274,UAV-ALPHA
116.310303,39.907600,121.4,4275,UAV-ALPHA
116.310707,39.907600,121.4,4276,UAV-ALPHA
116.311111,39.907600,121.4,4277,UAV-ALPHA
116.311515,39.907600,121.4,4278,UAV-ALPHA
116.311919,39.907600,121.4,4279,UAV-ALPHA
116.312323,39.907600,121.4,4280,UAV-ALPHA
116.312727,39.907600,121.4,4281,UAV-ALPHA
116.313131,39.907600,121.4,4282,UAV-ALPHA
116.313535,39.907600,121.4,4283,UAV-ALPHA
116.313939,39.907600,121.4,4284,UAV-ALPHA
116.314343,39.907600,121.4,4285,UAV-ALPHA
116.314747,39.907600,121.4,4286,UAV-ALPHA
116.315152,39.907600,121.4,4287,UAV-ALPHA
116.315556,39.907600,121.4,4288,UAV-ALPHA
116.315960,39.907600,121.4,4289,UAV-ALPHA
116.316364,39.907600,121.4,4290,UAV-ALPHA
116.316768,39.907600,121.5,4291,UAV-ALPHA
116.317172,39.907600,121.5,4292,UAV-ALPHA
116.317576,39.907600,121.5,4293,UAV-ALPHA
116.317980,39.907600,121.5,4294,UAV-ALPHA
116.318384,39.907600,121.5,4295,UAV-ALPHA
116.318788,39.907600,121.5,4296,UAV-ALPHA
116.319192,39.907600,121.5,4297,UAV-ALPHA
116.319596,39.907600,121.5,4298,UAV-ALPHA
116.320000,39.907600,121.5,4299,UAV-ALPHA
116.320000,39.907900,121.5,4300,UAV-ALPHA
116.319596,39.907900,121.5,4301,UAV-ALPHA
116.319192,39.907900,121.5,4302,UAV-ALPHA
116.318788,39.907900,121.5,4303,UAV-ALPHA
116.318384,39.907900,121.5,4304,UAV-ALPHA
116.317980,39.907900,121.5,4305,UAV-ALPHA
116.317576,39.907900,121.5,4306,UAV-ALPHA
116.317172,39.907900,121.5,4307,UAV-ALPHA
116.316768,39.907900,121.5,4308,UAV-ALPHA
116.316364,39.907900,121.5,4309,UAV-ALPHA
116.315960,39.907900,121.5,4310,UAV-ALPHA
116.315556,39.907900,121.6,4311,UAV-ALPHA
116.315152,39.907900,121.6,4312,UAV-ALPHA
116.314747,39.907900,121.6,4313,UAV-ALPHA
116.314343,39.907900,121.6,4314,UAV-ALPHA
116.313939,39.907900,121.6,4315,UAV-ALPHA
116.313535,39.907900,121.6,4316,UAV-ALPHA
116.313131,39.907900,121.6,4317,UAV-ALPHA
116.312727,39.907900,121.6,4318,UAV-ALPHA
116.312323,39.907900,121.6,4319,UAV-ALPHA
116.311919,39.907900,121.6,4320,UAV-ALPHA
116.311515,39.907900,121.6,4321,UAV-ALPHA
116.311111,39.907900,121.6,4322,UAV-ALPHA
116.310707,39.907900,121.6,4323,UAV-ALPHA
116.310303,39.907900,121.6,4324,UAV-ALPHA
116.309899,39.907900,121.6,4325,UAV-ALPHA
116.309495,39.907900,121.6,4326,UAV-ALPHA
116.309091,39.907900,121.6,4327,UAV-ALPHA
116.308687,39.907900,121.6,4328,UAV-ALPHA
116.308283,39.907900,121.6,4329,UAV-ALPHA
116.307879,39.907900,121.6,4330,UAV-ALPHA
116.307475,39.907900,121.7,4331,UAV-ALPHA
116.307071,39.907900,121.7,4332,UAV-ALPHA
116.306667,39.907900,121.7,4333,UAV-ALPHA
116.306263,39.907900,121.7,4334,UAV-ALPHA
116.305859,39.907900,121.7,4335,UAV-ALPHA
116.305455,39.907900,121.7,4336,UAV-ALPHA
116.305051,39.907900,121.7,4337,UAV-ALPHA
116.304646,39.907900,121.7,4338,UAV-ALPHA
116.304242,39.907900,121.7,4339,UAV-ALPHA
116.303838,39.907900,121.7,4340,UAV-ALPHA
116.303434,39.907900,121.7,4341,UAV-ALPHA
116.303030,39.907900,121.7,4342,UAV-ALPHA
116.302626,39.907900,121.7,4343,UAV-ALPHA
116.302222,39.907900,121.7,4344,UAV-ALPHA
116.301818,39.907900,121.7,4345,UAV-ALPHA
116.301414,39.907900,121.7,4346,UAV-ALPHA
116.301010,39.907900,121.7,4347,UAV-ALPHA
116.300606,39.907900,121.7,4348,UAV-ALPHA
116.300202,39.907900,121.7,4349,UAV-ALPHA
116.299798,39.907900,121.7,4350,UAV-ALPHA
116.299394,39.907900,121.8,4351,UAV-ALPHA
116.298990,39.907900,121.8,4352,UAV-ALPHA
116.298586,39.907900,121.8,4353,UAV-ALPHA
116.298182,39.907900,121.8,4354,UAV-ALPHA
116.297778,39.907900,121.8,4355,UAV-ALPHA
116.297374,39.907900,121.8,4356,UAV-ALPHA
116.296970,39.907900,121.8,4357,UAV-ALPHA
116.296566,39.907900,121.8,4358,UAV-ALPHA
116.296162,39.907900,121.8,4359,UAV-ALPHA
116.295758,39.907900,121.8,4360,UAV-ALPHA
116.295354,39.907900,121.8,4361,UAV-ALPHA
116.294949,39.907900,121.8,4362,UAV-ALPHA
116.294545,39.907900,121.8,4363,UAV-ALPHA
116.294141,39.907900,121.8,4364,UAV-ALPHA
116.293737,39.907900,121.8,4365,UAV-ALPHA
116.293333,39.907900,121.8,4366,UAV-ALPHA
116.292929,39.907900,121.8,4367,UAV-ALPHA
116.292525,39.907900,121.8,4368,UAV-ALPHA
116.292121,39.907900,121.8,4369,UAV-ALPHA
116.291717,39.907900,121.8,4370,UAV-ALPHA
116.291313,39.907900,121.9,4371,UAV-ALPHA
116.290909,39.907900,121.9,4372,UAV-ALPHA
116.290505,39.907900,121.9,4373,UAV-ALPHA
116.290101,39.907900,121.9,4374,UAV-ALPHA
116.289697,39.907900,121.9,4375,UAV-ALPHA
116.289293,39.907900,121.9,4376,UAV-ALPHA
116.288889,39.907900,121.9,4377,UAV-ALPHA
116.288485,39.907900,121.9,4378,UAV-ALPHA
116.288081,39.907900,121.9,4379,UAV-ALPHA
116.287677,39.907900,121.9,4380,UAV-ALPHA
116.287273,39.907900,121.9,4381,UAV-ALPHA
116.286869,39.907900,121.9,4382,UAV-ALPHA
116.286465,39.907900,121.9,4383,UAV-ALPHA
116.286061,39.907900,121.9,4384,UAV-ALPHA
116.285657,39.907900,121.9,4385,UAV-ALPHA
116.285253,39.907900,121.9,4386,UAV-ALPHA
116.284848,39.907900,121.9,4387,UAV-ALPHA
116.284444,39.907900,121.9,4388,UAV-ALPHA
116.284040,39.907900,121.9,4389,UAV-ALPHA
116.283636,39.907900,121.9,4390,UAV-ALPHA
116.283232,39.907900,122.0,4391,UAV-ALPHA
116.282828,39.907900,122.0,4392,UAV-ALPHA
116.282424,39.907900,122.0,4393,UAV-ALPHA
116.282020,39.907900,122.0,4394,UAV-ALPHA
116.281616,39.907900,122.0,4395,UAV-ALPHA
116.281212,39.907900,122.0,4396,UAV-ALPHA
116.280808,39.907900,122.0,4397,UAV-ALPHA
116.280404,39.907900,122.0,4398,UAV-ALPHA
116.280000,39.907900,122.0,4399,UAV-ALPHA
116.280000,39.908200,122.0,4400,UAV-ALPHA
116.280404,39.908200,122.0,4401,UAV-ALPHA
116.280808,39.908200,122.0,4402,UAV-ALPHA
116.281212,39.908200,122.0,4403,UAV-ALPHA
116.281616,39.908200,122.0,4404,UAV-ALPHA
116.282020,39.908200,122.0,4405,UAV-ALPHA
116.282424,39.908200,122.0,4406,UAV-ALPHA
116.282828,39.908200,122.0,4407,UAV-ALPHA
116.283232,39.908200,122.0,4408,UAV-ALPHA
116.283636,39.908200,122.0,4409,UAV-ALPHA
116.284040,39.908200,122.0,4410,UAV-ALPHA
116.284444,39.908200,122.1,4411,UAV-ALPHA
116.284848,39.908200,122.1,4412,UAV-ALPHA
116.285253,39.908200,122.1,4413,UAV-ALPHA
116.285657,39.908200,122.1,4414,UAV-ALPHA
116.286061,39.908200,122.1,4415,UAV-ALPHA
116.286465,39.908200,122.1,4416,UAV-ALPHA
116.286869,39.908200,122.1,4417,UAV-ALPHA
116.287273,39.908200,122.1,4418,UAV-ALPHA
116.287677,39.908200,122.1,4419,UAV-ALPHA
116.288081,39.908200,122.1,4420,UAV-ALPHA
116.288485,39.908200,122.1,4421,UAV-ALPHA
116.288889,39.908200,122.1,4422,UAV-ALPHA
116.289293,39.908200,122.1,4423,UAV-ALPHA
116.289697,39.908200,122.1,4424,UAV-ALPHA
116.290101,39.908200,122.1,4425,UAV-ALPHA
116.290505,39.908200,122.1,4426,UAV-ALPHA
116.290909,39.908200,122.1,4427,UAV-ALPHA
116.291313,39.908200,122.1,4428,UAV-ALPHA
116.291717,39.908200,122.1,4429,UAV-ALPHA
116.292121,39.908200,122.1,4430,UAV-ALPHA
116.292525,39.908200,122.2,4431,UAV-ALPHA
116.292929,39.908200,122.2,4432,UAV-ALPHA
116.293333,39.908200,122.2,4433,UAV-ALPHA
116.293737,39.908200,122.2,4434,UAV-ALPHA
116.294141,39.908200,122.2,4435,UAV-ALPHA
116.294545,39.908200,122.2,4436,UAV-ALPHA
116.294949,39.908200,122.2,4437,UAV-ALPHA
116.295354,39.908200,122.2,4438,UAV-ALPHA
116.295758,39.908200,122.2,4439,UAV-ALPHA
116.296162,39.908200,122.2,4440,UAV-ALPHA
116.296566,39.908200,122.2,4441,UAV-ALPHA
116.296970,39.908200,122.2,4442,UAV-ALPHA
116.297374,39.908200,122.2,4443,UAV-ALPHA
116.297778,39.908200,122.2,4444,UAV-ALPHA
116.298182,39.908200,122.2,4445,UAV-ALPHA
116.298586,39.908200,122.2,4446,UAV-ALPHA
116.298990,39.908200,122.2,4447,UAV-ALPHA
116.299394,39.908200,122.2,4448,UAV-ALPHA
116.299798,39.908200,122.2,4449,UAV-ALPHA
116.300202,39.908200,122.2,4450,UAV-ALPHA
116.300606,39.908200,122.3,4451,UAV-ALPHA
116.301010,39.908200,122.3,4452,UAV-ALPHA
116.301414,39.908200,122.3,4453,UAV-ALPHA
116.301818,39.908200,122.3,4454,UAV-ALPHA
116.302222,39.908200,122.3,4455,UAV-ALPHA
116.302626,39.908200,122.3,4456,UAV-ALPHA
116.303030,39.908200,122.3,4457,UAV-ALPHA
116.303434,39.908200,122.3,4458,UAV-ALPHA
116.303838,39.908200,122.3,4459,UAV-ALPHA
116.304242,39.908200,122.3,4460,UAV-ALPHA
116.304646,39.908200,122.3,4461,UAV-ALPHA
116.305051,39.908200,122.3,4462,UAV-ALPHA
116.305455,39.908200,122.3,4463,UAV-ALPHA
116.305859,39.908200,122.3,4464,UAV-ALPHA
116.306263,39.908200,122.3,4465,UAV-ALPHA
116.306667,39.908200,122.3,4466,UAV-ALPHA
116.307071,39.908200,122.3,4467,UAV-ALPHA
116.307475,39.908200,122.3,4468,UAV-ALPHA
116.307879,39.908200,122.3,4469,UAV-ALPHA
116.308283,39.908200,122.3,4470,UAV-ALPHA
116.308687,39.908200,122.4,4471,UAV-ALPHA
116.309091,39.908200,122.4,4472,UAV-ALPHA
116.309495,39.908200,122.4,4473,UAV-ALPHA
116.309899,39.908200,122.4,4474,UAV-ALPHA
116.310303,39.908200,122.4,4475,UAV-ALPHA
116.310707,39.908200,122.4,4476,UAV-ALPHA
116.311111,39.908200,122.4,4477,UAV-ALPHA
116.311515,39.908200,122.4,4478,UAV-ALPHA
116.311919,39.908200,122.4,4479,UAV-ALPHA
116.312323,39.908200,122.4,4480,UAV-ALPHA
116.312727,39.908200,122.4,4481,UAV-ALPHA
116.313131,39.908200,122.4,4482,UAV-ALPHA
116.313535,39.908200,122.4,4483,UAV-ALPHA
116.313939,39.908200,122.4,4484,UAV-ALPHA
116.314343,39.908200,122.4,4485,UAV-ALPHA
116.314747,39.908200,122.4,4486,UAV-ALPHA
116.315152,39.908200,122.4,4487,UAV-ALPHA
116.315556,39.908200,122.4,4488,UAV-ALPHA
116.315960,39.908200,122.4,4489,UAV-ALPHA
116.316364,39.908200,122.4,4490,UAV-ALPHA
116.316768,39.908200,122.5,4491,UAV-ALPHA
116.317172,39.908200,122.5,4492,UAV-ALPHA
116.317576,39.908200,122.5,4493,UAV-ALPHA
116.317980,39.908200,122.5,4494,UAV-ALPHA
116.318384,39.908200,122.5,4495,UAV-ALPHA
116.318788,39.908200,122.5,4496,UAV-ALPHA
116.319192,39.908200,122.5,4497,UAV-ALPHA
116.319596,39.908200,122.5,4498,UAV-ALPHA
116.320000,39.908200,122.5,4499,UAV-ALPHA
116.320000,39.908500,122.5,4500,UAV-ALPHA
116.319596,39.908500,122.5,4501,UAV-ALPHA
116.319192,39.908500,122.5,4502,UAV-ALPHA
116.318788,39.908500,122.5,4503,UAV-ALPHA
116.318384,39.908500,122.5,4504,UAV-ALPHA
116.317980,39.908500,122.5,4505,UAV-ALPHA
116.317576,39.908500,122.5,4506,UAV-ALPHA
116.317172,39.908500,122.5,4507,UAV-ALPHA
116.316768,39.908500,122.5,4508,UAV-ALPHA
116.316364,39.908500,122.5,4509,UAV-ALPHA
116.315960,39.908500,122.5,4510,UAV-ALPHA
116.315556,39.908500,122.6,4511,UAV-ALPHA
116.315152,39.908500,122.6,4512,UAV-ALPHA
116.314747,39.908500,122.6,4513,UAV-ALPHA
116.314343,39.908500,122.6,4514,UAV-ALPHA
116.313939,39.908500,122.6,4515,UAV-ALPHA
116.313535,39.908500,122.6,4516,UAV-ALPHA
116.313131,39.908500,122.6,4517,UAV-ALPHA
116.312727,39.908500,122.6,4518,UAV-ALPHA
116.312323,39.908500,122.6,4519,UAV-ALPHA
116.311919,39.908500,122.6,4520,UAV-ALPHA
116.311515,39.908500,122.6,4521,UAV-ALPHA
116.311111,39.908500,122.6,4522,UAV-ALPHA
116.310707,39.908500,122.6,4523,UAV-ALPHA
116.310303,39.908500,122.6,4524,UAV-ALPHA
116.309899,39.908500,122.6,4525,UAV-ALPHA
116.309495,39.908500,122.6,4526,UAV-ALPHA
116.309091,39.908500,122.6,4527,UAV-ALPHA
116.308687,39.908500,122.6,4528,UAV-ALPHA
116.308283,39.908500,122.6,4529,UAV-ALPHA
116.307879,39.908500,122.6,4530,UAV-ALPHA
116.307475,39.908500,122.7,4531,UAV-ALPHA
116.307071,39.908500,122.7,4532,UAV-ALPHA
116.306667,39.908500,122.7,4533,UAV-ALPHA
116.306263,39.908500,122.7,4534,UAV-ALPHA
116.305859,39.908500,122.7,4535,UAV-ALPHA
116.305455,39.908500,122.7,4536,UAV-ALPHA
116.305051,39.908500,122.7,4537,UAV-ALPHA
116.304646,39.908500,122.7,4538,UAV-ALPHA
116.304242,39.908500,122.7,4539,UAV-ALPHA
116.303838,39.908500,122.7,4540,UAV-ALPHA
116.303434,39.908500,122.7,4541,UAV-ALPHA
116.303030,39.908500,122.7,4542,UAV-ALPHA
116.302626,39.908500,122.7,4543,UAV-ALPHA
116.302222,39.908500,122.7,4544,UAV-ALPHA
116.301818,39.908500,122.7,4545,UAV-ALPHA
116.301414,39.908500,122.7,4546,UAV-ALPHA
116.301010,39.908500,122.7,4547,UAV-ALPHA
116.300606,39.908500,122.7,4548,UAV-ALPHA
116.300202,39.908500,122.7,4549,UAV-ALPHA
116.299798,39.908500,122.7,4550,UAV-ALPHA
116.299394,39.908500,122.8,4551,UAV-ALPHA
116.298990,39.908500,122.8,4552,UAV-ALPHA
116.298586,39.908500,122.8,4553,UAV-ALPHA
116.298182,39.908500,122.8,4554,UAV-ALPHA
116.297778,39.908500,122.8,4555,UAV-ALPHA
116.297374,39.908500,122.8,4556,UAV-ALPHA
116.296970,39.908500,122.8,4557,UAV-ALPHA
116.296566,39.908500,122.8,4558,UAV-ALPHA
116.296162,39.908500,122.8,4559,UAV-ALPHA
116.295758,39.908500,122.8,4560,UAV-ALPHA
116.295354,39.908500,122.8,4561,UAV-ALPHA
116.294949,39.908500,122.8,4562,UAV-ALPHA
116.294545,39.908500,122.8,4563,UAV-ALPHA
116.294141,39.908500,122.8,4564,UAV-ALPHA
116.293737,39.908500,122.8,4565,UAV-ALPHA
116.293333,39.908500,122.8,4566,UAV-ALPHA
116.292929,39.908500,122.8,4567,UAV-ALPHA
116.292525,39.908500,122.8,4568,UAV-ALPHA
116.292121,39.908500,122.8,4569,UAV-ALPHA
116.291717,39.908500,122.8,4570,UAV-ALPHA
116.291313,39.908500,122.9,4571,UAV-ALPHA
116.290909,39.908500,122.9,4572,UAV-ALPHA
116.290505,39.908500,122.9,4573,UAV-ALPHA
116.290101,39.908500,122.9,4574,UAV-ALPHA
116.289697,39.908500,122.9,4575,UAV-ALPHA
116.289293,39.908500,122.9,4576,UAV-ALPHA
116.288889,39.908500,122.9,4577,UAV-ALPHA
116.288485,39.908500,122.9,4578,UAV-ALPHA
116.288081,39.908500,122.9,4579,UAV-ALPHA
116.287677,39.908500,122.9,4580,UAV-ALPHA
116.287273,39.908500,122.9,4581,UAV-ALPHA
116.286869,39.908500,122.9,4582,UAV-ALPHA
116.286465,39.908500,122.9,4583,UAV-ALPHA
116.286061,39.908500,122.9,4584,UAV-ALPHA
116.285657,39.908500,122.9,4585,UAV-ALPHA
116.285253,39.908500,122.9,4586,UAV-ALPHA
116.284848,39.908500,122.9,4587,UAV-ALPHA
116.284444,39.908500,122.9,4588,UAV-ALPHA
116.284040,39.908500,122.9,4589,UAV-ALPHA
116.283636,39.908500,122.9,4590,UAV-ALPHA
116.283232,39.908500,123.0,4591,UAV-ALPHA
116.282828,39.908500,123.0,4592,UAV-ALPHA
116.282424,39.908500,123.0,4593,UAV-ALPHA
116.282020,39.908500,123.0,4594,UAV-ALPHA
116.281616,39.908500,123.0,4595,UAV-ALPHA
116.281212,39.908500,123.0,4596,UAV-ALPHA
116.280808,39.908500,123.0,4597,UAV-ALPHA
116.280404,39.908500,123.0,4598,UAV-ALPHA
116.280000,39.908500,123.0,4599,UAV-ALPHA
116.280000,39.908800,123.0,4600,UAV-ALPHA
116.280404,39.908800,123.0,4601,UAV-ALPHA
116.280808,39.908800,123.0,4602,UAV-ALPHA
116.281212,39.908800,123.0,4603,UAV-ALPHA
116.281616,39.908800,123.0,4604,UAV-ALPHA
116.282020,39.908800,123.0,4605,UAV-ALPHA
116.282424,39.908800,123.0,4606,UAV-ALPHA
116.282828,39.908800,123.0,4607,UAV-ALPHA
116.283232,39.908800,123.0,4608,UAV-ALPHA
116.283636,39.908800,123.0,4609,UAV-ALPHA
116.284040,39.908800,123.0,4610,UAV-ALPHA
116.284444,39.908800,123.1,4611,UAV-ALPHA
116.284848,39.908800,123.1,4612,UAV-ALPHA
116.285253,39.908800,123.1,4613,UAV-ALPHA
116.285657,39.908800,123.1,4614,UAV-ALPHA
116.286061,39.908800,123.1,4615,UAV-ALPHA
116.286465,39.908800,123.1,4616,UAV-ALPHA
116.286869,39.908800,123.1,4617,UAV-ALPHA
116.287273,39.908800,123.1,4618,UAV-ALPHA
116.287677,39.908800,123.1,4619,UAV-ALPHA
116.288081,39.908800,123.1,4620,UAV-ALPHA
116.288485,39.908800,123.1,4621,UAV-ALPHA
116.288889,39.908800,123.1,4622,UAV-ALPHA
116.289293,39.908800,123.1,4623,UAV-ALPHA
116.289697,39.908800,123.1,4624,UAV-ALPHA
116.290101,39.908800,123.1,4625,UAV-ALPHA
116.290505,39.908800,123.1,4626,UAV-ALPHA
116.290909,39.908800,123.1,4627,UAV-ALPHA
116.291313,39.908800,123.1,4628,UAV-ALPHA
116.291717,39.908800,123.1,4629,UAV-ALPHA
116.292121,39.908800,123.1,4630,UAV-ALPHA
116.292525,39.908800,123.2,4631,UAV-ALPHA
116.292929,39.908800,123.2,4632,UAV-ALPHA
116.293333,39.908800,123.2,4633,UAV-ALPHA
116.293737,39.908800,123.2,4634,UAV-ALPHA
116.294141,39.908800,123.2,4635,UAV-ALPHA
116.294545,39.908800,123.2,4636,UAV-ALPHA
116.294949,39.908800,123.2,4637,UAV-ALPHA
116.295354,39.908800,123.2,4638,UAV-ALPHA
116.295758,39.908800,123.2,4639,UAV-ALPHA
116.296162,39.908800,123.2,4640,UAV-ALPHA
116.296566,39.908800,123.2,4641,UAV-ALPHA
116.296970,39.908800,123.2,4642,UAV-ALPHA
116.297374,39.908800,123.2,4643,UAV-ALPHA
116.297778,39.908800,123.2,4644,UAV-ALPHA
116.298182,39.908800,123.2,4645,UAV-ALPHA
116.298586,39.908800,123.2,4646,UAV-ALPHA
116.298990,39.908800,123.2,4647,UAV-ALPHA
116.299394,39.908800,123.2,4648,UAV-ALPHA
116.299798,39.908800,123.2,4649,UAV-ALPHA
116.300202,39.908800,123.2,4650,UAV-ALPHA
116.300606,39.908800,123.3,4651,UAV-ALPHA
116.301010,39.908800,123.3,4652,UAV-ALPHA
116.301414,39.908800,123.3,4653,UAV-ALPHA
116.301818,39.908800,123.3,4654,UAV-ALPHA
116.302222,39.908800,123.3,4655,UAV-ALPHA
116.302626,39.908800,123.3,4656,UAV-ALPHA
116.303030,39.908800,123.3,4657,UAV-ALPHA
116.303434,39.908800,123.3,4658,UAV-ALPHA
116.303838,39.908800,123.3,4659,UAV-ALPHA
116.304242,39.908800,123.3,4660,UAV-ALPHA
116.304646,39.908800,123.3,4661,UAV-ALPHA
116.305051,39.908800,123.3,4662,UAV-ALPHA
116.305455,39.908800,123.3,4663,UAV-ALPHA
116.305859,39.908800,123.3,4664,UAV-ALPHA
116.306263,39.908800,123.3,4665,UAV-ALPHA
116.306667,39.908800,123.3,4666,UAV-ALPHA
116.307071,39.908800,123.3,4667,UAV-ALPHA
116.307475,39.908800,123.3,4668,UAV-ALPHA
116.307879,39.908800,123.3,4669,UAV-ALPHA
116.308283,39.908800,123.3,4670,UAV-ALPHA
116.308687,39.908800,123.4,4671,UAV-ALPHA
116.309091,39.908800,123.4,4672,UAV-ALPHA
116.309495,39.908800,123.4,4673,UAV-ALPHA
116.309899,39.908800,123.4,4674,UAV-ALPHA
116.310303,39.908800,123.4,4675,UAV-ALPHA
116.310707,39.908800,123.4,4676,UAV-ALPHA
116.311111,39.908800,123.4,4677,UAV-ALPHA
116.311515,39.908800,123.4,4678,UAV-ALPHA
116.311919,39.908800,123.4,4679,UAV-ALPHA
116.312323,39.908800,123.4,4680,UAV-ALPHA
116.312727,39.908800,123.4,4681,UAV-ALPHA
116.313131,39.908800,123.4,4682,UAV-ALPHA
116.313535,39.908800,123.4,4683,UAV-ALPHA
116.313939,39.908800,123.4,4684,UAV-ALPHA
116.314343,39.908800,123.4,4685,UAV-ALPHA
116.314747,39.908800,123.4,4686,UAV-ALPHA
116.315152,39.908800,123.4,4687,UAV-ALPHA
116.315556,39.908800,123.4,4688,UAV-ALPHA
116.315960,39.908800,123.4,4689,UAV-ALPHA
116.316364,39.908800,123.4,4690,UAV-ALPHA
116.316768,39.908800,123.5,4691,UAV-ALPHA
116.317172,39.908800,123.5,4692,UAV-ALPHA
116.317576,39.908800,123.5,4693,UAV-ALPHA
116.317980,39.908800,123.5,4694,UAV-ALPHA
116.318384,39.908800,123.5,4695,UAV-ALPHA
116.318788,39.908800,123.5,4696,UAV-ALPHA
116.319192,39.908800,123.5,4697,UAV-ALPHA
116.319596,39.908800,123.5,4698,UAV-ALPHA
116.320000,39.908800,123.5,4699,UAV-ALPHA
116.320000,39.909100,123.5,4700,UAV-ALPHA
116.319596,39.909100,123.5,4701,UAV-ALPHA
116.319192,39.909100,123.5,4702,UAV-ALPHA
116.318788,39.909100,123.5,4703,UAV-ALPHA
116.318384,39.909100,123.5,4704,UAV-ALPHA
116.317980,39.909100,123.5,4705,UAV-ALPHA
116.317576,39.909100,123.5,4706,UAV-ALPHA
116.317172,39.909100,123.5,4707,UAV-ALPHA
116.316768,39.909100,123.5,4708,UAV-ALPHA
116.316364,39.909100,123.5,4709,UAV-ALPHA
116.315960,39.909100,123.5,4710,UAV-ALPHA
116.315556,39.909100,123.6,4711,UAV-ALPHA
116.315152,39.909100,123.6,4712,UAV-ALPHA
116.314747,39.909100,123.6,4713,UAV-ALPHA
116.314343,39.909100,123.6,4714,UAV-ALPHA
116.313939,39.909100,123.6,4715,UAV-ALPHA
116.313535,39.909100,123.6,4716,UAV-ALPHA
116.313131,39.909100,123.6,4717,UAV-ALPHA
116.312727,39.909100,123.6,4718,UAV-ALPHA
116.312323,39.909100,123.6,4719,UAV-ALPHA
116.311919,39.909100,123.6,4720,UAV-ALPHA
116.311515,39.909100,123.6,4721,UAV-ALPHA
116.311111,39.909100,123.6,4722,UAV-ALPHA
116.310707,39.909100,123.6,4723,UAV-ALPHA
116.310303,39.909100,123.6,4724,UAV-ALPHA
116.309899,39.909100,123.6,4725,UAV-ALPHA
116.309495,39.909100,123.6,4726,UAV-ALPHA
116.309091,39.909100,123.6,4727,UAV-ALPHA
116.308687,39.909100,123.6,4728,UAV-ALPHA
116.308283,39.909100,123.6,4729,UAV-ALPHA
116.307879,39.909100,123.6,4730,UAV-ALPHA
116.307475,39.909100,123.7,4731,UAV-ALPHA
116.307071,39.909100,123.7,4732,UAV-ALPHA
116.306667,39.909100,123.7,4733,UAV-ALPHA
116.306263,39.909100,123.7,4734,UAV-ALPHA
116.305859,39.909100,123.7,4735,UAV-ALPHA
116.305455,39.909100,123.7,4736,UAV-ALPHA
116.305051,39.909100,123.7,4737,UAV-ALPHA
116.304646,39.909100,123.7,4738,UAV-ALPHA
116.304242,39.909100,123.7,4739,UAV-ALPHA
116.303838,39.909100,123.7,4740,UAV-ALPHA
116.303434,39.909100,123.7,4741,UAV-ALPHA
116.303030,39.909100,123.7,4742,UAV-ALPHA
116.302626,39.909100,123.7,4743,UAV-ALPHA
116.302222,39.909100,123.7,4744,UAV-ALPHA
116.301818,39.909100,123.7,4745,UAV-ALPHA
116.301414,39.909100,123.7,4746,UAV-ALPHA
116.301010,39.909100,123.7,4747,UAV-ALPHA
116.300606,39.909100,123.7,4748,UAV-ALPHA
116.300202,39.909100,123.7,4749,UAV-ALPHA
116.299798,39.909100,123.7,4750,UAV-ALPHA
116.299394,39.909100,123.8,4751,UAV-ALPHA
116.298990,39.909100,123.8,4752,UAV-ALPHA
116.298586,39.909100,123.8,4753,UAV-ALPHA
116.298182,39.909100,123.8,4754,UAV-ALPHA
116.297778,39.909100,123.8,4755,UAV-ALPHA
116.297374,39.909100,123.8,4756,UAV-ALPHA
116.296970,39.909100,123.8,4757,UAV-ALPHA
116.296566,39.909100,123.8,4758,UAV-ALPHA
116.296162,39.909100,123.8,4759,UAV-ALPHA
116.295758,39.909100,123.8,4760,UAV-ALPHA
116.295354,39.909100,123.8,4761,UAV-ALPHA
116.294949,39.909100,123.8,4762,UAV-ALPHA
116.294545,39.909100,123.8,4763,UAV-ALPHA
116.294141,39.909100,123.8,4764,UAV-ALPHA
116.293737,39.909100,123.8,4765,UAV-ALPHA
116.293333,39.909100,123.8,4766,UAV-ALPHA
116.292929,39.909100,123.8,4767,UAV-ALPHA
116.292525,39.909100,123.8,4768,UAV-ALPHA
116.292121,39.909100,123.8,4769,UAV-ALPHA
116.291717,39.909100,123.8,4770,UAV-ALPHA
116.291313,39.909100,123.9,4771,UAV-ALPHA
116.290909,39.909100,123.9,4772,UAV-ALPHA
116.290505,39.909100,123.9,4773,UAV-ALPHA
116.290101,39.909100,123.9,4774,UAV-ALPHA
116.289697,39.909100,123.9,4775,UAV-ALPHA
116.289293,39.909100,123.9,4776,UAV-ALPHA
116.288889,39.909100,123.9,4777,UAV-ALPHA
116.288485,39.909100,123.9,4778,UAV-ALPHA
116.288081,39.909100,123.9,4779,UAV-ALPHA
116.287677,39.909100,123.9,4780,UAV-ALPHA
116.287273,39.909100,123.9,4781,UAV-ALPHA
116.286869,39.909100,123.9,4782,UAV-ALPHA
116.286465,39.909100,123.9,4783,UAV-ALPHA
116.286061,39.909100,123.9,4784,UAV-ALPHA
116.285657,39.909100,123.9,4785,UAV-ALPHA
116.285253,39.909100,123.9,4786,UAV-ALPHA
116.284848,39.909100,123.9,4787,UAV-ALPHA
116.284444,39.909100,123.9,4788,UAV-ALPHA
116.284040,39.909100,123.9,4789,UAV-ALPHA
116.283636,39.909100,123.9,4790,UAV-ALPHA
116.283232,39.909100,124.0,4791,UAV-ALPHA
116.282828,39.909100,124.0,4792,UAV-ALPHA
116.282424,39.909100,124.0,4793,UAV-ALPHA
116.282020,39.909100,124.0,4794,UAV-ALPHA
116.281616,39.909100,124.0,4795,UAV-ALPHA
116.281212,39.909100,124.0,4796,UAV-ALPHA
116.280808,39.909100,124.0,4797,UAV-ALPHA
116.280404,39.909100,124.0,4798,UAV-ALPHA
116.280000,39.909100,124.0,4799,UAV-ALPHA
116.280000,39.909400,124.0,4800,UAV-ALPHA
116.280404,39.909400,124.0,4801,UAV-ALPHA
116.280808,39.909400,124.0,4802,UAV-ALPHA
116.281212,39.909400,124.0,4803,UAV-ALPHA
116.281616,39.909400,124.0,4804,UAV-ALPHA
116.282020,39.909400,124.0,4805,UAV-ALPHA
116.282424,39.909400,124.0,4806,UAV-ALPHA
116.282828,39.909400,124.0,4807,UAV-ALPHA
116.283232,39.909400,124.0,4808,UAV-ALPHA
116.283636,39.909400,124.0,4809,UAV-ALPHA
116.284040,39.909400,124.0,4810,UAV-ALPHA
116.284444,39.909400,124.1,4811,UAV-ALPHA
116.284848,39.909400,124.1,4812,UAV-ALPHA
116.285253,39.909400,124.1,4813,UAV-ALPHA
116.285657,39.909400,124.1,4814,UAV-ALPHA
116.286061,39.909400,124.1,4815,UAV-ALPHA
116.286465,39.909400,124.1,4816,UAV-ALPHA
116.286869,39.909400,124.1,4817,UAV-ALPHA
116.287273,39.909400,124.1,4818,UAV-ALPHA
116.287677,39.909400,124.1,4819,UAV-ALPHA
116.288081,39.909400,124.1,4820,UAV-ALPHA
116.288485,39.909400,124.1,4821,UAV-ALPHA
116.288889,39.909400,124.1,4822,UAV-ALPHA
116.289293,39.909400,124.1,4823,UAV-ALPHA
116.289697,39.909400,124.1,4824,UAV-ALPHA
116.290101,39.909400,124.1,4825,UAV-ALPHA
116.290505,39.909400,124.1,4826,UAV-ALPHA
116.290909,39.909400,124.1,4827,UAV-ALPHA
116.291313,39.909400,124.1,4828,UAV-ALPHA
116.291717,39.909400,124.1,4829,UAV-ALPHA
116.292121,39.909400,124.1,4830,UAV-ALPHA
116.292525,39.909400,124.2,4831,UAV-ALPHA
116.292929,39.909400,124.2,4832,UAV-ALPHA
116.293333,39.909400,124.2,4833,UAV-ALPHA
116.293737,39.909400,124.2,4834,UAV-ALPHA
116.294141,39.909400,124.2,4835,UAV-ALPHA
116.294545,39.909400,124.2,4836,UAV-ALPHA
116.294949,39.909400,124.2,4837,UAV-ALPHA
116.295354,39.909400,124.2,4838,UAV-ALPHA
116.295758,39.909400,124.2,4839,UAV-ALPHA
116.296162,39.909400,124.2,4840,UAV-ALPHA
116.296566,39.909400,124.2,4841,UAV-ALPHA
116.296970,39.909400,124.2,4842,UAV-ALPHA
116.297374,39.909400,124.2,4843,UAV-ALPHA
116.297778,39.909400,124.2,4844,UAV-ALPHA
116.298182,39.909400,124.2,4845,UAV-ALPHA
116.298586,39.909400,124.2,4846,UAV-ALPHA
116.298990,39.909400,124.2,4847,UAV-ALPHA
116.299394,39.909400,124.2,4848,UAV-ALPHA
116.299798,39.909400,124.2,4849,UAV-ALPHA
116.300202,39.909400,124.2,4850,UAV-ALPHA
116.300606,39.909400,124.3,4851,UAV-ALPHA
116.301010,39.909400,124.3,4852,UAV-ALPHA
116.301414,39.909400,124.3,4853,UAV-ALPHA
116.301818,39.909400,124.3,4854,UAV-ALPHA
116.302222,39.909400,124.3,4855,UAV-ALPHA
116.302626,39.909400,124.3,4856,UAV-ALPHA
116.303030,39.909400,124.3,4857,UAV-ALPHA
116.303434,39.909400,124.3,4858,UAV-ALPHA
116.303838,39.909400,124.3,4859,UAV-ALPHA
116.304242,39.909400,124.3,4860,UAV-ALPHA
116.304646,39.909400,124.3,4861,UAV-ALPHA
116.305051,39.909400,124.3,4862,UAV-ALPHA
116.305455,39.909400,124.3,4863,UAV-ALPHA
116.305859,39.909400,124.3,4864,UAV-ALPHA
116.306263,39.909400,124.3,4865,UAV-ALPHA
116.306667,39.909400,124.3,4866,UAV-ALPHA
116.307071,39.909400,124.3,4867,UAV-ALPHA
116.307475,39.909400,124.3,4868,UAV-ALPHA
116.307879,39.909400,124.3,4869,UAV-ALPHA
116.308283,39.909400,124.3,4870,UAV-ALPHA
116.308687,39.909400,124.4,4871,UAV-ALPHA
116.309091,39.909400,124.4,4872,UAV-ALPHA
116.309495,39.909400,124.4,4873,UAV-ALPHA
116.309899,39.909400,124.4,4874,UAV-ALPHA
116.310303,39.909400,124.4,4875,UAV-ALPHA
116.310707,39.909400,124.4,4876,UAV-ALPHA
116.311111,39.909400,124.4,4877,UAV-ALPHA
116.311515,39.909400,124.4,4878,UAV-ALPHA
116.311919,39.909400,124.4,4879,UAV-ALPHA
116.312323,39.909400,124.4,4880,UAV-ALPHA
116.312727,39.909400,124.4,4881,UAV-ALPHA
116.313131,39.909400,124.4,4882,UAV-ALPHA
116.313535,39.909400,124.4,4883,UAV-ALPHA
116.313939,39.909400,124.4,4884,UAV-ALPHA
116.314343,39.909400,124.4,4885,UAV-ALPHA
116.314747,39.909400,124.4,4886,UAV-ALPHA
116.315152,39.909400,124.4,4887,UAV-ALPHA
116.315556,39.909400,124.4,4888,UAV-ALPHA
116.315960,39.909400,124.4,4889,UAV-ALPHA
116.316364,39.909400,124.4,4890,UAV-ALPHA
116.316768,39.909400,124.5,4891,UAV-ALPHA
116.317172,39.909400,124.5,4892,UAV-ALPHA
116.317576,39.909400,124.5,4893,UAV-ALPHA
116.317980,39.909400,124.5,4894,UAV-ALPHA
116.318384,39.909400,124.5,4895,UAV-ALPHA
116.318788,39.909400,124.5,4896,UAV-ALPHA
116.319192,39.909400,124.5,4897,UAV-ALPHA
116.319596,39.909400,124.5,4898,UAV-ALPHA
116.320000,39.909400,124.5,4899,UAV-ALPHA
116.320000,39.909700,124.5,4900,UAV-ALPHA
116.319596,39.909700,124.5,4901,UAV-ALPHA
116.319192,39.909700,124.5,4902,UAV-ALPHA
116.318788,39.909700,124.5,4903,UAV-ALPHA
116.318384,39.909700,124.5,4904,UAV-ALPHA
116.317980,39.909700,124.5,4905,UAV-ALPHA
116.317576,39.909700,124.5,4906,UAV-ALPHA
116.317172,39.909700,124.5,4907,UAV-ALPHA
116.316768,39.909700,124.5,4908,UAV-ALPHA
116.316364,39.909700,124.5,4909,UAV-ALPHA
116.315960,39.909700,124.5,4910,UAV-ALPHA
116.315556,39.909700,124.6,4911,UAV-ALPHA
116.315152,39.909700,124.6,4912,UAV-ALPHA
116.314747,39.909700,124.6,4913,UAV-ALPHA
116.314343,39.909700,124.6,4914,UAV-ALPHA
116.313939,39.909700,124.6,4915,UAV-ALPHA
116.313535,39.909700,124.6,4916,UAV-ALPHA
116.313131,39.909700,124.6,4917,UAV-ALPHA
116.312727,39.909700,124.6,4918,UAV-ALPHA
116.312323,39.909700,124.6,4919,UAV-ALPHA
116.311919,39.909700,124.6,4920,UAV-ALPHA
116.311515,39.909700,124.6,4921,UAV-ALPHA
116.311111,39.909700,124.6,4922,UAV-ALPHA
116.310707,39.909700,124.6,4923,UAV-ALPHA
116.310303,39.909700,124.6,4924,UAV-ALPHA
116.309899,39.909700,124.6,4925,UAV-ALPHA
116.309495,39.909700,124.6,4926,UAV-ALPHA
116.309091,39.909700,124.6,4927,UAV-ALPHA
116.308687,39.909700,124.6,4928,UAV-ALPHA
116.308283,39.909700,124.6,4929,UAV-ALPHA
116.307879,39.909700,124.6,4930,UAV-ALPHA
116.307475,39.909700,124.7,4931,UAV-ALPHA
116.307071,39.909700,124.7,4932,UAV-ALPHA
116.306667,39.909700,124.7,4933,UAV-ALPHA
116.306263,39.909700,124.7,4934,UAV-ALPHA
116.305859,39.909700,124.7,4935,UAV-ALPHA
116.305455,39.909700,124.7,4936,UAV-ALPHA
116.305051,39.909700,124.7,4937,UAV-ALPHA
116.304646,39.909700,124.7,4938,UAV-ALPHA
116.304242,39.909700,124.7,4939,UAV-ALPHA
116.303838,39.909700,124.7,4940,UAV-ALPHA
116.303434,39.909700,124.7,4941,UAV-ALPHA
116.303030,39.909700,124.7,4942,UAV-ALPHA
116.302626,39.909700,124.7,4943,UAV-ALPHA
116.302222,39.909700,124.7,4944,UAV-ALPHA
116.301818,39.909700,124.7,4945,UAV-ALPHA
116.301414,39.909700,124.7,4946,UAV-ALPHA
116.301010,39.909700,124.7,4947,UAV-ALPHA
116.300606,39.909700,124.7,4948,UAV-ALPHA
116.300202,39.909700,124.7,4949,UAV-ALPHA
116.299798,39.909700,124.7,4950,UAV-ALPHA
116.299394,39.909700,124.8,4951,UAV-ALPHA
116.298990,39.909700,124.8,4952,UAV-ALPHA
116.298586,39.909700,124.8,4953,UAV-ALPHA
116.298182,39.909700,124.8,4954,UAV-ALPHA
116.297778,39.909700,124.8,4955,UAV-ALPHA
116.297374,39.909700,124.8,4956,UAV-ALPHA
116.296970,39.909700,124.8,4957,UAV-ALPHA
116.296566,39.909700,124.8,4958,UAV-ALPHA
116.296162,39.909700,124.8,4959,UAV-ALPHA
116.295758,39.909700,124.8,4960,UAV-ALPHA
116.295354,39.909700,124.8,4961,UAV-ALPHA
116.294949,39.909700,124.8,4962,UAV-ALPHA
116.294545,39.909700,124.8,4963,UAV-ALPHA
116.294141,39.909700,124.8,4964,UAV-ALPHA
116.293737,39.909700,124.8,4965,UAV-ALPHA
116.293333,39.909700,124.8,4966,UAV-ALPHA
116.292929,39.909700,124.8,4967,UAV-ALPHA
116.292525,39.909700,124.8,4968,UAV-ALPHA
116.292121,39.909700,124.8,4969,UAV-ALPHA
116.291717,39.909700,124.8,4970,UAV-ALPHA
116.291313,39.909700,124.9,4971,UAV-ALPHA
116.290909,39.909700,124.9,4972,UAV-ALPHA
116.290505,39.909700,124.9,4973,UAV-ALPHA
116.290101,39.909700,124.9,4974,UAV-ALPHA
116.289697,39.909700,124.9,4975,UAV-ALPHA
116.289293,39.909700,124.9,4976,UAV-ALPHA
116.288889,39.909700,124.9,4977,UAV-ALPHA
116.288485,39.909700,124.9,4978,UAV-ALPHA
116.288081,39.909700,124.9,4979,UAV-ALPHA
116.287677,39.909700,124.9,4980,UAV-ALPHA
116.287273,39.909700,124.9,4981,UAV-ALPHA
116.286869,39.909700,124.9,4982,UAV-ALPHA
116.286465,39.909700,124.9,4983,UAV-ALPHA
116.286061,39.909700,124.9,4984,UAV-ALPHA
116.285657,39.909700,124.9,4985,UAV-ALPHA
116.285253,39.909700,124.9,4986,UAV-ALPHA
116.284848,39.909700,124.9,4987,UAV-ALPHA
116.284444,39.909700,124.9,4988,UAV-ALPHA
116.284040,39.909700,124.9,4989,UAV-ALPHA
116.283636,39.909700,124.9,4990,UAV-ALPHA
116.283232,39.909700,125.0,4991,UAV-ALPHA
116.282828,39.909700,125.0,4992,UAV-ALPHA
116.282424,39.909700,125.0,4993,UAV-ALPHA
116.282020,39.909700,125.0,4994,UAV-ALPHA
116.281616,39.909700,125.0,4995,UAV-ALPHA
116.281212,39.909700,125.0,4996,UAV-ALPHA
116.280808,39.909700,125.0,4997,UAV-ALPHA
116.280404,39.909700,125.0,4998,UAV-ALPHA
116.280000,39.909700,125.0,4999,UAV-ALPHA
116.280000,39.910000,125.0,5000,UAV-ALPHA
116.280404,39.910000,125.0,5001,UAV-ALPHA
116.280808,39.910000,125.0,5002,UAV-ALPHA
116.281212,39.910000,125.0,5003,UAV-ALPHA
116.281616,39.910000,125.0,5004,UAV-ALPHA
116.282020,39.910000,125.0,5005,UAV-ALPHA
116.282424,39.910000,125.0,5006,UAV-ALPHA
116.282828,39.910000,125.0,5007,UAV-ALPHA
116.283232,39.910000,125.0,5008,UAV-ALPHA
116.283636,39.910000,125.0,5009,UAV-ALPHA
116.284040,39.910000,125.0,5010,UAV-ALPHA
116.284444,39.910000,125.1,5011,UAV-ALPHA
116.284848,39.910000,125.1,5012,UAV-ALPHA
116.285253,39.910000,125.1,5013,UAV-ALPHA
116.285657,39.910000,125.1,5014,UAV-ALPHA
116.286061,39.910000,125.1,5015,UAV-ALPHA
116.286465,39.910000,125.1,5016,UAV-ALPHA
116.286869,39.910000,125.1,5017,UAV-ALPHA
116.287273,39.910000,125.1,5018,UAV-ALPHA
116.287677,39.910000,125.1,5019,UAV-ALPHA
116.288081,39.910000,125.1,5020,UAV-ALPHA
116.288485,39.910000,125.1,5021,UAV-ALPHA
116.288889,39.910000,125.1,5022,UAV-ALPHA
116.289293,39.910000,125.1,5023,UAV-ALPHA
116.289697,39.910000,125.1,5024,UAV-ALPHA
116.290101,39.910000,125.1,5025,UAV-ALPHA
116.290505,39.910000,125.1,5026,UAV-ALPHA
116.290909,39.910000,125.1,5027,UAV-ALPHA
116.291313,39.910000,125.1,5028,UAV-ALPHA
116.291717,39.910000,125.1,5029,UAV-ALPHA
116.292121,39.910000,125.1,5030,UAV-ALPHA
116.292525,39.910000,125.2,5031,UAV-ALPHA
116.292929,39.910000,125.2,5032,UAV-ALPHA
116.293333,39.910000,125.2,5033,UAV-ALPHA
116.293737,39.910000,125.2,5034,UAV-ALPHA
116.294141,39.910000,125.2,5035,UAV-ALPHA
116.294545,39.910000,125.2,5036,UAV-ALPHA
116.294949,39.910000,125.2,5037,UAV-ALPHA
116.295354,39.910000,125.2,5038,UAV-ALPHA
116.295758,39.910000,125.2,5039,UAV-ALPHA
116.296162,39.910000,125.2,5040,UAV-ALPHA
116.296566,39.910000,125.2,5041,UAV-ALPHA
116.296970,39.910000,125.2,5042,UAV-ALPHA
116.297374,39.910000,125.2,5043,UAV-ALPHA
116.297778,39.910000,125.2,5044,UAV-ALPHA
116.298182,39.910000,125.2,5045,UAV-ALPHA
116.298586,39.910000,125.2,5046,UAV-ALPHA
116.298990,39.910000,125.2,5047,UAV-ALPHA
116.299394,39.910000,125.2,5048,UAV-ALPHA
116.299798,39.910000,125.2,5049,UAV-ALPHA
116.300202,39.910000,125.2,5050,UAV-ALPHA
116.300606,39.910000,125.3,5051,UAV-ALPHA
116.301010,39.910000,125.3,5052,UAV-ALPHA
116.301414,39.910000,125.3,5053,UAV-ALPHA
116.301818,39.910000,125.3,5054,UAV-ALPHA
116.302222,39.910000,125.3,5055,UAV-ALPHA
116.302626,39.910000,125.3,5056,UAV-ALPHA
116.303030,39.910000,125.3,5057,UAV-ALPHA
116.303434,39.910000,125.3,5058,UAV-ALPHA
116.303838,39.910000,125.3,5059,UAV-ALPHA
116.304242,39.910000,125.3,5060,UAV-ALPHA
116.304646,39.910000,125.3,5061,UAV-ALPHA
116.305051,39.910000,125.3,5062,UAV-ALPHA
116.305455,39.910000,125.3,5063,UAV-ALPHA
116.305859,39.910000,125.3,5064,UAV-ALPHA
116.306263,39.910000,125.3,5065,UAV-ALPHA
116.306667,39.910000,125.3,5066,UAV-ALPHA
116.307071,39.910000,125.3,5067,UAV-ALPHA
116.307475,39.910000,125.3,5068,UAV-ALPHA
116.307879,39.910000,125.3,5069,UAV-ALPHA
116.308283,39.910000,125.3,5070,UAV-ALPHA
116.308687,39.910000,125.4,5071,UAV-ALPHA
116.309091,39.910000,125.4,5072,UAV-ALPHA
116.309495,39.910000,125.4,5073,UAV-ALPHA
116.309899,39.910000,125.4,5074,UAV-ALPHA
116.310303,39.910000,125.4,5075,UAV-ALPHA
116.310707,39.910000,125.4,5076,UAV-ALPHA
116.311111,39.910000,125.4,5077,UAV-ALPHA
116.311515,39.910000,125.4,5078,UAV-ALPHA
116.311919,39.910000,125.4,5079,UAV-ALPHA
116.312323,39.910000,125.4,5080,UAV-ALPHA
116.312727,39.910000,125.4,5081,UAV-ALPHA
116.313131,39.910000,125.4,5082,UAV-ALPHA
116.313535,39.910000,125.4,5083,UAV-ALPHA
116.313939,39.910000,125.4,5084,UAV-ALPHA
116.314343,39.910000,125.4,5085,UAV-ALPHA
116.314747,39.910000,125.4,5086,UAV-ALPHA
116.315152,39.910000,125.4,5087,UAV-ALPHA
116.315556,39.910000,125.4,5088,UAV-ALPHA
116.315960,39.910000,125.4,5089,UAV-ALPHA
116.316364,39.910000,125.4,5090,UAV-ALPHA
116.316768,39.910000,125.5,5091,UAV-ALPHA
116.317172,39.910000,125.5,5092,UAV-ALPHA
116.317576,39.910000,125.5,5093,UAV-ALPHA
116.317980,39.910000,125.5,5094,UAV-ALPHA
116.318384,39.910000,125.5,5095,UAV-ALPHA
116.318788,39.910000,125.5,5096,UAV-ALPHA
116.319192,39.910000,125.5,5097,UAV-ALPHA
116.319596,39.910000,125.5,5098,UAV-ALPHA
116.320000,39.910000,125.5,5099,UAV-ALPHA
116.320000,39.910300,125.5,5100,UAV-ALPHA
116.319596,39.910300,125.5,5101,UAV-ALPHA
116.319192,39.910300,125.5,5102,UAV-ALPHA
116.318788,39.910300,125.5,5103,UAV-ALPHA
116.318384,39.910300,125.5,5104,UAV-ALPHA
116.317980,39.910300,125.5,5105,UAV-ALPHA
116.317576,39.910300,125.5,5106,UAV-ALPHA
116.317172,39.910300,125.5,5107,UAV-ALPHA
116.316768,39.910300,125.5,5108,UAV-ALPHA
116.316364,39.910300,125.5,5109,UAV-ALPHA
116.315960,39.910300,125.5,5110,UAV-ALPHA
116.315556,39.910300,125.6,5111,UAV-ALPHA
116.315152,39.910300,125.6,5112,UAV-ALPHA
116.314747,39.910300,125.6,5113,UAV-ALPHA
116.314343,39.910300,125.6,5114,UAV-ALPHA
116.313939,39.910300,125.6,5115,UAV-ALPHA
116.313535,39.910300,125.6,5116,UAV-ALPHA
116.313131,39.910300,125.6,5117,UAV-ALPHA
116.312727,39.910300,125.6,5118,UAV-ALPHA
116.312323,39.910300,125.6,5119,UAV-ALPHA
116.311919,39.910300,125.6,5120,UAV-ALPHA
116.311515,39.910300,125.6,5121,UAV-ALPHA
116.311111,39.910300,125.6,5122,UAV-ALPHA
116.310707,39.910300,125.6,5123,UAV-ALPHA
116.310303,39.910300,125.6,5124,UAV-ALPHA
116.309899,39.910300,125.6,5125,UAV-ALPHA
116.309495,39.910300,125.6,5126,UAV-ALPHA
116.309091,39.910300,125.6,5127,UAV-ALPHA
116.308687,39.910300,125.6,5128,UAV-ALPHA
116.308283,39.910300,125.6,5129,UAV-ALPHA
116.307879,39.910300,125.6,5130,UAV-ALPHA
116.307475,39.910300,125.7,5131,UAV-ALPHA
116.307071,39.910300,125.7,5132,UAV-ALPHA
116.306667,39.910300,125.7,5133,UAV-ALPHA
116.306263,39.910300,125.7,5134,UAV-ALPHA
116.305859,39.910300,125.7,5135,UAV-ALPHA
116.305455,39.910300,125.7,5136,UAV-ALPHA
116.305051,39.910300,125.7,5137,UAV-ALPHA
116.304646,39.910300,125.7,5138,UAV-ALPHA
116.304242,39.910300,125.7,5139,UAV-ALPHA
116.303838,39.910300,125.7,5140,UAV-ALPHA
116.303434,39.910300,125.7,5141,UAV-ALPHA
116.303030,39.910300,125.7,5142,UAV-ALPHA
116.302626,39.910300,125.7,5143,UAV-ALPHA
116.302222,39.910300,125.7,5144,UAV-ALPHA
116.301818,39.910300,125.7,5145,UAV-ALPHA
116.301414,39.910300,125.7,5146,UAV-ALPHA
116.301010,39.910300,125.7,5147,UAV-ALPHA
116.300606,39.910300,125.7,5148,UAV-ALPHA
116.300202,39.910300,125.7,5149,UAV-ALPHA
116.299798,39.910300,125.7,5150,UAV-ALPHA
116.299394,39.910300,125.8,5151,UAV-ALPHA
116.298990,39.910300,125.8,5152,UAV-ALPHA
116.298586,39.910300,125.8,5153,UAV-ALPHA
116.298182,39.910300,125.8,5154,UAV-ALPHA
116.297778,39.910300,125.8,5155,UAV-ALPHA
116.297374,39.910300,125.8,5156,UAV-ALPHA
116.296970,39.910300,125.8,5157,UAV-ALPHA
116.296566,39.910300,125.8,5158,UAV-ALPHA
116.296162,39.910300,125.8,5159,UAV-ALPHA
116.295758,39.910300,125.8,5160,UAV-ALPHA
116.295354,39.910300,125.8,5161,UAV-ALPHA
116.294949,39.910300,125.8,5162,UAV-ALPHA
116.294545,39.910300,125.8,5163,UAV-ALPHA
116.294141,39.910300,125.8,5164,UAV-ALPHA
116.293737,39.910300,125.8,5165,UAV-ALPHA
116.293333,39.910300,125.8,5166,UAV-ALPHA
116.292929,39.910300,125.8,5167,UAV-ALPHA
116.292525,39.910300,125.8,5168,UAV-ALPHA
116.292121,39.910300,125.8,5169,UAV-ALPHA
116.291717,39.910300,125.8,5170,UAV-ALPHA
116.291313,39.910300,125.9,5171,UAV-ALPHA
116.290909,39.910300,125.9,5172,UAV-ALPHA
116.290505,39.910300,125.9,5173,UAV-ALPHA
116.290101,39.910300,125.9,5174,UAV-ALPHA
116.289697,39.910300,125.9,5175,UAV-ALPHA
116.289293,39.910300,125.9,5176,UAV-ALPHA
116.288889,39.910300,125.9,5177,UAV-ALPHA
116.288485,39.910300,125.9,5178,UAV-ALPHA
116.288081,39.910300,125.9,5179,UAV-ALPHA
116.287677,39.910300,125.9,5180,UAV-ALPHA
116.287273,39.910300,125.9,5181,UAV-ALPHA
116.286869,39.910300,125.9,5182,UAV-ALPHA
116.286465,39.910300,125.9,5183,UAV-ALPHA
116.286061,39.910300,125.9,5184,UAV-ALPHA
116.285657,39.910300,125.9,5185,UAV-ALPHA
116.285253,39.910300,125.9,5186,UAV-ALPHA
116.284848,39.910300,125.9,5187,UAV-ALPHA
116.284444,39.910300,125.9,5188,UAV-ALPHA
116.284040,39.910300,125.9,5189,UAV-ALPHA
116.283636,39.910300,125.9,5190,UAV-ALPHA
116.283232,39.910300,126.0,5191,UAV-ALPHA
116.282828,39.910300,126.0,5192,UAV-ALPHA
116.282424,39.910300,126.0,5193,UAV-ALPHA
116.282020,39.910300,126.0,5194,UAV-ALPHA
116.281616,39.910300,126.0,5195,UAV-ALPHA
116.281212,39.910300,126.0,5196,UAV-ALPHA
116.280808,39.910300,126.0,5197,UAV-ALPHA
116.280404,39.910300,126.0,5198,UAV-ALPHA
116.280000,39.910300,126.0,5199,UAV-ALPHA
116.280000,39.910600,126.0,5200,UAV-ALPHA
116.280404,39.910600,126.0,5201,UAV-ALPHA
116.280808,39.910600,126.0,5202,UAV-ALPHA
116.281212,39.910600,126.0,5203,UAV-ALPHA
116.281616,39.910600,126.0,5204,UAV-ALPHA
116.282020,39.910600,126.0,5205,UAV-ALPHA
116.282424,39.910600,126.0,5206,UAV-ALPHA
116.282828,39.910600,126.0,5207,UAV-ALPHA
116.283232,39.910600,126.0,5208,UAV-ALPHA
116.283636,39.910600,126.0,5209,UAV-ALPHA
116.284040,39.910600,126.0,5210,UAV-ALPHA
116.284444,39.910600,126.1,5211,UAV-ALPHA
116.284848,39.910600,126.1,5212,UAV-ALPHA
116.285253,39.910600,126.1,5213,UAV-ALPHA
116.285657,39.910600,126.1,5214,UAV-ALPHA
116.286061,39.910600,126.1,5215,UAV-ALPHA
116.286465,39.910600,126.1,5216,UAV-ALPHA
116.286869,39.910600,126.1,5217,UAV-ALPHA
116.287273,39.910600,126.1,5218,UAV-ALPHA
116.287677,39.910600,126.1,5219,UAV-ALPHA
116.288081,39.910600,126.1,5220,UAV-ALPHA
116.288485,39.910600,126.1,5221,UAV-ALPHA
116.288889,39.910600,126.1,5222,UAV-ALPHA
116.289293,39.910600,126.1,5223,UAV-ALPHA
116.289697,39.910600,126.1,5224,UAV-ALPHA
116.290101,39.910600,126.1,5225,UAV-ALPHA
116.290505,39.910600,126.1,5226,UAV-ALPHA
116.290909,39.910600,126.1,5227,UAV-ALPHA
116.291313,39.910600,126.1,5228,UAV-ALPHA
116.291717,39.910600,126.1,5229,UAV-ALPHA
116.292121,39.910600,126.1,5230,UAV-ALPHA
116.292525,39.910600,126.2,5231,UAV-ALPHA
116.292929,39.910600,126.2,5232,UAV-ALPHA
116.293333,39.910600,126.2,5233,UAV-ALPHA
116.293737,39.910600,126.2,5234,UAV-ALPHA
116.294141,39.910600,126.2,5235,UAV-ALPHA
116.294545,39.910600,126.2,5236,UAV-ALPHA
116.294949,39.910600,126.2,5237,UAV-ALPHA
116.295354,39.910600,126.2,5238,UAV-ALPHA
116.295758,39.910600,126.2,5239,UAV-ALPHA
116.296162,39.910600,126.2,5240,UAV-ALPHA
116.296566,39.910600,126.2,5241,UAV-ALPHA
116.296970,39.910600,126.2,5242,UAV-ALPHA
116.297374,39.910600,126.2,5243,UAV-ALPHA
116.297778,39.910600,126.2,5244,UAV-ALPHA
116.298182,39.910600,126.2,5245,UAV-ALPHA
116.298586,39.910600,126.2,5246,UAV-ALPHA
116.298990,39.910600,126.2,5247,UAV-ALPHA
116.299394,39.910600,126.2,5248,UAV-ALPHA
116.299798,39.910600,126.2,5249,UAV-ALPHA
116.300202,39.910600,126.2,5250,UAV-ALPHA
116.300606,39.910600,126.3,5251,UAV-ALPHA
116.301010,39.910600,126.3,5252,UAV-ALPHA
116.301414,39.910600,126.3,5253,UAV-ALPHA
116.301818,39.910600,126.3,5254,UAV-ALPHA
116.302222,39.910600,126.3,5255,UAV-ALPHA
116.302626,39.910600,126.3,5256,UAV-ALPHA
116.303030,39.910600,126.3,5257,UAV-ALPHA
116.303434,39.910600,126.3,5258,UAV-ALPHA
116.303838,39.910600,126.3,5259,UAV-ALPHA
116.304242,39.910600,126.3,5260,UAV-ALPHA
116.304646,39.910600,126.3,5261,UAV-ALPHA
116.305051,39.910600,126.3,5262,UAV-ALPHA
116.305455,39.910600,126.3,5263,UAV-ALPHA
116.305859,39.910600,126.3,5264,UAV-ALPHA
116.306263,39.910600,126.3,5265,UAV-ALPHA
116.306667,39.910600,126.3,5266,UAV-ALPHA
116.307071,39.910600,126.3,5267,UAV-ALPHA
116.307475,39.910600,126.3,5268,UAV-ALPHA
116.307879,39.910600,126.3,5269,UAV-ALPHA
116.308283,39.910600,126.3,5270,UAV-ALPHA
116.308687,39.910600,126.4,5271,UAV-ALPHA
116.309091,39.910600,126.4,5272,UAV-ALPHA
116.309495,39.910600,126.4,5273,UAV-ALPHA
116.309899,39.910600,126.4,5274,UAV-ALPHA
116.310303,39.910600,126.4,5275,UAV-ALPHA
116.310707,39.910600,126.4,5276,UAV-ALPHA
116.311111,39.910600,126.4,5277,UAV-ALPHA
116.311515,39.910600,126.4,5278,UAV-ALPHA
116.311919,39.910600,126.4,5279,UAV-ALPHA
116.312323,39.910600,126.4,5280,UAV-ALPHA
116.312727,39.910600,126.4,5281,UAV-ALPHA
116.313131,39.910600,126.4,5282,UAV-ALPHA
116.313535,39.910600,126.4,5283,UAV-ALPHA
116.313939,39.910600,126.4,5284,UAV-ALPHA
116.314343,39.910600,126.4,5285,UAV-ALPHA
116.314747,39.910600,126.4,5286,UAV-ALPHA
116.315152,39.910600,126.4,5287,UAV-ALPHA
116.315556,39.910600,126.4,5288,UAV-ALPHA
116.315960,39.910600,126.4,5289,UAV-ALPHA
116.316364,39.910600,126.4,5290,UAV-ALPHA
116.316768,39.910600,126.5,5291,UAV-ALPHA
116.317172,39.910600,126.5,5292,UAV-ALPHA
116.317576,39.910600,126.5,5293,UAV-ALPHA
116.317980,39.910600,126.5,5294,UAV-ALPHA
116.318384,39.910600,126.5,5295,UAV-ALPHA
116.318788,39.910600,126.5,5296,UAV-ALPHA
116.319192,39.910600,126.5,5297,UAV-ALPHA
116.319596,39.910600,126.5,5298,UAV-ALPHA
116.320000,39.910600,126.5,5299,UAV-ALPHA
116.320000,39.910900,126.5,5300,UAV-ALPHA
116.319596,39.910900,126.5,5301,UAV-ALPHA
116.319192,39.910900,126.5,5302,UAV-ALPHA
116.318788,39.910900,126.5,5303,UAV-ALPHA
116.318384,39.910900,126.5,5304,UAV-ALPHA
116.317980,39.910900,126.5,5305,UAV-ALPHA
116.317576,39.910900,126.5,5306,UAV-ALPHA
116.317172,39.910900,126.5,5307,UAV-ALPHA
116.316768,39.910900,126.5,5308,UAV-ALPHA
116.316364,39.910900,126.5,5309,UAV-ALPHA
116.315960,39.910900,126.5,5310,UAV-ALPHA
116.315556,39.910900,126.6,5311,UAV-ALPHA
116.315152,39.910900,126.6,5312,UAV-ALPHA
116.314747,39.910900,126.6,5313,UAV-ALPHA
116.314343,39.910900,126.6,5314,UAV-ALPHA
116.313939,39.910900,126.6,5315,UAV-ALPHA
116.313535,39.910900,126.6,5316,UAV-ALPHA
116.313131,39.910900,126.6,5317,UAV-ALPHA
116.312727,39.910900,126.6,5318,UAV-ALPHA
116.312323,39.910900,126.6,5319,UAV-ALPHA
116.311919,39.910900,126.6,5320,UAV-ALPHA
116.311515,39.910900,126.6,5321,UAV-ALPHA
116.311111,39.910900,126.6,5322,UAV-ALPHA
116.310707,39.910900,126.6,5323,UAV-ALPHA
116.310303,39.910900,126.6,5324,UAV-ALPHA
116.309899,39.910900,126.6,5325,UAV-ALPHA
116.309495,39.910900,126.6,5326,UAV-ALPHA
116.309091,39.910900,126.6,5327,UAV-ALPHA
116.308687,39.910900,126.6,5328,UAV-ALPHA
116.308283,39.910900,126.6,5329,UAV-ALPHA
116.307879,39.910900,126.6,5330,UAV-ALPHA
116.307475,39.910900,126.7,5331,UAV-ALPHA
116.307071,39.910900,126.7,5332,UAV-ALPHA
116.306667,39.910900,126.7,5333,UAV-ALPHA
116.306263,39.910900,126.7,5334,UAV-ALPHA
116.305859,39.910900,126.7,5335,UAV-ALPHA
116.305455,39.910900,126.7,5336,UAV-ALPHA
116.305051,39.910900,126.7,5337,UAV-ALPHA
116.304646,39.910900,126.7,5338,UAV-ALPHA
116.304242,39.910900,126.7,5339,UAV-ALPHA
116.303838,39.910900,126.7,5340,UAV-ALPHA
116.303434,39.910900,126.7,5341,UAV-ALPHA
116.303030,39.910900,126.7,5342,UAV-ALPHA
116.302626,39.910900,126.7,5343,UAV-ALPHA
116.302222,39.910900,126.7,5344,UAV-ALPHA
116.301818,39.910900,126.7,5345,UAV-ALPHA
116.301414,39.910900,126.7,5346,UAV-ALPHA
116.301010,39.910900,126.7,5347,UAV-ALPHA
116.300606,39.910900,126.7,5348,UAV-ALPHA
116.300202,39.910900,126.7,5349,UAV-ALPHA
116.299798,39.910900,126.7,5350,UAV-ALPHA
116.299394,39.910900,126.8,5351,UAV-ALPHA
116.298990,39.910900,126.8,5352,UAV-ALPHA
116.298586,39.910900,126.8,5353,UAV-ALPHA
116.298182,39.910900,126.8,5354,UAV-ALPHA
116.297778,39.910900,126.8,5355,UAV-ALPHA
116.297374,39.910900,126.8,5356,UAV-ALPHA
116.296970,39.910900,126.8,5357,UAV-ALPHA
116.296566,39.910900,126.8,5358,UAV-ALPHA
116.296162,39.910900,126.8,5359,UAV-ALPHA
116.295758,39.910900,126.8,5360,UAV-ALPHA
116.295354,39.910900,126.8,5361,UAV-ALPHA
116.294949,39.910900,126.8,5362,UAV-ALPHA
116.294545,39.910900,126.8,5363,UAV-ALPHA
116.294141,39.910900,126.8,5364,UAV-ALPHA
116.293737,39.910900,126.8,5365,UAV-ALPHA
116.293333,39.910900,126.8,5366,UAV-ALPHA
116.292929,39.910900,126.8,5367,UAV-ALPHA
116.292525,39.910900,126.8,5368,UAV-ALPHA
116.292121,39.910900,126.8,5369,UAV-ALPHA
116.291717,39.910900,126.8,5370,UAV-ALPHA
116.291313,39.910900,126.9,5371,UAV-ALPHA
116.290909,39.910900,126.9,5372,UAV-ALPHA
116.290505,39.910900,126.9,5373,UAV-ALPHA
116.290101,39.910900,126.9,5374,UAV-ALPHA
116.289697,39.910900,126.9,5375,UAV-ALPHA
116.289293,39.910900,126.9,5376,UAV-ALPHA
116.288889,39.910900,126.9,5377,UAV-ALPHA
116.288485,39.910900,126.9,5378,UAV-ALPHA
116.288081,39.910900,126.9,5379,UAV-ALPHA
116.287677,39.910900,126.9,5380,UAV-ALPHA
116.287273,39.910900,126.9,5381,UAV-ALPHA
116.286869,39.910900,126.9,5382,UAV-ALPHA
116.286465,39.910900,126.9,5383,UAV-ALPHA
116.286061,39.910900,126.9,5384,UAV-ALPHA
116.285657,39.910900,126.9,5385,UAV-ALPHA
116.285253,39.910900,126.9,5386,UAV-ALPHA
116.284848,39.910900,126.9,5387,UAV-ALPHA
116.284444,39.910900,126.9,5388,UAV-ALPHA
116.284040,39.910900,126.9,5389,UAV-ALPHA
116.283636,39.910900,126.9,5390,UAV-ALPHA
116.283232,39.910900,127.0,5391,UAV-ALPHA
116.282828,39.910900,127.0,5392,UAV-ALPHA
116.282424,39.910900,127.0,5393,UAV-ALPHA
116.282020,39.910900,127.0,5394,UAV-ALPHA
116.281616,39.910900,127.0,5395,UAV-ALPHA
116.281212,39.910900,127.0,5396,UAV-ALPHA
116.280808,39.910900,127.0,5397,UAV-ALPHA
116.280404,39.910900,127.0,5398,UAV-ALPHA
116.280000,39.910900,127.0,5399,UAV-ALPHA
116.280000,39.911200,127.0,5400,UAV-ALPHA
116.280404,39.911200,127.0,5401,UAV-ALPHA
116.280808,39.911200,127.0,5402,UAV-ALPHA
116.281212,39.911200,127.0,5403,UAV-ALPHA
116.281616,39.911200,127.0,5404,UAV-ALPHA
116.282020,39.911200,127.0,5405,UAV-ALPHA
116.282424,39.911200,127.0,5406,UAV-ALPHA
116.282828,39.911200,127.0,5407,UAV-ALPHA
116.283232,39.911200,127.0,5408,UAV-ALPHA
116.283636,39.911200,127.0,5409,UAV-ALPHA
116.284040,39.911200,127.0,5410,UAV-ALPHA
116.284444,39.911200,127.1,5411,UAV-ALPHA
116.284848,39.911200,127.1,5412,UAV-ALPHA
116.285253,39.911200,127.1,5413,UAV-ALPHA
116.285657,39.911200,127.1,5414,UAV-ALPHA
116.286061,39.911200,127.1,5415,UAV-ALPHA
116.286465,39.911200,127.1,5416,UAV-ALPHA
116.286869,39.911200,127.1,5417,UAV-ALPHA
116.287273,39.911200,127.1,5418,UAV-ALPHA
116.287677,39.911200,127.1,5419,UAV-ALPHA
116.288081,39.911200,127.1,5420,UAV-ALPHA
116.288485,39.911200,127.1,5421,UAV-ALPHA
116.288889,39.911200,127.1,5422,UAV-ALPHA
116.289293,39.911200,127.1,5423,UAV-ALPHA
116.289697,39.911200,127.1,5424,UAV-ALPHA
116.290101,39.911200,127.1,5425,UAV-ALPHA
116.290505,39.911200,127.1,5426,UAV-ALPHA
116.290909,39.911200,127.1,5427,UAV-ALPHA
116.291313,39.911200,127.1,5428,UAV-ALPHA
116.291717,39.911200,127.1,5429,UAV-ALPHA
116.292121,39.911200,127.1,5430,UAV-ALPHA
116.292525,39.911200,127.2,5431,UAV-ALPHA
116.292929,39.911200,127.2,5432,UAV-ALPHA
116.293333,39.911200,127.2,5433,UAV-ALPHA
116.293737,39.911200,127.2,5434,UAV-ALPHA
116.294141,39.911200,127.2,5435,UAV-ALPHA
116.294545,39.911200,127.2,5436,UAV-ALPHA
116.294949,39.911200,127.2,5437,UAV-ALPHA
116.295354,39.911200,127.2,5438,UAV-ALPHA
116.295758,39.911200,127.2,5439,UAV-ALPHA
116.296162,39.911200,127.2,5440,UAV-ALPHA
116.296566,39.911200,127.2,5441,UAV-ALPHA
116.296970,39.911200,127.2,5442,UAV-ALPHA
116.297374,39.911200,127.2,5443,UAV-ALPHA
116.297778,39.911200,127.2,5444,UAV-ALPHA
116.298182,39.911200,127.2,5445,UAV-ALPHA
116.298586,39.911200,127.2,5446,UAV-ALPHA
116.298990,39.911200,127.2,5447,UAV-ALPHA
116.299394,39.911200,127.2,5448,UAV-ALPHA
116.299798,39.911200,127.2,5449,UAV-ALPHA
116.300202,39.911200,127.2,5450,UAV-ALPHA
116.300606,39.911200,127.3,5451,UAV-ALPHA
116.301010,39.911200,127.3,5452,UAV-ALPHA
116.301414,39.911200,127.3,5453,UAV-ALPHA
116.301818,39.911200,127.3,5454,UAV-ALPHA
116.302222,39.911200,127.3,5455,UAV-ALPHA
116.302626,39.911200,127.3,5456,UAV-ALPHA
116.303030,39.911200,127.3,5457,UAV-ALPHA
116.303434,39.911200,127.3,5458,UAV-ALPHA
116.303838,39.911200,127.3,5459,UAV-ALPHA
116.304242,39.911200,127.3,5460,UAV-ALPHA
116.304646,39.911200,127.3,5461,UAV-ALPHA
116.305051,39.911200,127.3,5462,UAV-ALPHA
116.305455,39.911200,127.3,5463,UAV-ALPHA
116.305859,39.911200,127.3,5464,UAV-ALPHA
116.306263,39.911200,127.3,5465,UAV-ALPHA
116.306667,39.911200,127.3,5466,UAV-ALPHA
116.307071,39.911200,127.3,5467,UAV-ALPHA
116.307475,39.911200,127.3,5468,UAV-ALPHA
116.307879,39.911200,127.3,5469,UAV-ALPHA
116.308283,39.911200,127.3,5470,UAV-ALPHA
116.308687,39.911200,127.4,5471,UAV-ALPHA
116.309091,39.911200,127.4,5472,UAV-ALPHA
116.309495,39.911200,127.4,5473,UAV-ALPHA
116.309899,39.911200,127.4,5474,UAV-ALPHA
116.310303,39.911200,127.4,5475,UAV-ALPHA
116.310707,39.911200,127.4,5476,UAV-ALPHA
116.311111,39.911200,127.4,5477,UAV-ALPHA
116.311515,39.911200,127.4,5478,UAV-ALPHA
116.311919,39.911200,127.4,5479,UAV-ALPHA
116.312323,39.911200,127.4,5480,UAV-ALPHA
116.312727,39.911200,127.4,5481,UAV-ALPHA
116.313131,39.911200,127.4,5482,UAV-ALPHA
116.313535,39.911200,127.4,5483,UAV-ALPHA
116.313939,39.911200,127.4,5484,UAV-ALPHA
116.314343,39.911200,127.4,5485,UAV-ALPHA
116.314747,39.911200,127.4,5486,UAV-ALPHA
116.315152,39.911200,127.4,5487,UAV-ALPHA
116.315556,39.911200,127.4,5488,UAV-ALPHA
116.315960,39.911200,127.4,5489,UAV-ALPHA
116.316364,39.911200,127.4,5490,UAV-ALPHA
116.316768,39.911200,127.5,5491,UAV-ALPHA
116.317172,39.911200,127.5,5492,UAV-ALPHA
116.317576,39.911200,127.5,5493,UAV-ALPHA
116.317980,39.911200,127.5,5494,UAV-ALPHA
116.318384,39.911200,127.5,5495,UAV-ALPHA
116.318788,39.911200,127.5,5496,UAV-ALPHA
116.319192,39.911200,127.5,5497,UAV-ALPHA
116.319596,39.911200,127.5,5498,UAV-ALPHA
116.320000,39.911200,127.5,5499,UAV-ALPHA
116.320000,39.911500,127.5,5500,UAV-ALPHA
116.319596,39.911500,127.5,5501,UAV-ALPHA
116.319192,39.911500,127.5,5502,UAV-ALPHA
116.318788,39.911500,127.5,5503,UAV-ALPHA
116.318384,39.911500,127.5,5504,UAV-ALPHA
116.317980,39.911500,127.5,5505,UAV-ALPHA
116.317576,39.911500,127.5,5506,UAV-ALPHA
116.317172,39.911500,127.5,5507,UAV-ALPHA
116.316768,39.911500,127.5,5508,UAV-ALPHA
116.316364,39.911500,127.5,5509,UAV-ALPHA
116.315960,39.911500,127.5,5510,UAV-ALPHA
116.315556,39.911500,127.6,5511,UAV-ALPHA
116.315152,39.911500,127.6,5512,UAV-ALPHA
116.314747,39.911500,127.6,5513,UAV-ALPHA
116.314343,39.911500,127.6,5514,UAV-ALPHA
116.313939,39.911500,127.6,5515,UAV-ALPHA
116.313535,39.911500,127.6,5516,UAV-ALPHA
116.313131,39.911500,127.6,5517,UAV-ALPHA
116.312727,39.911500,127.6,5518,UAV-ALPHA
116.312323,39.911500,127.6,5519,UAV-ALPHA
116.311919,39.911500,127.6,5520,UAV-ALPHA
116.311515,39.911500,127.6,5521,UAV-ALPHA
116.311111,39.911500,127.6,5522,UAV-ALPHA
116.310707,39.911500,127.6,5523,UAV-ALPHA
116.310303,39.911500,127.6,5524,UAV-ALPHA
116.309899,39.911500,127.6,5525,UAV-ALPHA
116.309495,39.911500,127.6,5526,UAV-ALPHA
116.309091,39.911500,127.6,5527,UAV-ALPHA
116.308687,39.911500,127.6,5528,UAV-ALPHA
116.308283,39.911500,127.6,5529,UAV-ALPHA
116.307879,39.911500,127.6,5530,UAV-ALPHA
116.307475,39.911500,127.7,5531,UAV-ALPHA
116.307071,39.911500,127.7,5532,UAV-ALPHA
116.306667,39.911500,127.7,5533,UAV-ALPHA
116.306263,39.911500,127.7,5534,UAV-ALPHA
116.305859,39.911500,127.7,5535,UAV-ALPHA
116.305455,39.911500,127.7,5536,UAV-ALPHA
116.305051,39.911500,127.7,5537,UAV-ALPHA
116.304646,39.911500,127.7,5538,UAV-ALPHA
116.304242,39.911500,127.7,5539,UAV-ALPHA
116.303838,39.911500,127.7,5540,UAV-ALPHA
116.303434,39.911500,127.7,5541,UAV-ALPHA
116.303030,39.911500,127.7,5542,UAV-ALPHA
116.302626,39.911500,127.7,5543,UAV-ALPHA
116.302222,39.911500,127.7,5544,UAV-ALPHA
116.301818,39.911500,127.7,5545,UAV-ALPHA
116.301414,39.911500,127.7,5546,UAV-ALPHA
116.301010,39.911500,127.7,5547,UAV-ALPHA
116.300606,39.911500,127.7,5548,UAV-ALPHA
116.300202,39.911500,127.7,5549,UAV-ALPHA
116.299798,39.911500,127.7,5550,UAV-ALPHA
116.299394,39.911500,127.8,5551,UAV-ALPHA
116.298990,39.911500,127.8,5552,UAV-ALPHA
116.298586,39.911500,127.8,5553,UAV-ALPHA
116.298182,39.911500,127.8,5554,UAV-ALPHA
116.297778,39.911500,127.8,5555,UAV-ALPHA
116.297374,39.911500,127.8,5556,UAV-ALPHA
116.296970,39.911500,127.8,5557,UAV-ALPHA
116.296566,39.911500,127.8,5558,UAV-ALPHA
116.296162,39.911500,127.8,5559,UAV-ALPHA
116.295758,39.911500,127.8,5560,UAV-ALPHA
116.295354,39.911500,127.8,5561,UAV-ALPHA
116.294949,39.911500,127.8,5562,UAV-ALPHA
116.294545,39.911500,127.8,5563,UAV-ALPHA
116.294141,39.911500,127.8,5564,UAV-ALPHA
116.293737,39.911500,127.8,5565,UAV-ALPHA
116.293333,39.911500,127.8,5566,UAV-ALPHA
116.292929,39.911500,127.8,5567,UAV-ALPHA
116.292525,39.911500,127.8,5568,UAV-ALPHA
116.292121,39.911500,127.8,5569,UAV-ALPHA
116.291717,39.911500,127.8,5570,UAV-ALPHA
116.291313,39.911500,127.9,5571,UAV-ALPHA
116.290909,39.911500,127.9,5572,UAV-ALPHA
116.290505,39.911500,127.9,5573,UAV-ALPHA
116.290101,39.911500,127.9,5574,UAV-ALPHA
116.289697,39.911500,127.9,5575,UAV-ALPHA
116.289293,39.911500,127.9,5576,UAV-ALPHA
116.288889,39.911500,127.9,5577,UAV-ALPHA
116.288485,39.911500,127.9,5578,UAV-ALPHA
116.288081,39.911500,127.9,5579,UAV-ALPHA
116.287677,39.911500,127.9,5580,UAV-ALPHA
116.287273,39.911500,127.9,5581,UAV-ALPHA
116.286869,39.911500,127.9,5582,UAV-ALPHA
116.286465,39.911500,127.9,5583,UAV-ALPHA
116.286061,39.911500,127.9,5584,UAV-ALPHA
116.285657,39.911500,127.9,5585,UAV-ALPHA
116.285253,39.911500,127.9,5586,UAV-ALPHA
116.284848,39.911500,127.9,5587,UAV-ALPHA
116.284444,39.911500,127.9,5588,UAV-ALPHA
116.284040,39.911500,127.9,5589,UAV-ALPHA
116.283636,39.911500,127.9,5590,UAV-ALPHA
116.283232,39.911500,128.0,5591,UAV-ALPHA
116.282828,39.911500,128.0,5592,UAV-ALPHA
116.282424,39.911500,128.0,5593,UAV-ALPHA
116.282020,39.911500,128.0,5594,UAV-ALPHA
116.281616,39.911500,128.0,5595,UAV-ALPHA
116.281212,39.911500,128.0,5596,UAV-ALPHA
116.280808,39.911500,128.0,5597,UAV-ALPHA
116.280404,39.911500,128.0,5598,UAV-ALPHA
116.280000,39.911500,128.0,5599,UAV-ALPHA
116.280000,39.911800,128.0,5600,UAV-ALPHA
116.280404,39.911800,128.0,5601,UAV-ALPHA
116.280808,39.911800,128.0,5602,UAV-ALPHA
116.281212,39.911800,128.0,5603,UAV-ALPHA
116.281616,39.911800,128.0,5604,UAV-ALPHA
116.282020,39.911800,128.0,5605,UAV-ALPHA
116.282424,39.911800,128.0,5606,UAV-ALPHA
116.282828,39.911800,128.0,5607,UAV-ALPHA
116.283232,39.911800,128.0,5608,UAV-ALPHA
116.283636,39.911800,128.0,5609,UAV-ALPHA
116.284040,39.911800,128.0,5610,UAV-ALPHA
116.284444,39.911800,128.1,5611,UAV-ALPHA
116.284848,39.911800,128.1,5612,UAV-ALPHA
116.285253,39.911800,128.1,5613,UAV-ALPHA
116.285657,39.911800,128.1,5614,UAV-ALPHA
116.286061,39.911800,128.1,5615,UAV-ALPHA
116.286465,39.911800,128.1,5616,UAV-ALPHA
116.286869,39.911800,128.1,5617,UAV-ALPHA
116.287273,39.911800,128.1,5618,UAV-ALPHA
116.287677,39.911800,128.1,5619,UAV-ALPHA
116.288081,39.911800,128.1,5620,UAV-ALPHA
116.288485,39.911800,128.1,5621,UAV-ALPHA
116.288889,39.911800,128.1,5622,UAV-ALPHA
116.289293,39.911800,128.1,5623,UAV-ALPHA
116.289697,39.911800,128.1,5624,UAV-ALPHA
116.290101,39.911800,128.1,5625,UAV-ALPHA
116.290505,39.911800,128.1,5626,UAV-ALPHA
116.290909,39.911800,128.1,5627,UAV-ALPHA
116.291313,39.911800,128.1,5628,UAV-ALPHA
116.291717,39.911800,128.1,5629,UAV-ALPHA
116.292121,39.911800,128.1,5630,UAV-ALPHA
116.292525,39.911800,128.2,5631,UAV-ALPHA
116.292929,39.911800,128.2,5632,UAV-ALPHA
116.293333,39.911800,128.2,5633,UAV-ALPHA
116.293737,39.911800,128.2,5634,UAV-ALPHA
116.294141,39.911800,128.2,5635,UAV-ALPHA
116.294545,39.911800,128.2,5636,UAV-ALPHA
116.294949,39.911800,128.2,5637,UAV-ALPHA
116.295354,39.911800,128.2,5638,UAV-ALPHA
116.295758,39.911800,128.2,5639,UAV-ALPHA
116.296162,39.911800,128.2,5640,UAV-ALPHA
116.296566,39.911800,128.2,5641,UAV-ALPHA
116.296970,39.911800,128.2,5642,UAV-ALPHA
116.297374,39.911800,128.2,5643,UAV-ALPHA
116.297778,39.911800,128.2,5644,UAV-ALPHA
116.298182,39.911800,128.2,5645,UAV-ALPHA
116.298586,39.911800,128.2,5646,UAV-ALPHA
116.298990,39.911800,128.2,5647,UAV-ALPHA
116.299394,39.911800,128.2,5648,UAV-ALPHA
116.299798,39.911800,128.2,5649,UAV-ALPHA
116.300202,39.911800,128.2,5650,UAV-ALPHA
116.300606,39.911800,128.3,5651,UAV-ALPHA
116.301010,39.911800,128.3,5652,UAV-ALPHA
116.301414,39.911800,128.3,5653,UAV-ALPHA
116.301818,39.911800,128.3,5654,UAV-ALPHA
116.302222,39.911800,128.3,5655,UAV-ALPHA
116.302626,39.911800,128.3,5656,UAV-ALPHA
116.303030,39.911800,128.3,5657,UAV-ALPHA
116.303434,39.911800,128.3,5658,UAV-ALPHA
116.303838,39.911800,128.3,5659,UAV-ALPHA
116.304242,39.911800,128.3,5660,UAV-ALPHA
116.304646,39.911800,128.3,5661,UAV-ALPHA
116.305051,39.911800,128.3,5662,UAV-ALPHA
116.305455,39.911800,128.3,5663,UAV-ALPHA
116.305859,39.911800,128.3,5664,UAV-ALPHA
116.306263,39.911800,128.3,5665,UAV-ALPHA
116.306667,39.911800,128.3,5666,UAV-ALPHA
116.307071,39.911800,128.3,5667,UAV-ALPHA
116.307475,39.911800,128.3,5668,UAV-ALPHA
116.307879,39.911800,128.3,5669,UAV-ALPHA
116.308283,39.911800,128.3,5670,UAV-ALPHA
116.308687,39.911800,128.4,5671,UAV-ALPHA
116.309091,39.911800,128.4,5672,UAV-ALPHA
116.309495,39.911800,128.4,5673,UAV-ALPHA
116.309899,39.911800,128.4,5674,UAV-ALPHA
116.310303,39.911800,128.4,5675,UAV-ALPHA
116.310707,39.911800,128.4,5676,UAV-ALPHA
116.311111,39.911800,128.4,5677,UAV-ALPHA
116.311515,39.911800,128.4,5678,UAV-ALPHA
116.311919,39.911800,128.4,5679,UAV-ALPHA
116.312323,39.911800,128.4,5680,UAV-ALPHA
116.312727,39.911800,128.4,5681,UAV-ALPHA
116.313131,39.911800,128.4,5682,UAV-ALPHA
116.313535,39.911800,128.4,5683,UAV-ALPHA
116.313939,39.911800,128.4,5684,UAV-ALPHA
116.314343,39.911800,128.4,5685,UAV-ALPHA
116.314747,39.911800,128.4,5686,UAV-ALPHA
116.315152,39.911800,128.4,5687,UAV-ALPHA
116.315556,39.911800,128.4,5688,UAV-ALPHA
116.315960,39.911800,128.4,5689,UAV-ALPHA
116.316364,39.911800,128.4,5690,UAV-ALPHA
116.316768,39.911800,128.5,5691,UAV-ALPHA
116.317172,39.911800,128.5,5692,UAV-ALPHA
116.317576,39.911800,128.5,5693,UAV-ALPHA
116.317980,39.911800,128.5,5694,UAV-ALPHA
116.318384,39.911800,128.5,5695,UAV-ALPHA
116.318788,39.911800,128.5,5696,UAV-ALPHA
116.319192,39.911800,128.5,5697,UAV-ALPHA
116.319596,39.911800,128.5,5698,UAV-ALPHA
116.320000,39.911800,128.5,5699,UAV-ALPHA
116.320000,39.912100,128.5,5700,UAV-ALPHA
116.319596,39.912100,128.5,5701,UAV-ALPHA
116.319192,39.912100,128.5,5702,UAV-ALPHA
116.318788,39.912100,128.5,5703,UAV-ALPHA
116.318384,39.912100,128.5,5704,UAV-ALPHA
116.317980,39.912100,128.5,5705,UAV-ALPHA
116.317576,39.912100,128.5,5706,UAV-ALPHA
116.317172,39.912100,128.5,5707,UAV-ALPHA
116.316768,39.912100,128.5,5708,UAV-ALPHA
116.316364,39.912100,128.5,5709,UAV-ALPHA
116.315960,39.912100,128.5,5710,UAV-ALPHA
116.315556,39.912100,128.6,5711,UAV-ALPHA
116.315152,39.912100,128.6,5712,UAV-ALPHA
116.314747,39.912100,128.6,5713,UAV-ALPHA
116.314343,39.912100,128.6,5714,UAV-ALPHA
116.313939,39.912100,128.6,5715,UAV-ALPHA
116.313535,39.912100,128.6,5716,UAV-ALPHA
116.313131,39.912100,128.6,5717,UAV-ALPHA
116.312727,39.912100,128.6,5718,UAV-ALPHA
116.312323,39.912100,128.6,5719,UAV-ALPHA
116.311919,39.912100,128.6,5720,UAV-ALPHA
116.311515,39.912100,128.6,5721,UAV-ALPHA
116.311111,39.912100,128.6,5722,UAV-ALPHA
116.310707,39.912100,128.6,5723,UAV-ALPHA
116.310303,39.912100,128.6,5724,UAV-ALPHA
116.309899,39.912100,128.6,5725,UAV-ALPHA
116.309495,39.912100,128.6,5726,UAV-ALPHA
116.309091,39.912100,128.6,5727,UAV-ALPHA
116.308687,39.912100,128.6,5728,UAV-ALPHA
116.308283,39.912100,128.6,5729,UAV-ALPHA
116.307879,39.912100,128.6,5730,UAV-ALPHA
116.307475,39.912100,128.7,5731,UAV-ALPHA
116.307071,39.912100,128.7,5732,UAV-ALPHA
116.306667,39.912100,128.7,5733,UAV-ALPHA
116.306263,39.912100,128.7,5734,UAV-ALPHA
116.305859,39.912100,128.7,5735,UAV-ALPHA
116.305455,39.912100,128.7,5736,UAV-ALPHA
116.305051,39.912100,128.7,5737,UAV-ALPHA
116.304646,39.912100,128.7,5738,UAV-ALPHA
116.304242,39.912100,128.7,5739,UAV-ALPHA
116.303838,39.912100,128.7,5740,UAV-ALPHA
116.303434,39.912100,128.7,5741,UAV-ALPHA
116.303030,39.912100,128.7,5742,UAV-ALPHA
116.302626,39.912100,128.7,5743,UAV-ALPHA
116.302222,39.912100,128.7,5744,UAV-ALPHA
116.301818,39.912100,128.7,5745,UAV-ALPHA
116.301414,39.912100,128.7,5746,UAV-ALPHA
116.301010,39.912100,128.7,5747,UAV-ALPHA
116.300606,39.912100,128.7,5748,UAV-ALPHA
116.300202,39.912100,128.7,5749,UAV-ALPHA
116.299798,39.912100,128.7,5750,UAV-ALPHA
116.299394,39.912100,128.8,5751,UAV-ALPHA
116.298990,39.912100,128.8,5752,UAV-ALPHA
116.298586,39.912100,128.8,5753,UAV-ALPHA
116.298182,39.912100,128.8,5754,UAV-ALPHA
116.297778,39.912100,128.8,5755,UAV-ALPHA
116.297374,39.912100,128.8,5756,UAV-ALPHA
116.296970,39.912100,128.8,5757,UAV-ALPHA
116.296566,39.912100,128.8,5758,UAV-ALPHA
116.296162,39.912100,128.8,5759,UAV-ALPHA
116.295758,39.912100,128.8,5760,UAV-ALPHA
116.295354,39.912100,128.8,5761,UAV-ALPHA
116.294949,39.912100,128.8,5762,UAV-ALPHA
116.294545,39.912100,128.8,5763,UAV-ALPHA
116.294141,39.912100,128.8,5764,UAV-ALPHA
116.293737,39.912100,128.8,5765,UAV-ALPHA
116.293333,39.912100,128.8,5766,UAV-ALPHA
116.292929,39.912100,128.8,5767,UAV-ALPHA
116.292525,39.912100,128.8,5768,UAV-ALPHA
116.292121,39.912100,128.8,5769,UAV-ALPHA
116.291717,39.912100,128.8,5770,UAV-ALPHA
116.291313,39.912100,128.9,5771,UAV-ALPHA
116.290909,39.912100,128.9,5772,UAV-ALPHA
116.290505,39.912100,128.9,5773,UAV-ALPHA
116.290101,39.912100,128.9,5774,UAV-ALPHA
116.289697,39.912100,128.9,5775,UAV-ALPHA
116.289293,39.912100,128.9,5776,UAV-ALPHA
116.288889,39.912100,128.9,5777,UAV-ALPHA
116.288485,39.912100,128.9,5778,UAV-ALPHA
116.288081,39.912100,128.9,5779,UAV-ALPHA
116.287677,39.912100,128.9,5780,UAV-ALPHA
116.287273,39.912100,128.9,5781,UAV-ALPHA
116.286869,39.912100,128.9,5782,UAV-ALPHA
116.286465,39.912100,128.9,5783,UAV-ALPHA
116.286061,39.912100,128.9,5784,UAV-ALPHA
116.285657,39.912100,128.9,5785,UAV-ALPHA
116.285253,39.912100,128.9,5786,UAV-ALPHA
116.284848,39.912100,128.9,5787,UAV-ALPHA
116.284444,39.912100,128.9,5788,UAV-ALPHA
116.284040,39.912100,128.9,5789,UAV-ALPHA
116.283636,39.912100,128.9,5790,UAV-ALPHA
116.283232,39.912100,129.0,5791,UAV-ALPHA
116.282828,39.912100,129.0,5792,UAV-ALPHA
116.282424,39.912100,129.0,5793,UAV-ALPHA
116.282020,39.912100,129.0,5794,UAV-ALPHA
116.281616,39.912100,129.0,5795,UAV-ALPHA
116.281212,39.912100,129.0,5796,UAV-ALPHA
116.280808,39.912100,129.0,5797,UAV-ALPHA
116.280404,39.912100,129.0,5798,UAV-ALPHA
116.280000,39.912100,129.0,5799,UAV-ALPHA
116.280000,39.912400,129.0,5800,UAV-ALPHA
116.280404,39.912400,129.0,5801,UAV-ALPHA
116.280808,39.912400,129.0,5802,UAV-ALPHA
116.281212,39.912400,129.0,5803,UAV-ALPHA
116.281616,39.912400,129.0,5804,UAV-ALPHA
116.282020,39.912400,129.0,5805,UAV-ALPHA
116.282424,39.912400,129.0,5806,UAV-ALPHA
116.282828,39.912400,129.0,5807,UAV-ALPHA
116.283232,39.912400,129.0,5808,UAV-ALPHA
116.283636,39.912400,129.0,5809,UAV-ALPHA
116.284040,39.912400,129.0,5810,UAV-ALPHA
116.284444,39.912400,129.1,5811,UAV-ALPHA
116.284848,39.912400,129.1,5812,UAV-ALPHA
116.285253,39.912400,129.1,5813,UAV-ALPHA
116.285657,39.912400,129.1,5814,UAV-ALPHA
116.286061,39.912400,129.1,5815,UAV-ALPHA
116.286465,39.912400,129.1,5816,UAV-ALPHA
116.286869,39.912400,129.1,5817,UAV-ALPHA
116.287273,39.912400,129.1,5818,UAV-ALPHA
116.287677,39.912400,129.1,5819,UAV-ALPHA
116.288081,39.912400,129.1,5820,UAV-ALPHA
116.288485,39.912400,129.1,5821,UAV-ALPHA
116.288889,39.912400,129.1,5822,UAV-ALPHA
116.289293,39.912400,129.1,5823,UAV-ALPHA
116.289697,39.912400,129.1,5824,UAV-ALPHA
116.290101,39.912400,129.1,5825,UAV-ALPHA
116.290505,39.912400,129.1,5826,UAV-ALPHA
116.290909,39.912400,129.1,5827,UAV-ALPHA
116.291313,39.912400,129.1,5828,UAV-ALPHA
116.291717,39.912400,129.1,5829,UAV-ALPHA
116.292121,39.912400,129.1,5830,UAV-ALPHA
116.292525,39.912400,129.2,5831,UAV-ALPHA
116.292929,39.912400,129.2,5832,UAV-ALPHA
116.293333,39.912400,129.2,5833,UAV-ALPHA
116.293737,39.912400,129.2,5834,UAV-ALPHA
116.294141,39.912400,129.2,5835,UAV-ALPHA
116.294545,39.912400,129.2,5836,UAV-ALPHA
116.294949,39.912400,129.2,5837,UAV-ALPHA
116.295354,39.912400,129.2,5838,UAV-ALPHA
116.295758,39.912400,129.2,5839,UAV-ALPHA
116.296162,39.912400,129.2,5840,UAV-ALPHA
116.296566,39.912400,129.2,5841,UAV-ALPHA
116.296970,39.912400,129.2,5842,UAV-ALPHA
116.297374,39.912400,129.2,5843,UAV-ALPHA
116.297778,39.912400,129.2,5844,UAV-ALPHA
116.298182,39.912400,129.2,5845,UAV-ALPHA
116.298586,39.912400,129.2,5846,UAV-ALPHA
116.298990,39.912400,129.2,5847,UAV-ALPHA
116.299394,39.912400,129.2,5848,UAV-ALPHA
116.299798,39.912400,129.2,5849,UAV-ALPHA
116.300202,39.912400,129.2,5850,UAV-ALPHA
116.300606,39.912400,129.3,5851,UAV-ALPHA
116.301010,39.912400,129.3,5852,UAV-ALPHA
116.301414,39.912400,129.3,5853,UAV-ALPHA
116.301818,39.912400,129.3,5854,UAV-ALPHA
116.302222,39.912400,129.3,5855,UAV-ALPHA
116.302626,39.912400,129.3,5856,UAV-ALPHA
116.303030,39.912400,129.3,5857,UAV-ALPHA
116.303434,39.912400,129.3,5858,UAV-ALPHA
116.303838,39.912400,129.3,5859,UAV-ALPHA
116.304242,39.912400,129.3,5860,UAV-ALPHA
116.304646,39.912400,129.3,5861,UAV-ALPHA
116.305051,39.912400,129.3,5862,UAV-ALPHA
116.305455,39.912400,129.3,5863,UAV-ALPHA
116.305859,39.912400,129.3,5864,UAV-ALPHA
116.306263,39.912400,129.3,5865,UAV-ALPHA
116.306667,39.912400,129.3,5866,UAV-ALPHA
116.307071,39.912400,129.3,5867,UAV-ALPHA
116.307475,39.912400,129.3,5868,UAV-ALPHA
116.307879,39.912400,129.3,5869,UAV-ALPHA
116.308283,39.912400,129.3,5870,UAV-ALPHA
116.308687,39.912400,129.4,5871,UAV-ALPHA
116.309091,39.912400,129.4,5872,UAV-ALPHA
116.309495,39.912400,129.4,5873,UAV-ALPHA
116.309899,39.912400,129.4,5874,UAV-ALPHA
116.310303,39.912400,129.4,5875,UAV-ALPHA
116.310707,39.912400,129.4,5876,UAV-ALPHA
116.311111,39.912400,129.4,5877,UAV-ALPHA
116.311515,39.912400,129.4,5878,UAV-ALPHA
116.311919,39.912400,129.4,5879,UAV-ALPHA
116.312323,39.912400,129.4,5880,UAV-ALPHA
116.312727,39.912400,129.4,5881,UAV-ALPHA
116.313131,39.912400,129.4,5882,UAV-ALPHA
116.313535,39.912400,129.4,5883,UAV-ALPHA
116.313939,39.912400,129.4,5884,UAV-ALPHA
116.314343,39.912400,129.4,5885,UAV-ALPHA
116.314747,39.912400,129.4,5886,UAV-ALPHA
116.315152,39.912400,129.4,5887,UAV-ALPHA
116.315556,39.912400,129.4,5888,UAV-ALPHA
116.315960,39.912400,129.4,5889,UAV-ALPHA
116.316364,39.912400,129.4,5890,UAV-ALPHA
116.316768,39.912400,129.5,5891,UAV-ALPHA
116.317172,39.912400,129.5,5892,UAV-ALPHA
116.317576,39.912400,129.5,5893,UAV-ALPHA
116.317980,39.912400,129.5,5894,UAV-ALPHA
116.318384,39.912400,129.5,5895,UAV-ALPHA
116.318788,39.912400,129.5,5896,UAV-ALPHA
116.319192,39.912400,129.5,5897,UAV-ALPHA
116.319596,39.912400,129.5,5898,UAV-ALPHA
116.320000,39.912400,129.5,5899,UAV-ALPHA
116.320000,39.912700,129.5,5900,UAV-ALPHA
116.319596,39.912700,129.5,5901,UAV-ALPHA
116.319192,39.912700,129.5,5902,UAV-ALPHA
116.318788,39.912700,129.5,5903,UAV-ALPHA
116.318384,39.912700,129.5,5904,UAV-ALPHA
116.317980,39.912700,129.5,5905,UAV-ALPHA
116.317576,39.912700,129.5,5906,UAV-ALPHA
116.317172,39.912700,129.5,5907,UAV-ALPHA
116.316768,39.912700,129.5,5908,UAV-ALPHA
116.316364,39.912700,129.5,5909,UAV-ALPHA
116.315960,39.912700,129.5,5910,UAV-ALPHA
116.315556,39.912700,129.6,5911,UAV-ALPHA
116.315152,39.912700,129.6,5912,UAV-ALPHA
116.314747,39.912700,129.6,5913,UAV-ALPHA
116.314343,39.912700,129.6,5914,UAV-ALPHA
116.313939,39.912700,129.6,5915,UAV-ALPHA
116.313535,39.912700,129.6,5916,UAV-ALPHA
116.313131,39.912700,129.6,5917,UAV-ALPHA
116.312727,39.912700,129.6,5918,UAV-ALPHA
116.312323,39.912700,129.6,5919,UAV-ALPHA
116.311919,39.912700,129.6,5920,UAV-ALPHA
116.311515,39.912700,129.6,5921,UAV-ALPHA
116.311111,39.912700,129.6,5922,UAV-ALPHA
116.310707,39.912700,129.6,5923,UAV-ALPHA
116.310303,39.912700,129.6,5924,UAV-ALPHA
116.309899,39.912700,129.6,5925,UAV-ALPHA
116.309495,39.912700,129.6,5926,UAV-ALPHA
116.309091,39.912700,129.6,5927,UAV-ALPHA
116.308687,39.912700,129.6,5928,UAV-ALPHA
116.308283,39.912700,129.6,5929,UAV-ALPHA
116.307879,39.912700,129.6,5930,UAV-ALPHA
116.307475,39.912700,129.7,5931,UAV-ALPHA
116.307071,39.912700,129.7,5932,UAV-ALPHA
116.306667,39.912700,129.7,5933,UAV-ALPHA
116.306263,39.912700,129.7,5934,UAV-ALPHA
116.305859,39.912700,129.7,5935,UAV-ALPHA
116.305455,39.912700,129.7,5936,UAV-ALPHA
116.305051,39.912700,129.7,5937,UAV-ALPHA
116.304646,39.912700,129.7,5938,UAV-ALPHA
116.304242,39.912700,129.7,5939,UAV-ALPHA
116.303838,39.912700,129.7,5940,UAV-ALPHA
116.303434,39.912700,129.7,5941,UAV-ALPHA
116.303030,39.912700,129.7,5942,UAV-ALPHA
116.302626,39.912700,129.7,5943,UAV-ALPHA
116.302222,39.912700,129.7,5944,UAV-ALPHA
116.301818,39.912700,129.7,5945,UAV-ALPHA
116.301414,39.912700,129.7,5946,UAV-ALPHA
116.301010,39.912700,129.7,5947,UAV-ALPHA
116.300606,39.912700,129.7,5948,UAV-ALPHA
116.300202,39.912700,129.7,5949,UAV-ALPHA
116.299798,39.912700,129.7,5950,UAV-ALPHA
116.299394,39.912700,129.8,5951,UAV-ALPHA
116.298990,39.912700,129.8,5952,UAV-ALPHA
116.298586,39.912700,129.8,5953,UAV-ALPHA
116.298182,39.912700,129.8,5954,UAV-ALPHA
116.297778,39.912700,129.8,5955,UAV-ALPHA
116.297374,39.912700,129.8,5956,UAV-ALPHA
116.296970,39.912700,129.8,5957,UAV-ALPHA
116.296566,39.912700,129.8,5958,UAV-ALPHA
116.296162,39.912700,129.8,5959,UAV-ALPHA
116.295758,39.912700,129.8,5960,UAV-ALPHA
116.295354,39.912700,129.8,5961,UAV-ALPHA
116.294949,39.912700,129.8,5962,UAV-ALPHA
116.294545,39.912700,129.8,5963,UAV-ALPHA
116.294141,39.912700,129.8,5964,UAV-ALPHA
116.293737,39.912700,129.8,5965,UAV-ALPHA
116.293333,39.912700,129.8,5966,UAV-ALPHA
116.292929,39.912700,129.8,5967,UAV-ALPHA
116.292525,39.912700,129.8,5968,UAV-ALPHA
116.292121,39.912700,129.8,5969,UAV-ALPHA
116.291717,39.912700,129.8,5970,UAV-ALPHA
116.291313,39.912700,129.9,5971,UAV-ALPHA
116.290909,39.912700,129.9,5972,UAV-ALPHA
116.290505,39.912700,129.9,5973,UAV-ALPHA
116.290101,39.912700,129.9,5974,UAV-ALPHA
116.289697,39.912700,129.9,5975,UAV-ALPHA
116.289293,39.912700,129.9,5976,UAV-ALPHA
116.288889,39.912700,129.9,5977,UAV-ALPHA
116.288485,39.912700,129.9,5978,UAV-ALPHA
116.288081,39.912700,129.9,5979,UAV-ALPHA
116.287677,39.912700,129.9,5980,UAV-ALPHA
116.287273,39.912700,129.9,5981,UAV-ALPHA
116.286869,39.912700,129.9,5982,UAV-ALPHA
116.286465,39.912700,129.9,5983,UAV-ALPHA
116.286061,39.912700,129.9,5984,UAV-ALPHA
116.285657,39.912700,129.9,5985,UAV-ALPHA
116.285253,39.912700,129.9,5986,UAV-ALPHA
116.284848,39.912700,129.9,5987,UAV-ALPHA
116.284444,39.912700,129.9,5988,UAV-ALPHA
116.284040,39.912700,129.9,5989,UAV-ALPHA
116.283636,39.912700,129.9,5990,UAV-ALPHA
116.283232,39.912700,130.0,5991,UAV-ALPHA
116.282828,39.912700,130.0,5992,UAV-ALPHA
116.282424,39.912700,130.0,5993,UAV-ALPHA
116.282020,39.912700,130.0,5994,UAV-ALPHA
116.281616,39.912700,130.0,5995,UAV-ALPHA
116.281212,39.912700,130.0,5996,UAV-ALPHA
116.280808,39.912700,130.0,5997,UAV-ALPHA
116.280404,39.912700,130.0,5998,UAV-ALPHA
116.280000,39.912700,130.0,5999,UAV-ALPHA
116.280000,39.913000,130.0,6000,UAV-ALPHA
116.280404,39.913000,130.0,6001,UAV-ALPHA
116.280808,39.913000,130.0,6002,UAV-ALPHA
116.281212,39.913000,130.0,6003,UAV-ALPHA
116.281616,39.913000,130.0,6004,UAV-ALPHA
116.282020,39.913000,130.0,6005,UAV-ALPHA
116.282424,39.913000,130.0,6006,UAV-ALPHA
116.282828,39.913000,130.0,6007,UAV-ALPHA
116.283232,39.913000,130.0,6008,UAV-ALPHA
116.283636,39.913000,130.0,6009,UAV-ALPHA
116.284040,39.913000,130.0,6010,UAV-ALPHA
116.284444,39.913000,130.1,6011,UAV-ALPHA
116.284848,39.913000,130.1,6012,UAV-ALPHA
116.285253,39.913000,130.1,6013,UAV-ALPHA
116.285657,39.913000,130.1,6014,UAV-ALPHA
116.286061,39.913000,130.1,6015,UAV-ALPHA
116.286465,39.913000,130.1,6016,UAV-ALPHA
116.286869,39.913000,130.1,6017,UAV-ALPHA
116.287273,39.913000,130.1,6018,UAV-ALPHA
116.287677,39.913000,130.1,6019,UAV-ALPHA
116.288081,39.913000,130.1,6020,UAV-ALPHA
116.288485,39.913000,130.1,6021,UAV-ALPHA
116.288889,39.913000,130.1,6022,UAV-ALPHA
116.289293,39.913000,130.1,6023,UAV-ALPHA
116.289697,39.913000,130.1,6024,UAV-ALPHA
116.290101,39.913000,130.1,6025,UAV-ALPHA
116.290505,39.913000,130.1,6026,UAV-ALPHA
116.290909,39.913000,130.1,6027,UAV-ALPHA
116.291313,39.913000,130.1,6028,UAV-ALPHA
116.291717,39.913000,130.1,6029,UAV-ALPHA
116.292121,39.913000,130.1,6030,UAV-ALPHA
116.292525,39.913000,130.2,6031,UAV-ALPHA
116.292929,39.913000,130.2,6032,UAV-ALPHA
116.293333,39.913000,130.2,6033,UAV-ALPHA
116.293737,39.913000,130.2,6034,UAV-ALPHA
116.294141,39.913000,130.2,6035,UAV-ALPHA
116.294545,39.913000,130.2,6036,UAV-ALPHA
116.294949,39.913000,130.2,6037,UAV-ALPHA
116.295354,39.913000,130.2,6038,UAV-ALPHA
116.295758,39.913000,130.2,6039,UAV-ALPHA
116.296162,39.913000,130.2,6040,UAV-ALPHA
116.296566,39.913000,130.2,6041,UAV-ALPHA
116.296970,39.913000,130.2,6042,UAV-ALPHA
116.297374,39.913000,130.2,6043,UAV-ALPHA
116.297778,39.913000,130.2,6044,UAV-ALPHA
116.298182,39.913000,130.2,6045,UAV-ALPHA
116.298586,39.913000,130.2,6046,UAV-ALPHA
116.298990,39.913000,130.2,6047,UAV-ALPHA
116.299394,39.913000,130.2,6048,UAV-ALPHA
116.299798,39.913000,130.2,6049,UAV-ALPHA
116.300202,39.913000,130.2,6050,UAV-ALPHA
116.300606,39.913000,130.3,6051,UAV-ALPHA
116.301010,39.913000,130.3,6052,UAV-ALPHA
116.301414,39.913000,130.3,6053,UAV-ALPHA
116.301818,39.913000,130.3,6054,UAV-ALPHA
116.302222,39.913000,130.3,6055,UAV-ALPHA
116.302626,39.913000,130.3,6056,UAV-ALPHA
116.303030,39.913000,130.3,6057,UAV-ALPHA
116.303434,39.913000,130.3,6058,UAV-ALPHA
116.303838,39.913000,130.3,6059,UAV-ALPHA
116.304242,39.913000,130.3,6060,UAV-ALPHA
116.304646,39.913000,130.3,6061,UAV-ALPHA
116.305051,39.913000,130.3,6062,UAV-ALPHA
116.305455,39.913000,130.3,6063,UAV-ALPHA
116.305859,39.913000,130.3,6064,UAV-ALPHA
116.306263,39.913000,130.3,6065,UAV-ALPHA
116.306667,39.913000,130.3,6066,UAV-ALPHA
116.307071,39.913000,130.3,6067,UAV-ALPHA
116.307475,39.913000,130.3,6068,UAV-ALPHA
116.307879,39.913000,130.3,6069,UAV-ALPHA
116.308283,39.913000,130.3,6070,UAV-ALPHA
116.308687,39.913000,130.4,6071,UAV-ALPHA
116.309091,39.913000,130.4,6072,UAV-ALPHA
116.309495,39.913000,130.4,6073,UAV-ALPHA
116.309899,39.913000,130.4,6074,UAV-ALPHA
116.310303,39.913000,130.4,6075,UAV-ALPHA
116.310707,39.913000,130.4,6076,UAV-ALPHA
116.311111,39.913000,130.4,6077,UAV-ALPHA
116.311515,39.913000,130.4,6078,UAV-ALPHA
116.311919,39.913000,130.4,6079,UAV-ALPHA
116.312323,39.913000,130.4,6080,UAV-ALPHA
116.312727,39.913000,130.4,6081,UAV-ALPHA
116.313131,39.913000,130.4,6082,UAV-ALPHA
116.313535,39.913000,130.4,6083,UAV-ALPHA
116.313939,39.913000,130.4,6084,UAV-ALPHA
116.314343,39.913000,130.4,6085,UAV-ALPHA
116.314747,39.913000,130.4,6086,UAV-ALPHA
116.315152,39.913000,130.4,6087,UAV-ALPHA
116.315556,39.913000,130.4,6088,UAV-ALPHA
116.315960,39.913000,130.4,6089,UAV-ALPHA
116.316364,39.913000,130.4,6090,UAV-ALPHA
116.316768,39.913000,130.5,6091,UAV-ALPHA
116.317172,39.913000,130.5,6092,UAV-ALPHA
116.317576,39.913000,130.5,6093,UAV-ALPHA
116.317980,39.913000,130.5,6094,UAV-ALPHA
116.318384,39.913000,130.5,6095,UAV-ALPHA
116.318788,39.913000,130.5,6096,UAV-ALPHA
116.319192,39.913000,130.5,6097,UAV-ALPHA
116.319596,39.913000,130.5,6098,UAV-ALPHA
116.320000,39.913000,130.5,6099,UAV-ALPHA
116.320000,39.913300,130.5,6100,UAV-ALPHA
116.319596,39.913300,130.5,6101,UAV-ALPHA
116.319192,39.913300,130.5,6102,UAV-ALPHA
116.318788,39.913300,130.5,6103,UAV-ALPHA
116.318384,39.913300,130.5,6104,UAV-ALPHA
116.317980,39.913300,130.5,6105,UAV-ALPHA
116.317576,39.913300,130.5,6106,UAV-ALPHA
116.317172,39.913300,130.5,6107,UAV-ALPHA
116.316768,39.913300,130.5,6108,UAV-ALPHA
116.316364,39.913300,130.5,6109,UAV-ALPHA
116.315960,39.913300,130.5,6110,UAV-ALPHA
116.315556,39.913300,130.6,6111,UAV-ALPHA
116.315152,39.913300,130.6,6112,UAV-ALPHA
116.314747,39.913300,130.6,6113,UAV-ALPHA
116.314343,39.913300,130.6,6114,UAV-ALPHA
116.313939,39.913300,130.6,6115,UAV-ALPHA
116.313535,39.913300,130.6,6116,UAV-ALPHA
116.313131,39.913300,130.6,6117,UAV-ALPHA
116.312727,39.913300,130.6,6118,UAV-ALPHA
116.312323,39.913300,130.6,6119,UAV-ALPHA
116.311919,39.913300,130.6,6120,UAV-ALPHA
116.311515,39.913300,130.6,6121,UAV-ALPHA
116.311111,39.913300,130.6,6122,UAV-ALPHA
116.310707,39.913300,130.6,6123,UAV-ALPHA
116.310303,39.913300,130.6,6124,UAV-ALPHA
116.309899,39.913300,130.6,6125,UAV-ALPHA
116.309495,39.913300,130.6,6126,UAV-ALPHA
116.309091,39.913300,130.6,6127,UAV-ALPHA
116.308687,39.913300,130.6,6128,UAV-ALPHA
116.308283,39.913300,130.6,6129,UAV-ALPHA
116.307879,39.913300,130.6,6130,UAV-ALPHA
116.307475,39.913300,130.7,6131,UAV-ALPHA
116.307071,39.913300,130.7,6132,UAV-ALPHA
116.306667,39.913300,130.7,6133,UAV-ALPHA
116.306263,39.913300,130.7,6134,UAV-ALPHA
116.305859,39.913300,130.7,6135,UAV-ALPHA
116.305455,39.913300,130.7,6136,UAV-ALPHA
116.305051,39.913300,130.7,6137,UAV-ALPHA
116.304646,39.913300,130.7,6138,UAV-ALPHA
116.304242,39.913300,130.7,6139,UAV-ALPHA
116.303838,39.913300,130.7,6140,UAV-ALPHA
116.303434,39.913300,130.7,6141,UAV-ALPHA
116.303030,39.913300,130.7,6142,UAV-ALPHA
116.302626,39.913300,130.7,6143,UAV-ALPHA
116.302222,39.913300,130.7,6144,UAV-ALPHA
116.301818,39.913300,130.7,6145,UAV-ALPHA
116.301414,39.913300,130.7,6146,UAV-ALPHA
116.301010,39.913300,130.7,6147,UAV-ALPHA
116.300606,39.913300,130.7,6148,UAV-ALPHA
116.300202,39.913300,130.7,6149,UAV-ALPHA
116.299798,39.913300,130.7,6150,UAV-ALPHA
116.299394,39.913300,130.8,6151,UAV-ALPHA
116.298990,39.913300,130.8,6152,UAV-ALPHA
116.298586,39.913300,130.8,6153,UAV-ALPHA
116.298182,39.913300,130.8,6154,UAV-ALPHA
116.297778,39.913300,130.8,6155,UAV-ALPHA
116.297374,39.913300,130.8,6156,UAV-ALPHA
116.296970,39.913300,130.8,6157,UAV-ALPHA
116.296566,39.913300,130.8,6158,UAV-ALPHA
116.296162,39.913300,130.8,6159,UAV-ALPHA
116.295758,39.913300,130.8,6160,UAV-ALPHA
116.295354,39.913300,130.8,6161,UAV-ALPHA
116.294949,39.913300,130.8,6162,UAV-ALPHA
116.294545,39.913300,130.8,6163,UAV-ALPHA
116.294141,39.913300,130.8,6164,UAV-ALPHA
116.293737,39.913300,130.8,6165,UAV-ALPHA
116.293333,39.913300,130.8,6166,UAV-ALPHA
116.292929,39.913300,130.8,6167,UAV-ALPHA
116.292525,39.913300,130.8,6168,UAV-ALPHA
116.292121,39.913300,130.8,6169,UAV-ALPHA
116.291717,39.913300,130.8,6170,UAV-ALPHA
116.291313,39.913300,130.9,6171,UAV-ALPHA
116.290909,39.913300,130.9,6172,UAV-ALPHA
116.290505,39.913300,130.9,6173,UAV-ALPHA
116.290101,39.913300,130.9,6174,UAV-ALPHA
116.289697,39.913300,130.9,6175,UAV-ALPHA
116.289293,39.913300,130.9,6176,UAV-ALPHA
116.288889,39.913300,130.9,6177,UAV-ALPHA
116.288485,39.913300,130.9,6178,UAV-ALPHA
116.288081,39.913300,130.9,6179,UAV-ALPHA
116.287677,39.913300,130.9,6180,UAV-ALPHA
116.287273,39.913300,130.9,6181,UAV-ALPHA
116.286869,39.913300,130.9,6182,UAV-ALPHA
116.286465,39.913300,130.9,6183,UAV-ALPHA
116.286061,39.913300,130.9,6184,UAV-ALPHA
116.285657,39.913300,130.9,6185,UAV-ALPHA
116.285253,39.913300,130.9,6186,UAV-ALPHA
116.284848,39.913300,130.9,6187,UAV-ALPHA
116.284444,39.913300,130.9,6188,UAV-ALPHA
116.284040,39.913300,130.9,6189,UAV-ALPHA
116.283636,39.913300,130.9,6190,UAV-ALPHA
116.283232,39.913300,131.0,6191,UAV-ALPHA
116.282828,39.913300,131.0,6192,UAV-ALPHA
116.282424,39.913300,131.0,6193,UAV-ALPHA
116.282020,39.913300,131.0,6194,UAV-ALPHA
116.281616,39.913300,131.0,6195,UAV-ALPHA
116.281212,39.913300,131.0,6196,UAV-ALPHA
116.280808,39.913300,131.0,6197,UAV-ALPHA
116.280404,39.913300,131.0,6198,UAV-ALPHA
116.280000,39.913300,131.0,6199,UAV-ALPHA
116.280000,39.913600,131.0,6200,UAV-ALPHA
116.280404,39.913600,131.0,6201,UAV-ALPHA
116.280808,39.913600,131.0,6202,UAV-ALPHA
116.281212,39.913600,131.0,6203,UAV-ALPHA
116.281616,39.913600,131.0,6204,UAV-ALPHA
116.282020,39.913600,131.0,6205,UAV-ALPHA
116.282424,39.913600,131.0,6206,UAV-ALPHA
116.282828,39.913600,131.0,6207,UAV-ALPHA
116.283232,39.913600,131.0,6208,UAV-ALPHA
116.283636,39.913600,131.0,6209,UAV-ALPHA
116.284040,39.913600,131.0,6210,UAV-ALPHA
116.284444,39.913600,131.1,6211,UAV-ALPHA
116.284848,39.913600,131.1,6212,UAV-ALPHA
116.285253,39.913600,131.1,6213,UAV-ALPHA
116.285657,39.913600,131.1,6214,UAV-ALPHA
116.286061,39.913600,131.1,6215,UAV-ALPHA
116.286465,39.913600,131.1,6216,UAV-ALPHA
116.286869,39.913600,131.1,6217,UAV-ALPHA
116.287273,39.913600,131.1,6218,UAV-ALPHA
116.287677,39.913600,131.1,6219,UAV-ALPHA
116.288081,39.913600,131.1,6220,UAV-ALPHA
116.288485,39.913600,131.1,6221,UAV-ALPHA
116.288889,39.913600,131.1,6222,UAV-ALPHA
116.289293,39.913600,131.1,6223,UAV-ALPHA
116.289697,39.913600,131.1,6224,UAV-ALPHA
116.290101,39.913600,131.1,6225,UAV-ALPHA
116.290505,39.913600,131.1,6226,UAV-ALPHA
116.290909,39.913600,131.1,6227,UAV-ALPHA
116.291313,39.913600,131.1,6228,UAV-ALPHA
116.291717,39.913600,131.1,6229,UAV-ALPHA
116.292121,39.913600,131.1,6230,UAV-ALPHA
116.292525,39.913600,131.2,6231,UAV-ALPHA
116.292929,39.913600,131.2,6232,UAV-ALPHA
116.293333,39.913600,131.2,6233,UAV-ALPHA
116.293737,39.913600,131.2,6234,UAV-ALPHA
116.294141,39.913600,131.2,6235,UAV-ALPHA
116.294545,39.913600,131.2,6236,UAV-ALPHA
116.294949,39.913600,131.2,6237,UAV-ALPHA
116.295354,39.913600,131.2,6238,UAV-ALPHA
116.295758,39.913600,131.2,6239,UAV-ALPHA
116.296162,39.913600,131.2,6240,UAV-ALPHA
116.296566,39.913600,131.2,6241,UAV-ALPHA
116.296970,39.913600,131.2,6242,UAV-ALPHA
116.297374,39.913600,131.2,6243,UAV-ALPHA
116.297778,39.913600,131.2,6244,UAV-ALPHA
116.298182,39.913600,131.2,6245,UAV-ALPHA
116.298586,39.913600,131.2,6246,UAV-ALPHA
116.298990,39.913600,131.2,6247,UAV-ALPHA
116.299394,39.913600,131.2,6248,UAV-ALPHA
116.299798,39.913600,131.2,6249,UAV-ALPHA
116.300202,39.913600,131.2,6250,UAV-ALPHA
116.300606,39.913600,131.3,6251,UAV-ALPHA
116.301010,39.913600,131.3,6252,UAV-ALPHA
116.301414,39.913600,131.3,6253,UAV-ALPHA
116.301818,39.913600,131.3,6254,UAV-ALPHA
116.302222,39.913600,131.3,6255,UAV-ALPHA
116.302626,39.913600,131.3,6256,UAV-ALPHA
116.303030,39.913600,131.3,6257,UAV-ALPHA
116.303434,39.913600,131.3,6258,UAV-ALPHA
116.303838,39.913600,131.3,6259,UAV-ALPHA
116.304242,39.913600,131.3,6260,UAV-ALPHA
116.304646,39.913600,131.3,6261,UAV-ALPHA
116.305051,39.913600,131.3,6262,UAV-ALPHA
116.305455,39.913600,131.3,6263,UAV-ALPHA
116.305859,39.913600,131.3,6264,UAV-ALPHA
116.306263,39.913600,131.3,6265,UAV-ALPHA
116.306667,39.913600,131.3,6266,UAV-ALPHA
116.307071,39.913600,131.3,6267,UAV-ALPHA
116.307475,39.913600,131.3,6268,UAV-ALPHA
116.307879,39.913600,131.3,6269,UAV-ALPHA
116.308283,39.913600,131.3,6270,UAV-ALPHA
116.308687,39.913600,131.4,6271,UAV-ALPHA
116.309091,39.913600,131.4,6272,UAV-ALPHA
116.309495,39.913600,131.4,6273,UAV-ALPHA
116.309899,39.913600,131.4,6274,UAV-ALPHA
116.310303,39.913600,131.4,6275,UAV-ALPHA
116.310707,39.913600,131.4,6276,UAV-ALPHA
116.311111,39.913600,131.4,6277,UAV-ALPHA
116.311515,39.913600,131.4,6278,UAV-ALPHA
116.311919,39.913600,131.4,6279,UAV-ALPHA
116.312323,39.913600,131.4,6280,UAV-ALPHA
116.312727,39.913600,131.4,6281,UAV-ALPHA
116.313131,39.913600,131.4,6282,UAV-ALPHA
116.313535,39.913600,131.4,6283,UAV-ALPHA
116.313939,39.913600,131.4,6284,UAV-ALPHA
116.314343,39.913600,131.4,6285,UAV-ALPHA
116.314747,39.913600,131.4,6286,UAV-ALPHA
116.315152,39.913600,131.4,6287,UAV-ALPHA
116.315556,39.913600,131.4,6288,UAV-ALPHA
116.315960,39.913600,131.4,6289,UAV-ALPHA
116.316364,39.913600,131.4,6290,UAV-ALPHA
116.316768,39.913600,131.5,6291,UAV-ALPHA
116.317172,39.913600,131.5,6292,UAV-ALPHA
116.317576,39.913600,131.5,6293,UAV-ALPHA
116.317980,39.913600,131.5,6294,UAV-ALPHA
116.318384,39.913600,131.5,6295,UAV-ALPHA
116.318788,39.913600,131.5,6296,UAV-ALPHA
116.319192,39.913600,131.5,6297,UAV-ALPHA
116.319596,39.913600,131.5,6298,UAV-ALPHA
116.320000,39.913600,131.5,6299,UAV-ALPHA
116.320000,39.913900,131.5,6300,UAV-ALPHA
116.319596,39.913900,131.5,6301,UAV-ALPHA
116.319192,39.913900,131.5,6302,UAV-ALPHA
116.318788,39.913900,131.5,6303,UAV-ALPHA
116.318384,39.913900,131.5,6304,UAV-ALPHA
116.317980,39.913900,131.5,6305,UAV-ALPHA
116.317576,39.913900,131.5,6306,UAV-ALPHA
116.317172,39.913900,131.5,6307,UAV-ALPHA
116.316768,39.913900,131.5,6308,UAV-ALPHA
116.316364,39.913900,131.5,6309,UAV-ALPHA
116.315960,39.913900,131.5,6310,UAV-ALPHA
116.315556,39.913900,131.6,6311,UAV-ALPHA
116.315152,39.913900,131.6,6312,UAV-ALPHA
116.314747,39.913900,131.6,6313,UAV-ALPHA
116.314343,39.913900,131.6,6314,UAV-ALPHA
116.313939,39.913900,131.6,6315,UAV-ALPHA
116.313535,39.913900,131.6,6316,UAV-ALPHA
116.313131,39.913900,131.6,6317,UAV-ALPHA
116.312727,39.913900,131.6,6318,UAV-ALPHA
116.312323,39.913900,131.6,6319,UAV-ALPHA
116.311919,39.913900,131.6,6320,UAV-ALPHA
116.311515,39.913900,131.6,6321,UAV-ALPHA
116.311111,39.913900,131.6,6322,UAV-ALPHA
116.310707,39.913900,131.6,6323,UAV-ALPHA
116.310303,39.913900,131.6,6324,UAV-ALPHA
116.309899,39.913900,131.6,6325,UAV-ALPHA
116.309495,39.913900,131.6,6326,UAV-ALPHA
116.309091,39.913900,131.6,6327,UAV-ALPHA
116.308687,39.913900,131.6,6328,UAV-ALPHA
116.308283,39.913900,131.6,6329,UAV-ALPHA
116.307879,39.913900,131.6,6330,UAV-ALPHA
116.307475,39.913900,131.7,6331,UAV-ALPHA
116.307071,39.913900,131.7,6332,UAV-ALPHA
116.306667,39.913900,131.7,6333,UAV-ALPHA
116.306263,39.913900,131.7,6334,UAV-ALPHA
116.305859,39.913900,131.7,6335,UAV-ALPHA
116.305455,39.913900,131.7,6336,UAV-ALPHA
116.305051,39.913900,131.7,6337,UAV-ALPHA
116.304646,39.913900,131.7,6338,UAV-ALPHA
116.304242,39.913900,131.7,6339,UAV-ALPHA
116.303838,39.913900,131.7,6340,UAV-ALPHA
116.303434,39.913900,131.7,6341,UAV-ALPHA
116.303030,39.913900,131.7,6342,UAV-ALPHA
116.302626,39.913900,131.7,6343,UAV-ALPHA
116.302222,39.913900,131.7,6344,UAV-ALPHA
116.301818,39.913900,131.7,6345,UAV-ALPHA
116.301414,39.913900,131.7,6346,UAV-ALPHA
116.301010,39.913900,131.7,6347,UAV-ALPHA
116.300606,39.913900,131.7,6348,UAV-ALPHA
116.300202,39.913900,131.7,6349,UAV-ALPHA
116.299798,39.913900,131.7,6350,UAV-ALPHA
116.299394,39.913900,131.8,6351,UAV-ALPHA
116.298990,39.913900,131.8,6352,UAV-ALPHA
116.298586,39.913900,131.8,6353,UAV-ALPHA
116.298182,39.913900,131.8,6354,UAV-ALPHA
116.297778,39.913900,131.8,6355,UAV-ALPHA
116.297374,39.913900,131.8,6356,UAV-ALPHA
116.296970,39.913900,131.8,6357,UAV-ALPHA
116.296566,39.913900,131.8,6358,UAV-ALPHA
116.296162,39.913900,131.8,6359,UAV-ALPHA
116.295758,39.913900,131.8,6360,UAV-ALPHA
116.295354,39.913900,131.8,6361,UAV-ALPHA
116.294949,39.913900,131.8,6362,UAV-ALPHA
116.294545,39.913900,131.8,6363,UAV-ALPHA
116.294141,39.913900,131.8,6364,UAV-ALPHA
116.293737,39.913900,131.8,6365,UAV-ALPHA
116.293333,39.913900,131.8,6366,UAV-ALPHA
116.292929,39.913900,131.8,6367,UAV-ALPHA
116.292525,39.913900,131.8,6368,UAV-ALPHA
116.292121,39.913900,131.8,6369,UAV-ALPHA
116.291717,39.913900,131.8,6370,UAV-ALPHA
116.291313,39.913900,131.9,6371,UAV-ALPHA
116.290909,39.913900,131.9,6372,UAV-ALPHA
116.290505,39.913900,131.9,6373,UAV-ALPHA
116.290101,39.913900,131.9,6374,UAV-ALPHA
116.289697,39.913900,131.9,6375,UAV-ALPHA
116.289293,39.913900,131.9,6376,UAV-ALPHA
116.288889,39.913900,131.9,6377,UAV-ALPHA
116.288485,39.913900,131.9,6378,UAV-ALPHA
116.288081,39.913900,131.9,6379,UAV-ALPHA
116.287677,39.913900,131.9,6380,UAV-ALPHA
116.287273,39.913900,131.9,6381,UAV-ALPHA
116.286869,39.913900,131.9,6382,UAV-ALPHA
116.286465,39.913900,131.9,6383,UAV-ALPHA
116.286061,39.913900,131.9,6384,UAV-ALPHA
116.285657,39.913900,131.9,6385,UAV-ALPHA
116.285253,39.913900,131.9,6386,UAV-ALPHA
116.284848,39.913900,131.9,6387,UAV-ALPHA
116.284444,39.913900,131.9,6388,UAV-ALPHA
116.284040,39.913900,131.9,6389,UAV-ALPHA
116.283636,39.913900,131.9,6390,UAV-ALPHA
116.283232,39.913900,132.0,6391,UAV-ALPHA
116.282828,39.913900,132.0,6392,UAV-ALPHA
116.282424,39.913900,132.0,6393,UAV-ALPHA
116.282020,39.913900,132.0,6394,UAV-ALPHA
116.281616,39.913900,132.0,6395,UAV-ALPHA
116.281212,39.913900,132.0,6396,UAV-ALPHA
116.280808,39.913900,132.0,6397,UAV-ALPHA
116.280404,39.913900,132.0,6398,UAV-ALPHA
116.280000,39.913900,132.0,6399,UAV-ALPHA
116.280000,39.914200,132.0,6400,UAV-ALPHA
116.280404,39.914200,132.0,6401,UAV-ALPHA
116.280808,39.914200,132.0,6402,UAV-ALPHA
116.281212,39.914200,132.0,6403,UAV-ALPHA
116.281616,39.914200,132.0,6404,UAV-ALPHA
116.282020,39.914200,132.0,6405,UAV-ALPHA
116.282424,39.914200,132.0,6406,UAV-ALPHA
116.282828,39.914200,132.0,6407,UAV-ALPHA
116.283232,39.914200,132.0,6408,UAV-ALPHA
116.283636,39.914200,132.0,6409,UAV-ALPHA
116.284040,39.914200,132.0,6410,UAV-ALPHA
116.284444,39.914200,132.1,6411,UAV-ALPHA
116.284848,39.914200,132.1,6412,UAV-ALPHA
116.285253,39.914200,132.1,6413,UAV-ALPHA
116.285657,39.914200,132.1,6414,UAV-ALPHA
116.286061,39.914200,132.1,6415,UAV-ALPHA
116.286465,39.914200,132.1,6416,UAV-ALPHA
116.286869,39.914200,132.1,6417,UAV-ALPHA
116.287273,39.914200,132.1,6418,UAV-ALPHA
116.287677,39.914200,132.1,6419,UAV-ALPHA
116.288081,39.914200,132.1,6420,UAV-ALPHA
116.288485,39.914200,132.1,6421,UAV-ALPHA
116.288889,39.914200,132.1,6422,UAV-ALPHA
116.289293,39.914200,132.1,6423,UAV-ALPHA
116.289697,39.914200,132.1,6424,UAV-ALPHA
116.290101,39.914200,132.1,6425,UAV-ALPHA
116.290505,39.914200,132.1,6426,UAV-ALPHA
116.290909,39.914200,132.1,6427,UAV-ALPHA
116.291313,39.914200,132.1,6428,UAV-ALPHA
116.291717,39.914200,132.1,6429,UAV-ALPHA
116.292121,39.914200,132.1,6430,UAV-ALPHA
116.292525,39.914200,132.2,6431,UAV-ALPHA
116.292929,39.914200,132.2,6432,UAV-ALPHA
116.293333,39.914200,132.2,6433,UAV-ALPHA
116.293737,39.914200,132.2,6434,UAV-ALPHA
116.294141,39.914200,132.2,6435,UAV-ALPHA
116.294545,39.914200,132.2,6436,UAV-ALPHA
116.294949,39.914200,132.2,6437,UAV-ALPHA
116.295354,39.914200,132.2,6438,UAV-ALPHA
116.295758,39.914200,132.2,6439,UAV-ALPHA
116.296162,39.914200,132.2,6440,UAV-ALPHA
116.296566,39.914200,132.2,6441,UAV-ALPHA
116.296970,39.914200,132.2,6442,UAV-ALPHA
116.297374,39.914200,132.2,6443,UAV-ALPHA
116.297778,39.914200,132.2,6444,UAV-ALPHA
116.298182,39.914200,132.2,6445,UAV-ALPHA
116.298586,39.914200,132.2,6446,UAV-ALPHA
116.298990,39.914200,132.2,6447,UAV-ALPHA
116.299394,39.914200,132.2,6448,UAV-ALPHA
116.299798,39.914200,132.2,6449,UAV-ALPHA
116.300202,39.914200,132.2,6450,UAV-ALPHA
116.300606,39.914200,132.3,6451,UAV-ALPHA
116.301010,39.914200,132.3,6452,UAV-ALPHA
116.301414,39.914200,132.3,6453,UAV-ALPHA
116.301818,39.914200,132.3,6454,UAV-ALPHA
116.302222,39.914200,132.3,6455,UAV-ALPHA
116.302626,39.914200,132.3,6456,UAV-ALPHA
116.303030,39.914200,132.3,6457,UAV-ALPHA
116.303434,39.914200,132.3,6458,UAV-ALPHA
116.303838,39.914200,132.3,6459,UAV-ALPHA
116.304242,39.914200,132.3,6460,UAV-ALPHA
116.304646,39.914200,132.3,6461,UAV-ALPHA
116.305051,39.914200,132.3,6462,UAV-ALPHA
116.305455,39.914200,132.3,6463,UAV-ALPHA
116.305859,39.914200,132.3,6464,UAV-ALPHA
116.306263,39.914200,132.3,6465,UAV-ALPHA
116.306667,39.914200,132.3,6466,UAV-ALPHA
116.307071,39.914200,132.3,6467,UAV-ALPHA
116.307475,39.914200,132.3,6468,UAV-ALPHA
116.307879,39.914200,132.3,6469,UAV-ALPHA
116.308283,39.914200,132.3,6470,UAV-ALPHA
116.308687,39.914200,132.4,6471,UAV-ALPHA
116.309091,39.914200,132.4,6472,UAV-ALPHA
116.309495,39.914200,132.4,6473,UAV-ALPHA
116.309899,39.914200,132.4,6474,UAV-ALPHA
116.310303,39.914200,132.4,6475,UAV-ALPHA
116.310707,39.914200,132.4,6476,UAV-ALPHA
116.311111,39.914200,132.4,6477,UAV-ALPHA
116.311515,39.914200,132.4,6478,UAV-ALPHA
116.311919,39.914200,132.4,6479,UAV-ALPHA
116.312323,39.914200,132.4,6480,UAV-ALPHA
116.312727,39.914200,132.4,6481,UAV-ALPHA
116.313131,39.914200,132.4,6482,UAV-ALPHA
116.313535,39.914200,132.4,6483,UAV-ALPHA
116.313939,39.914200,132.4,6484,UAV-ALPHA
116.314343,39.914200,132.4,6485,UAV-ALPHA
116.314747,39.914200,132.4,6486,UAV-ALPHA
116.315152,39.914200,132.4,6487,UAV-ALPHA
116.315556,39.914200,132.4,6488,UAV-ALPHA
116.315960,39.914200,132.4,6489,UAV-ALPHA
116.316364,39.914200,132.4,6490,UAV-ALPHA
116.316768,39.914200,132.5,6491,UAV-ALPHA
116.317172,39.914200,132.5,6492,UAV-ALPHA
116.317576,39.914200,132.5,6493,UAV-ALPHA
116.317980,39.914200,132.5,6494,UAV-ALPHA
116.318384,39.914200,132.5,6495,UAV-ALPHA
116.318788,39.914200,132.5,6496,UAV-ALPHA
116.319192,39.914200,132.5,6497,UAV-ALPHA
116.319596,39.914200,132.5,6498,UAV-ALPHA
116.320000,39.914200,132.5,6499,UAV-ALPHA
116.320000,39.914500,132.5,6500,UAV-ALPHA
116.319596,39.914500,132.5,6501,UAV-ALPHA
116.319192,39.914500,132.5,6502,UAV-ALPHA
116.318788,39.914500,132.5,6503,UAV-ALPHA
116.318384,39.914500,132.5,6504,UAV-ALPHA
116.317980,39.914500,132.5,6505,UAV-ALPHA
116.317576,39.914500,132.5,6506,UAV-ALPHA
116.317172,39.914500,132.5,6507,UAV-ALPHA
116.316768,39.914500,132.5,6508,UAV-ALPHA
116.316364,39.914500,132.5,6509,UAV-ALPHA
116.315960,39.914500,132.5,6510,UAV-ALPHA
116.315556,39.914500,132.6,6511,UAV-ALPHA
116.315152,39.914500,132.6,6512,UAV-ALPHA
116.314747,39.914500,132.6,6513,UAV-ALPHA
116.314343,39.914500,132.6,6514,UAV-ALPHA
116.313939,39.914500,132.6,6515,UAV-ALPHA
116.313535,39.914500,132.6,6516,UAV-ALPHA
116.313131,39.914500,132.6,6517,UAV-ALPHA
116.312727,39.914500,132.6,6518,UAV-ALPHA
116.312323,39.914500,132.6,6519,UAV-ALPHA
116.311919,39.914500,132.6,6520,UAV-ALPHA
116.311515,39.914500,132.6,6521,UAV-ALPHA
116.311111,39.914500,132.6,6522,UAV-ALPHA
116.310707,39.914500,132.6,6523,UAV-ALPHA
116.310303,39.914500,132.6,6524,UAV-ALPHA
116.309899,39.914500,132.6,6525,UAV-ALPHA
116.309495,39.914500,132.6,6526,UAV-ALPHA
116.309091,39.914500,132.6,6527,UAV-ALPHA
116.308687,39.914500,132.6,6528,UAV-ALPHA
116.308283,39.914500,132.6,6529,UAV-ALPHA
116.307879,39.914500,132.6,6530,UAV-ALPHA
116.307475,39.914500,132.7,6531,UAV-ALPHA
116.307071,39.914500,132.7,6532,UAV-ALPHA
116.306667,39.914500,132.7,6533,UAV-ALPHA
116.306263,39.914500,132.7,6534,UAV-ALPHA
116.305859,39.914500,132.7,6535,UAV-ALPHA
116.305455,39.914500,132.7,6536,UAV-ALPHA
116.305051,39.914500,132.7,6537,UAV-ALPHA
116.304646,39.914500,132.7,6538,UAV-ALPHA
116.304242,39.914500,132.7,6539,UAV-ALPHA
116.303838,39.914500,132.7,6540,UAV-ALPHA
116.303434,39.914500,132.7,6541,UAV-ALPHA
116.303030,39.914500,132.7,6542,UAV-ALPHA
116.302626,39.914500,132.7,6543,UAV-ALPHA
116.302222,39.914500,132.7,6544,UAV-ALPHA
116.301818,39.914500,132.7,6545,UAV-ALPHA
116.301414,39.914500,132.7,6546,UAV-ALPHA
116.301010,39.914500,132.7,6547,UAV-ALPHA
116.300606,39.914500,132.7,6548,UAV-ALPHA
116.300202,39.914500,132.7,6549,UAV-ALPHA
116.299798,39.914500,132.7,6550,UAV-ALPHA
116.299394,39.914500,132.8,6551,UAV-ALPHA
116.298990,39.914500,132.8,6552,UAV-ALPHA
116.298586,39.914500,132.8,6553,UAV-ALPHA
116.298182,39.914500,132.8,6554,UAV-ALPHA
116.297778,39.914500,132.8,6555,UAV-ALPHA
116.297374,39.914500,132.8,6556,UAV-ALPHA
116.296970,39.914500,132.8,6557,UAV-ALPHA
116.296566,39.914500,132.8,6558,UAV-ALPHA
116.296162,39.914500,132.8,6559,UAV-ALPHA
116.295758,39.914500,132.8,6560,UAV-ALPHA
116.295354,39.914500,132.8,6561,UAV-ALPHA
116.294949,39.914500,132.8,6562,UAV-ALPHA
116.294545,39.914500,132.8,6563,UAV-ALPHA
116.294141,39.914500,132.8,6564,UAV-ALPHA
116.293737,39.914500,132.8,6565,UAV-ALPHA
116.293333,39.914500,132.8,6566,UAV-ALPHA
116.292929,39.914500,132.8,6567,UAV-ALPHA
116.292525,39.914500,132.8,6568,UAV-ALPHA
116.292121,39.914500,132.8,6569,UAV-ALPHA
116.291717,39.914500,132.8,6570,UAV-ALPHA
116.291313,39.914500,132.9,6571,UAV-ALPHA
116.290909,39.914500,132.9,6572,UAV-ALPHA
116.290505,39.914500,132.9,6573,UAV-ALPHA
116.290101,39.914500,132.9,6574,UAV-ALPHA
116.289697,39.914500,132.9,6575,UAV-ALPHA
116.289293,39.914500,132.9,6576,UAV-ALPHA
116.288889,39.914500,132.9,6577,UAV-ALPHA
116.288485,39.914500,132.9,6578,UAV-ALPHA
116.288081,39.914500,132.9,6579,UAV-ALPHA
116.287677,39.914500,132.9,6580,UAV-ALPHA
116.287273,39.914500,132.9,6581,UAV-ALPHA
116.286869,39.914500,132.9,6582,UAV-ALPHA
116.286465,39.914500,132.9,6583,UAV-ALPHA
116.286061,39.914500,132.9,6584,UAV-ALPHA
116.285657,39.914500,132.9,6585,UAV-ALPHA
116.285253,39.914500,132.9,6586,UAV-ALPHA
116.284848,39.914500,132.9,6587,UAV-ALPHA
116.284444,39.914500,132.9,6588,UAV-ALPHA
116.284040,39.914500,132.9,6589,UAV-ALPHA
116.283636,39.914500,132.9,6590,UAV-ALPHA
116.283232,39.914500,133.0,6591,UAV-ALPHA
116.282828,39.914500,133.0,6592,UAV-ALPHA
116.282424,39.914500,133.0,6593,UAV-ALPHA
116.282020,39.914500,133.0,6594,UAV-ALPHA
116.281616,39.914500,133.0,6595,UAV-ALPHA
116.281212,39.914500,133.0,6596,UAV-ALPHA
116.280808,39.914500,133.0,6597,UAV-ALPHA
116.280404,39.914500,133.0,6598,UAV-ALPHA
116.280000,39.914500,133.0,6599,UAV-ALPHA
116.280000,39.914800,133.0,6600,UAV-ALPHA
116.280404,39.914800,133.0,6601,UAV-ALPHA
116.280808,39.914800,133.0,6602,UAV-ALPHA
116.281212,39.914800,133.0,6603,UAV-ALPHA
116.281616,39.914800,133.0,6604,UAV-ALPHA
116.282020,39.914800,133.0,6605,UAV-ALPHA
116.282424,39.914800,133.0,6606,UAV-ALPHA
116.282828,39.914800,133.0,6607,UAV-ALPHA
116.283232,39.914800,133.0,6608,UAV-ALPHA
116.283636,39.914800,133.0,6609,UAV-ALPHA
116.284040,39.914800,133.0,6610,UAV-ALPHA
116.284444,39.914800,133.1,6611,UAV-ALPHA
116.284848,39.914800,133.1,6612,UAV-ALPHA
116.285253,39.914800,133.1,6613,UAV-ALPHA
116.285657,39.914800,133.1,6614,UAV-ALPHA
116.286061,39.914800,133.1,6615,UAV-ALPHA
116.286465,39.914800,133.1,6616,UAV-ALPHA
116.286869,39.914800,133.1,6617,UAV-ALPHA
116.287273,39.914800,133.1,6618,UAV-ALPHA
116.287677,39.914800,133.1,6619,UAV-ALPHA
116.288081,39.914800,133.1,6620,UAV-ALPHA
116.288485,39.914800,133.1,6621,UAV-ALPHA
116.288889,39.914800,133.1,6622,UAV-ALPHA
116.289293,39.914800,133.1,6623,UAV-ALPHA
116.289697,39.914800,133.1,6624,UAV-ALPHA
116.290101,39.914800,133.1,6625,UAV-ALPHA
116.290505,39.914800,133.1,6626,UAV-ALPHA
116.290909,39.914800,133.1,6627,UAV-ALPHA
116.291313,39.914800,133.1,6628,UAV-ALPHA
116.291717,39.914800,133.1,6629,UAV-ALPHA
116.292121,39.914800,133.1,6630,UAV-ALPHA
116.292525,39.914800,133.2,6631,UAV-ALPHA
116.292929,39.914800,133.2,6632,UAV-ALPHA
116.293333,39.914800,133.2,6633,UAV-ALPHA
116.293737,39.914800,133.2,6634,UAV-ALPHA
116.294141,39.914800,133.2,6635,UAV-ALPHA
116.294545,39.914800,133.2,6636,UAV-ALPHA
116.294949,39.914800,133.2,6637,UAV-ALPHA
116.295354,39.914800,133.2,6638,UAV-ALPHA
116.295758,39.914800,133.2,6639,UAV-ALPHA
116.296162,39.914800,133.2,6640,UAV-ALPHA
116.296566,39.914800,133.2,6641,UAV-ALPHA
116.296970,39.914800,133.2,6642,UAV-ALPHA
116.297374,39.914800,133.2,6643,UAV-ALPHA
116.297778,39.914800,133.2,6644,UAV-ALPHA
116.298182,39.914800,133.2,6645,UAV-ALPHA
116.298586,39.914800,133.2,6646,UAV-ALPHA
116.298990,39.914800,133.2,6647,UAV-ALPHA
116.299394,39.914800,133.2,6648,UAV-ALPHA
116.299798,39.914800,133.2,6649,UAV-ALPHA
116.300202,39.914800,133.2,6650,UAV-ALPHA
116.300606,39.914800,133.3,6651,UAV-ALPHA
116.301010,39.914800,133.3,6652,UAV-ALPHA
116.301414,39.914800,133.3,6653,UAV-ALPHA
116.301818,39.914800,133.3,6654,UAV-ALPHA
116.302222,39.914800,133.3,6655,UAV-ALPHA
116.302626,39.914800,133.3,6656,UAV-ALPHA
116.303030,39.914800,133.3,6657,UAV-ALPHA
116.303434,39.914800,133.3,6658,UAV-ALPHA
116.303838,39.914800,133.3,6659,UAV-ALPHA
116.304242,39.914800,133.3,6660,UAV-ALPHA
116.304646,39.914800,133.3,6661,UAV-ALPHA
116.305051,39.914800,133.3,6662,UAV-ALPHA
116.305455,39.914800,133.3,6663,UAV-ALPHA
116.305859,39.914800,133.3,6664,UAV-ALPHA
116.306263,39.914800,133.3,6665,UAV-ALPHA
116.306667,39.914800,133.3,6666,UAV-ALPHA
116.307071,39.914800,133.3,6667,UAV-ALPHA
116.307475,39.914800,133.3,6668,UAV-ALPHA
116.307879,39.914800,133.3,6669,UAV-ALPHA
116.308283,39.914800,133.3,6670,UAV-ALPHA
116.308687,39.914800,133.4,6671,UAV-ALPHA
116.309091,39.914800,133.4,6672,UAV-ALPHA
116.309495,39.914800,133.4,6673,UAV-ALPHA
116.309899,39.914800,133.4,6674,UAV-ALPHA
116.310303,39.914800,133.4,6675,UAV-ALPHA
116.310707,39.914800,133.4,6676,UAV-ALPHA
116.311111,39.914800,133.4,6677,UAV-ALPHA
116.311515,39.914800,133.4,6678,UAV-ALPHA
116.311919,39.914800,133.4,6679,UAV-ALPHA
116.312323,39.914800,133.4,6680,UAV-ALPHA
116.312727,39.914800,133.4,6681,UAV-ALPHA
116.313131,39.914800,133.4,6682,UAV-ALPHA
116.313535,39.914800,133.4,6683,UAV-ALPHA
116.313939,39.914800,133.4,6684,UAV-ALPHA
116.314343,39.914800,133.4,6685,UAV-ALPHA
116.314747,39.914800,133.4,6686,UAV-ALPHA
116.315152,39.914800,133.4,6687,UAV-ALPHA
116.315556,39.914800,133.4,6688,UAV-ALPHA
116.315960,39.914800,133.4,6689,UAV-ALPHA
116.316364,39.914800,133.4,6690,UAV-ALPHA
116.316768,39.914800,133.5,6691,UAV-ALPHA
116.317172,39.914800,133.5,6692,UAV-ALPHA
116.317576,39.914800,133.5,6693,UAV-ALPHA
116.317980,39.914800,133.5,6694,UAV-ALPHA
116.318384,39.914800,133.5,6695,UAV-ALPHA
116.318788,39.914800,133.5,6696,UAV-ALPHA
116.319192,39.914800,133.5,6697,UAV-ALPHA
116.319596,39.914800,133.5,6698,UAV-ALPHA
116.320000,39.914800,133.5,6699,UAV-ALPHA
116.320000,39.915100,133.5,6700,UAV-ALPHA
116.319596,39.915100,133.5,6701,UAV-ALPHA
116.319192,39.915100,133.5,6702,UAV-ALPHA
116.318788,39.915100,133.5,6703,UAV-ALPHA
116.318384,39.915100,133.5,6704,UAV-ALPHA
116.317980,39.915100,133.5,6705,UAV-ALPHA
116.317576,39.915100,133.5,6706,UAV-ALPHA
116.317172,39.915100,133.5,6707,UAV-ALPHA
116.316768,39.915100,133.5,6708,UAV-ALPHA
116.316364,39.915100,133.5,6709,UAV-ALPHA
116.315960,39.915100,133.5,6710,UAV-ALPHA
116.315556,39.915100,133.6,6711,UAV-ALPHA
116.315152,39.915100,133.6,6712,UAV-ALPHA
116.314747,39.915100,133.6,6713,UAV-ALPHA
116.314343,39.915100,133.6,6714,UAV-ALPHA
116.313939,39.915100,133.6,6715,UAV-ALPHA
116.313535,39.915100,133.6,6716,UAV-ALPHA
116.313131,39.915100,133.6,6717,UAV-ALPHA
116.312727,39.915100,133.6,6718,UAV-ALPHA
116.312323,39.915100,133.6,6719,UAV-ALPHA
116.311919,39.915100,133.6,6720,UAV-ALPHA
116.311515,39.915100,133.6,6721,UAV-ALPHA
116.311111,39.915100,133.6,6722,UAV-ALPHA
116.310707,39.915100,133.6,6723,UAV-ALPHA
116.310303,39.915100,133.6,6724,UAV-ALPHA
116.309899,39.915100,133.6,6725,UAV-ALPHA
116.309495,39.915100,133.6,6726,UAV-ALPHA
116.309091,39.915100,133.6,6727,UAV-ALPHA
116.308687,39.915100,133.6,6728,UAV-ALPHA
116.308283,39.915100,133.6,6729,UAV-ALPHA
116.307879,39.915100,133.6,6730,UAV-ALPHA
116.307475,39.915100,133.7,6731,UAV-ALPHA
116.307071,39.915100,133.7,6732,UAV-ALPHA
116.306667,39.915100,133.7,6733,UAV-ALPHA
116.306263,39.915100,133.7,6734,UAV-ALPHA
116.305859,39.915100,133.7,6735,UAV-ALPHA
116.305455,39.915100,133.7,6736,UAV-ALPHA
116.305051,39.915100,133.7,6737,UAV-ALPHA
116.304646,39.915100,133.7,6738,UAV-ALPHA
116.304242,39.915100,133.7,6739,UAV-ALPHA
116.303838,39.915100,133.7,6740,UAV-ALPHA
116.303434,39.915100,133.7,6741,UAV-ALPHA
116.303030,39.915100,133.7,6742,UAV-ALPHA
116.302626,39.915100,133.7,6743,UAV-ALPHA
116.302222,39.915100,133.7,6744,UAV-ALPHA
116.301818,39.915100,133.7,6745,UAV-ALPHA
116.301414,39.915100,133.7,6746,UAV-ALPHA
116.301010,39.915100,133.7,6747,UAV-ALPHA
116.300606,39.915100,133.7,6748,UAV-ALPHA
116.300202,39.915100,133.7,6749,UAV-ALPHA
116.299798,39.915100,133.7,6750,UAV-ALPHA
116.299394,39.915100,133.8,6751,UAV-ALPHA
116.298990,39.915100,133.8,6752,UAV-ALPHA
116.298586,39.915100,133.8,6753,UAV-ALPHA
116.298182,39.915100,133.8,6754,UAV-ALPHA
116.297778,39.915100,133.8,6755,UAV-ALPHA
116.297374,39.915100,133.8,6756,UAV-ALPHA
116.296970,39.915100,133.8,6757,UAV-ALPHA
116.296566,39.915100,133.8,6758,UAV-ALPHA
116.296162,39.915100,133.8,6759,UAV-ALPHA
116.295758,39.915100,133.8,6760,UAV-ALPHA
116.295354,39.915100,133.8,6761,UAV-ALPHA
116.294949,39.915100,133.8,6762,UAV-ALPHA
116.294545,39.915100,133.8,6763,UAV-ALPHA
116.294141,39.915100,133.8,6764,UAV-ALPHA
116.293737,39.915100,133.8,6765,UAV-ALPHA
116.293333,39.915100,133.8,6766,UAV-ALPHA
116.292929,39.915100,133.8,6767,UAV-ALPHA
116.292525,39.915100,133.8,6768,UAV-ALPHA
116.292121,39.915100,133.8,6769,UAV-ALPHA
116.291717,39.915100,133.8,6770,UAV-ALPHA
116.291313,39.915100,133.9,6771,UAV-ALPHA
116.290909,39.915100,133.9,6772,UAV-ALPHA
116.290505,39.915100,133.9,6773,UAV-ALPHA
116.290101,39.915100,133.9,6774,UAV-ALPHA
116.289697,39.915100,133.9,6775,UAV-ALPHA
116.289293,39.915100,133.9,6776,UAV-ALPHA
116.288889,39.915100,133.9,6777,UAV-ALPHA
116.288485,39.915100,133.9,6778,UAV-ALPHA
116.288081,39.915100,133.9,6779,UAV-ALPHA
116.287677,39.915100,133.9,6780,UAV-ALPHA
116.287273,39.915100,133.9,6781,UAV-ALPHA
116.286869,39.915100,133.9,6782,UAV-ALPHA
116.286465,39.915100,133.9,6783,UAV-ALPHA
116.286061,39.915100,133.9,6784,UAV-ALPHA
116.285657,39.915100,133.9,6785,UAV-ALPHA
116.285253,39.915100,133.9,6786,UAV-ALPHA
116.284848,39.915100,133.9,6787,UAV-ALPHA
116.284444,39.915100,133.9,6788,UAV-ALPHA
116.284040,39.915100,133.9,6789,UAV-ALPHA
116.283636,39.915100,133.9,6790,UAV-ALPHA
116.283232,39.915100,134.0,6791,UAV-ALPHA
116.282828,39.915100,134.0,6792,UAV-ALPHA
116.282424,39.915100,134.0,6793,UAV-ALPHA
116.282020,39.915100,134.0,6794,UAV-ALPHA
116.281616,39.915100,134.0,6795,UAV-ALPHA
116.281212,39.915100,134.0,6796,UAV-ALPHA
116.280808,39.915100,134.0,6797,UAV-ALPHA
116.280404,39.915100,134.0,6798,UAV-ALPHA
116.280000,39.915100,134.0,6799,UAV-ALPHA
116.280000,39.915400,134.0,6800,UAV-ALPHA
116.280404,39.915400,134.0,6801,UAV-ALPHA
116.280808,39.915400,134.0,6802,UAV-ALPHA
116.281212,39.915400,134.0,6803,UAV-ALPHA
116.281616,39.915400,134.0,6804,UAV-ALPHA
116.282020,39.915400,134.0,6805,UAV-ALPHA
116.282424,39.915400,134.0,6806,UAV-ALPHA
116.282828,39.915400,134.0,6807,UAV-ALPHA
116.283232,39.915400,134.0,6808,UAV-ALPHA
116.283636,39.915400,134.0,6809,UAV-ALPHA
116.284040,39.915400,134.0,6810,UAV-ALPHA
116.284444,39.915400,134.1,6811,UAV-ALPHA
116.284848,39.915400,134.1,6812,UAV-ALPHA
116.285253,39.915400,134.1,6813,UAV-ALPHA
116.285657,39.915400,134.1,6814,UAV-ALPHA
116.286061,39.915400,134.1,6815,UAV-ALPHA
116.286465,39.915400,134.1,6816,UAV-ALPHA
116.286869,39.915400,134.1,6817,UAV-ALPHA
116.287273,39.915400,134.1,6818,UAV-ALPHA
116.287677,39.915400,134.1,6819,UAV-ALPHA
116.288081,39.915400,134.1,6820,UAV-ALPHA
116.288485,39.915400,134.1,6821,UAV-ALPHA
116.288889,39.915400,134.1,6822,UAV-ALPHA
116.289293,39.915400,134.1,6823,UAV-ALPHA
116.289697,39.915400,134.1,6824,UAV-ALPHA
116.290101,39.915400,134.1,6825,UAV-ALPHA
116.290505,39.915400,134.1,6826,UAV-ALPHA
116.290909,39.915400,134.1,6827,UAV-ALPHA
116.291313,39.915400,134.1,6828,UAV-ALPHA
116.291717,39.915400,134.1,6829,UAV-ALPHA
116.292121,39.915400,134.1,6830,UAV-ALPHA
116.292525,39.915400,134.2,6831,UAV-ALPHA
116.292929,39.915400,134.2,6832,UAV-ALPHA
116.293333,39.915400,134.2,6833,UAV-ALPHA
116.293737,39.915400,134.2,6834,UAV-ALPHA
116.294141,39.915400,134.2,6835,UAV-ALPHA
116.294545,39.915400,134.2,6836,UAV-ALPHA
116.294949,39.915400,134.2,6837,UAV-ALPHA
116.295354,39.915400,134.2,6838,UAV-ALPHA
116.295758,39.915400,134.2,6839,UAV-ALPHA
116.296162,39.915400,134.2,6840,UAV-ALPHA
116.296566,39.915400,134.2,6841,UAV-ALPHA
116.296970,39.915400,134.2,6842,UAV-ALPHA
116.297374,39.915400,134.2,6843,UAV-ALPHA
116.297778,39.915400,134.2,6844,UAV-ALPHA
116.298182,39.915400,134.2,6845,UAV-ALPHA
116.298586,39.915400,134.2,6846,UAV-ALPHA
116.298990,39.915400,134.2,6847,UAV-ALPHA
116.299394,39.915400,134.2,6848,UAV-ALPHA
116.299798,39.915400,134.2,6849,UAV-ALPHA
116.300202,39.915400,134.2,6850,UAV-ALPHA
116.300606,39.915400,134.3,6851,UAV-ALPHA
116.301010,39.915400,134.3,6852,UAV-ALPHA
116.301414,39.915400,134.3,6853,UAV-ALPHA
116.301818,39.915400,134.3,6854,UAV-ALPHA
116.302222,39.915400,134.3,6855,UAV-ALPHA
116.302626,39.915400,134.3,6856,UAV-ALPHA
116.303030,39.915400,134.3,6857,UAV-ALPHA
116.303434,39.915400,134.3,6858,UAV-ALPHA
116.303838,39.915400,134.3,6859,UAV-ALPHA
116.304242,39.915400,134.3,6860,UAV-ALPHA
116.304646,39.915400,134.3,6861,UAV-ALPHA
116.305051,39.915400,134.3,6862,UAV-ALPHA
116.305455,39.915400,134.3,6863,UAV-ALPHA
116.305859,39.915400,134.3,6864,UAV-ALPHA
116.306263,39.915400,134.3,6865,UAV-ALPHA
116.306667,39.915400,134.3,6866,UAV-ALPHA
116.307071,39.915400,134.3,6867,UAV-ALPHA
116.307475,39.915400,134.3,6868,UAV-ALPHA
116.307879,39.915400,134.3,6869,UAV-ALPHA
116.308283,39.915400,134.3,6870,UAV-ALPHA
116.308687,39.915400,134.4,6871,UAV-ALPHA
116.309091,39.915400,134.4,6872,UAV-ALPHA
116.309495,39.915400,134.4,6873,UAV-ALPHA
116.309899,39.915400,134.4,6874,UAV-ALPHA
116.310303,39.915400,134.4,6875,UAV-ALPHA
116.310707,39.915400,134.4,6876,UAV-ALPHA
116.311111,39.915400,134.4,6877,UAV-ALPHA
116.311515,39.915400,134.4,6878,UAV-ALPHA
116.311919,39.915400,134.4,6879,UAV-ALPHA
116.312323,39.915400,134.4,6880,UAV-ALPHA
116.312727,39.915400,134.4,6881,UAV-ALPHA
116.313131,39.915400,134.4,6882,UAV-ALPHA
116.313535,39.915400,134.4,6883,UAV-ALPHA
116.313939,39.915400,134.4,6884,UAV-ALPHA
116.314343,39.915400,134.4,6885,UAV-ALPHA
116.314747,39.915400,134.4,6886,UAV-ALPHA
116.315152,39.915400,134.4,6887,UAV-ALPHA
116.315556,39.915400,134.4,6888,UAV-ALPHA
116.315960,39.915400,134.4,6889,UAV-ALPHA
116.316364,39.915400,134.4,6890,UAV-ALPHA
116.316768,39.915400,134.5,6891,UAV-ALPHA
116.317172,39.915400,134.5,6892,UAV-ALPHA
116.317576,39.915400,134.5,6893,UAV-ALPHA
116.317980,39.915400,134.5,6894,UAV-ALPHA
116.318384,39.915400,134.5,6895,UAV-ALPHA
116.318788,39.915400,134.5,6896,UAV-ALPHA
116.319192,39.915400,134.5,6897,UAV-ALPHA
116.319596,39.915400,134.5,6898,UAV-ALPHA
116.320000,39.915400,134.5,6899,UAV-ALPHA
116.320000,39.915700,134.5,6900,UAV-ALPHA
116.319596,39.915700,134.5,6901,UAV-ALPHA
116.319192,39.915700,134.5,6902,UAV-ALPHA
116.318788,39.915700,134.5,6903,UAV-ALPHA
116.318384,39.915700,134.5,6904,UAV-ALPHA
116.317980,39.915700,134.5,6905,UAV-ALPHA
116.317576,39.915700,134.5,6906,UAV-ALPHA
116.317172,39.915700,134.5,6907,UAV-ALPHA
116.316768,39.915700,134.5,6908,UAV-ALPHA
116.316364,39.915700,134.5,6909,UAV-ALPHA
116.315960,39.915700,134.5,6910,UAV-ALPHA
116.315556,39.915700,134.6,6911,UAV-ALPHA
116.315152,39.915700,134.6,6912,UAV-ALPHA
116.314747,39.915700,134.6,6913,UAV-ALPHA
116.314343,39.915700,134.6,6914,UAV-ALPHA
116.313939,39.915700,134.6,6915,UAV-ALPHA
116.313535,39.915700,134.6,6916,UAV-ALPHA
116.313131,39.915700,134.6,6917,UAV-ALPHA
116.312727,39.915700,134.6,6918,UAV-ALPHA
116.312323,39.915700,134.6,6919,UAV-ALPHA
116.311919,39.915700,134.6,6920,UAV-ALPHA
116.311515,39.915700,134.6,6921,UAV-ALPHA
116.311111,39.915700,134.6,6922,UAV-ALPHA
116.310707,39.915700,134.6,6923,UAV-ALPHA
116.310303,39.915700,134.6,6924,UAV-ALPHA
116.309899,39.915700,134.6,6925,UAV-ALPHA
116.309495,39.915700,134.6,6926,UAV-ALPHA
116.309091,39.915700,134.6,6927,UAV-ALPHA
116.308687,39.915700,134.6,6928,UAV-ALPHA
116.308283,39.915700,134.6,6929,UAV-ALPHA
116.307879,39.915700,134.6,6930,UAV-ALPHA
116.307475,39.915700,134.7,6931,UAV-ALPHA
116.307071,39.915700,134.7,6932,UAV-ALPHA
116.306667,39.915700,134.7,6933,UAV-ALPHA
116.306263,39.915700,134.7,6934,UAV-ALPHA
116.305859,39.915700,134.7,6935,UAV-ALPHA
116.305455,39.915700,134.7,6936,UAV-ALPHA
116.305051,39.915700,134.7,6937,UAV-ALPHA
116.304646,39.915700,134.7,6938,UAV-ALPHA
116.304242,39.915700,134.7,6939,UAV-ALPHA
116.303838,39.915700,134.7,6940,UAV-ALPHA
116.303434,39.915700,134.7,6941,UAV-ALPHA
116.303030,39.915700,134.7,6942,UAV-ALPHA
116.302626,39.915700,134.7,6943,UAV-ALPHA
116.302222,39.915700,134.7,6944,UAV-ALPHA
116.301818,39.915700,134.7,6945,UAV-ALPHA
116.301414,39.915700,134.7,6946,UAV-ALPHA
116.301010,39.915700,134.7,6947,UAV-ALPHA
116.300606,39.915700,134.7,6948,UAV-ALPHA
116.300202,39.915700,134.7,6949,UAV-ALPHA
116.299798,39.915700,134.7,6950,UAV-ALPHA
116.299394,39.915700,134.8,6951,UAV-ALPHA
116.298990,39.915700,134.8,6952,UAV-ALPHA
116.298586,39.915700,134.8,6953,UAV-ALPHA
116.298182,39.915700,134.8,6954,UAV-ALPHA
116.297778,39.915700,134.8,6955,UAV-ALPHA
116.297374,39.915700,134.8,6956,UAV-ALPHA
116.296970,39.915700,134.8,6957,UAV-ALPHA
116.296566,39.915700,134.8,6958,UAV-ALPHA
116.296162,39.915700,134.8,6959,UAV-ALPHA
116.295758,39.915700,134.8,6960,UAV-ALPHA
116.295354,39.915700,134.8,6961,UAV-ALPHA
116.294949,39.915700,134.8,6962,UAV-ALPHA
116.294545,39.915700,134.8,6963,UAV-ALPHA
116.294141,39.915700,134.8,6964,UAV-ALPHA
116.293737,39.915700,134.8,6965,UAV-ALPHA
116.293333,39.915700,134.8,6966,UAV-ALPHA
116.292929,39.915700,134.8,6967,UAV-ALPHA
116.292525,39.915700,134.8,6968,UAV-ALPHA
116.292121,39.915700,134.8,6969,UAV-ALPHA
116.291717,39.915700,134.8,6970,UAV-ALPHA
116.291313,39.915700,134.9,6971,UAV-ALPHA
116.290909,39.915700,134.9,6972,UAV-ALPHA
116.290505,39.915700,134.9,6973,UAV-ALPHA
116.290101,39.915700,134.9,6974,UAV-ALPHA
116.289697,39.915700,134.9,6975,UAV-ALPHA
116.289293,39.915700,134.9,6976,UAV-ALPHA
116.288889,39.915700,134.9,6977,UAV-ALPHA
116.288485,39.915700,134.9,6978,UAV-ALPHA
116.288081,39.915700,134.9,6979,UAV-ALPHA
116.287677,39.915700,134.9,6980,UAV-ALPHA
116.287273,39.915700,134.9,6981,UAV-ALPHA
116.286869,39.915700,134.9,6982,UAV-ALPHA
116.286465,39.915700,134.9,6983,UAV-ALPHA
116.286061,39.915700,134.9,6984,UAV-ALPHA
116.285657,39.915700,134.9,6985,UAV-ALPHA
116.285253,39.915700,134.9,6986,UAV-ALPHA
116.284848,39.915700,134.9,6987,UAV-ALPHA
116.284444,39.915700,134.9,6988,UAV-ALPHA
116.284040,39.915700,134.9,6989,UAV-ALPHA
116.283636,39.915700,134.9,6990,UAV-ALPHA
116.283232,39.915700,135.0,6991,UAV-ALPHA
116.282828,39.915700,135.0,6992,UAV-ALPHA
116.282424,39.915700,135.0,6993,UAV-ALPHA
116.282020,39.915700,135.0,6994,UAV-ALPHA
116.281616,39.915700,135.0,6995,UAV-ALPHA
116.281212,39.915700,135.0,6996,UAV-ALPHA
116.280808,39.915700,135.0,6997,UAV-ALPHA
116.280404,39.915700,135.0,6998,UAV-ALPHA
116.280000,39.915700,135.0,6999,UAV-ALPHA
116.280000,39.916000,135.0,7000,UAV-ALPHA
116.280404,39.916000,135.0,7001,UAV-ALPHA
116.280808,39.916000,135.0,7002,UAV-ALPHA
116.281212,39.916000,135.0,7003,UAV-ALPHA
116.281616,39.916000,135.0,7004,UAV-ALPHA
116.282020,39.916000,135.0,7005,UAV-ALPHA
116.282424,39.916000,135.0,7006,UAV-ALPHA
116.282828,39.916000,135.0,7007,UAV-ALPHA
116.283232,39.916000,135.0,7008,UAV-ALPHA
116.283636,39.916000,135.0,7009,UAV-ALPHA
116.284040,39.916000,135.0,7010,UAV-ALPHA
116.284444,39.916000,135.1,7011,UAV-ALPHA
116.284848,39.916000,135.1,7012,UAV-ALPHA
116.285253,39.916000,135.1,7013,UAV-ALPHA
116.285657,39.916000,135.1,7014,UAV-ALPHA
116.286061,39.916000,135.1,7015,UAV-ALPHA
116.286465,39.916000,135.1,7016,UAV-ALPHA
116.286869,39.916000,135.1,7017,UAV-ALPHA
116.287273,39.916000,135.1,7018,UAV-ALPHA
116.287677,39.916000,135.1,7019,UAV-ALPHA
116.288081,39.916000,135.1,7020,UAV-ALPHA
116.288485,39.916000,135.1,7021,UAV-ALPHA
116.288889,39.916000,135.1,7022,UAV-ALPHA
116.289293,39.916000,135.1,7023,UAV-ALPHA
116.289697,39.916000,135.1,7024,UAV-ALPHA
116.290101,39.916000,135.1,7025,UAV-ALPHA
116.290505,39.916000,135.1,7026,UAV-ALPHA
116.290909,39.916000,135.1,7027,UAV-ALPHA
116.291313,39.916000,135.1,7028,UAV-ALPHA
116.291717,39.916000,135.1,7029,UAV-ALPHA
116.292121,39.916000,135.1,7030,UAV-ALPHA
116.292525,39.916000,135.2,7031,UAV-ALPHA
116.292929,39.916000,135.2,7032,UAV-ALPHA
116.293333,39.916000,135.2,7033,UAV-ALPHA
116.293737,39.916000,135.2,7034,UAV-ALPHA
116.294141,39.916000,135.2,7035,UAV-ALPHA
116.294545,39.916000,135.2,7036,UAV-ALPHA
116.294949,39.916000,135.2,7037,UAV-ALPHA
116.295354,39.916000,135.2,7038,UAV-ALPHA
116.295758,39.916000,135.2,7039,UAV-ALPHA
116.296162,39.916000,135.2,7040,UAV-ALPHA
116.296566,39.916000,135.2,7041,UAV-ALPHA
116.296970,39.916000,135.2,7042,UAV-ALPHA
116.297374,39.916000,135.2,7043,UAV-ALPHA
116.297778,39.916000,135.2,7044,UAV-ALPHA
116.298182,39.916000,135.2,7045,UAV-ALPHA
116.298586,39.916000,135.2,7046,UAV-ALPHA
116.298990,39.916000,135.2,7047,UAV-ALPHA
116.299394,39.916000,135.2,7048,UAV-ALPHA
116.299798,39.916000,135.2,7049,UAV-ALPHA
116.300202,39.916000,135.2,7050,UAV-ALPHA
116.300606,39.916000,135.3,7051,UAV-ALPHA
116.301010,39.916000,135.3,7052,UAV-ALPHA
116.301414,39.916000,135.3,7053,UAV-ALPHA
116.301818,39.916000,135.3,7054,UAV-ALPHA
116.302222,39.916000,135.3,7055,UAV-ALPHA
116.302626,39.916000,135.3,7056,UAV-ALPHA
116.303030,39.916000,135.3,7057,UAV-ALPHA
116.303434,39.916000,135.3,7058,UAV-ALPHA
116.303838,39.916000,135.3,7059,UAV-ALPHA
116.304242,39.916000,135.3,7060,UAV-ALPHA
116.304646,39.916000,135.3,7061,UAV-ALPHA
116.305051,39.916000,135.3,7062,UAV-ALPHA
116.305455,39.916000,135.3,7063,UAV-ALPHA
116.305859,39.916000,135.3,7064,UAV-ALPHA
116.306263,39.916000,135.3,7065,UAV-ALPHA
116.306667,39.916000,135.3,7066,UAV-ALPHA
116.307071,39.916000,135.3,7067,UAV-ALPHA
116.307475,39.916000,135.3,7068,UAV-ALPHA
116.307879,39.916000,135.3,7069,UAV-ALPHA
116.308283,39.916000,135.3,7070,UAV-ALPHA
116.308687,39.916000,135.4,7071,UAV-ALPHA
116.309091,39.916000,135.4,7072,UAV-ALPHA
116.309495,39.916000,135.4,7073,UAV-ALPHA
116.309899,39.916000,135.4,7074,UAV-ALPHA
116.310303,39.916000,135.4,7075,UAV-ALPHA
116.310707,39.916000,135.4,7076,UAV-ALPHA
116.311111,39.916000,135.4,7077,UAV-ALPHA
116.311515,39.916000,135.4,7078,UAV-ALPHA
116.311919,39.916000,135.4,7079,UAV-ALPHA
116.312323,39.916000,135.4,7080,UAV-ALPHA
116.312727,39.916000,135.4,7081,UAV-ALPHA
116.313131,39.916000,135.4,7082,UAV-ALPHA
116.313535,39.916000,135.4,7083,UAV-ALPHA
116.313939,39.916000,135.4,7084,UAV-ALPHA
116.314343,39.916000,135.4,7085,UAV-ALPHA
116.314747,39.916000,135.4,7086,UAV-ALPHA
116.315152,39.916000,135.4,7087,UAV-ALPHA
116.315556,39.916000,135.4,7088,UAV-ALPHA
116.315960,39.916000,135.4,7089,UAV-ALPHA
116.316364,39.916000,135.4,7090,UAV-ALPHA
116.316768,39.916000,135.5,7091,UAV-ALPHA
116.317172,39.916000,135.5,7092,UAV-ALPHA
116.317576,39.916000,135.5,7093,UAV-ALPHA
116.317980,39.916000,135.5,7094,UAV-ALPHA
116.318384,39.916000,135.5,7095,UAV-ALPHA
116.318788,39.916000,135.5,7096,UAV-ALPHA
116.319192,39.916000,135.5,7097,UAV-ALPHA
116.319596,39.916000,135.5,7098,UAV-ALPHA
116.320000,39.916000,135.5,7099,UAV-ALPHA
116.320000,39.916300,135.5,7100,UAV-ALPHA
116.319596,39.916300,135.5,7101,UAV-ALPHA
116.319192,39.916300,135.5,7102,UAV-ALPHA
116.318788,39.916300,135.5,7103,UAV-ALPHA
116.318384,39.916300,135.5,7104,UAV-ALPHA
116.317980,39.916300,135.5,7105,UAV-ALPHA
116.317576,39.916300,135.5,7106,UAV-ALPHA
116.317172,39.916300,135.5,7107,UAV-ALPHA
116.316768,39.916300,135.5,7108,UAV-ALPHA
116.316364,39.916300,135.5,7109,UAV-ALPHA
116.315960,39.916300,135.5,7110,UAV-ALPHA
116.315556,39.916300,135.6,7111,UAV-ALPHA
116.315152,39.916300,135.6,7112,UAV-ALPHA
116.314747,39.916300,135.6,7113,UAV-ALPHA
116.314343,39.916300,135.6,7114,UAV-ALPHA
116.313939,39.916300,135.6,7115,UAV-ALPHA
116.313535,39.916300,135.6,7116,UAV-ALPHA
116.313131,39.916300,135.6,7117,UAV-ALPHA
116.312727,39.916300,135.6,7118,UAV-ALPHA
116.312323,39.916300,135.6,7119,UAV-ALPHA
116.311919,39.916300,135.6,7120,UAV-ALPHA
116.311515,39.916300,135.6,7121,UAV-ALPHA
116.311111,39.916300,135.6,7122,UAV-ALPHA
116.310707,39.916300,135.6,7123,UAV-ALPHA
116.310303,39.916300,135.6,7124,UAV-ALPHA
116.309899,39.916300,135.6,7125,UAV-ALPHA
116.309495,39.916300,135.6,7126,UAV-ALPHA
116.309091,39.916300,135.6,7127,UAV-ALPHA
116.308687,39.916300,135.6,7128,UAV-ALPHA
116.308283,39.916300,135.6,7129,UAV-ALPHA
116.307879,39.916300,135.6,7130,UAV-ALPHA
116.307475,39.916300,135.7,7131,UAV-ALPHA
116.307071,39.916300,135.7,7132,UAV-ALPHA
116.306667,39.916300,135.7,7133,UAV-ALPHA
116.306263,39.916300,135.7,7134,UAV-ALPHA
116.305859,39.916300,135.7,7135,UAV-ALPHA
116.305455,39.916300,135.7,7136,UAV-ALPHA
116.305051,39.916300,135.7,7137,UAV-ALPHA
116.304646,39.916300,135.7,7138,UAV-ALPHA
116.304242,39.916300,135.7,7139,UAV-ALPHA
116.303838,39.916300,135.7,7140,UAV-ALPHA
116.303434,39.916300,135.7,7141,UAV-ALPHA
116.303030,39.916300,135.7,7142,UAV-ALPHA
116.302626,39.916300,135.7,7143,UAV-ALPHA
116.302222,39.916300,135.7,7144,UAV-ALPHA
116.301818,39.916300,135.7,7145,UAV-ALPHA
116.301414,39.916300,135.7,7146,UAV-ALPHA
116.301010,39.916300,135.7,7147,UAV-ALPHA
116.300606,39.916300,135.7,7148,UAV-ALPHA
116.300202,39.916300,135.7,7149,UAV-ALPHA
116.299798,39.916300,135.7,7150,UAV-ALPHA
116.299394,39.916300,135.8,7151,UAV-ALPHA
116.298990,39.916300,135.8,7152,UAV-ALPHA
116.298586,39.916300,135.8,7153,UAV-ALPHA
116.298182,39.916300,135.8,7154,UAV-ALPHA
116.297778,39.916300,135.8,7155,UAV-ALPHA
116.297374,39.916300,135.8,7156,UAV-ALPHA
116.296970,39.916300,135.8,7157,UAV-ALPHA
116.296566,39.916300,135.8,7158,UAV-ALPHA
116.296162,39.916300,135.8,7159,UAV-ALPHA
116.295758,39.916300,135.8,7160,UAV-ALPHA
116.295354,39.916300,135.8,7161,UAV-ALPHA
116.294949,39.916300,135.8,7162,UAV-ALPHA
116.294545,39.916300,135.8,7163,UAV-ALPHA
116.294141,39.916300,135.8,7164,UAV-ALPHA
116.293737,39.916300,135.8,7165,UAV-ALPHA
116.293333,39.916300,135.8,7166,UAV-ALPHA
116.292929,39.916300,135.8,7167,UAV-ALPHA
116.292525,39.916300,135.8,7168,UAV-ALPHA
116.292121,39.916300,135.8,7169,UAV-ALPHA
116.291717,39.916300,135.8,7170,UAV-ALPHA
116.291313,39.916300,135.9,7171,UAV-ALPHA
116.290909,39.916300,135.9,7172,UAV-ALPHA
116.290505,39.916300,135.9,7173,UAV-ALPHA
116.290101,39.916300,135.9,7174,UAV-ALPHA
116.289697,39.916300,135.9,7175,UAV-ALPHA
116.289293,39.916300,135.9,7176,UAV-ALPHA
116.288889,39.916300,135.9,7177,UAV-ALPHA
116.288485,39.916300,135.9,7178,UAV-ALPHA
116.288081,39.916300,135.9,7179,UAV-ALPHA
116.287677,39.916300,135.9,7180,UAV-ALPHA
116.287273,39.916300,135.9,7181,UAV-ALPHA
116.286869,39.916300,135.9,7182,UAV-ALPHA
116.286465,39.916300,135.9,7183,UAV-ALPHA
116.286061,39.916300,135.9,7184,UAV-ALPHA
116.285657,39.916300,135.9,7185,UAV-ALPHA
116.285253,39.916300,135.9,7186,UAV-ALPHA
116.284848,39.916300,135.9,7187,UAV-ALPHA
116.284444,39.916300,135.9,7188,UAV-ALPHA
116.284040,39.916300,135.9,7189,UAV-ALPHA
116.283636,39.916300,135.9,7190,UAV-ALPHA
116.283232,39.916300,136.0,7191,UAV-ALPHA
116.282828,39.916300,136.0,7192,UAV-ALPHA
116.282424,39.916300,136.0,7193,UAV-ALPHA
116.282020,39.916300,136.0,7194,UAV-ALPHA
116.281616,39.916300,136.0,7195,UAV-ALPHA
116.281212,39.916300,136.0,7196,UAV-ALPHA
116.280808,39.916300,136.0,7197,UAV-ALPHA
116.280404,39.916300,136.0,7198,UAV-ALPHA
116.280000,39.916300,136.0,7199,UAV-ALPHA
116.280000,39.916600,136.0,7200,UAV-ALPHA
116.280404,39.916600,136.0,7201,UAV-ALPHA
116.280808,39.916600,136.0,7202,UAV-ALPHA
116.281212,39.916600,136.0,7203,UAV-ALPHA
116.281616,39.916600,136.0,7204,UAV-ALPHA
116.282020,39.916600,136.0,7205,UAV-ALPHA
116.282424,39.916600,136.0,7206,UAV-ALPHA
116.282828,39.916600,136.0,7207,UAV-ALPHA
116.283232,39.916600,136.0,7208,UAV-ALPHA
116.283636,39.916600,136.0,7209,UAV-ALPHA
116.284040,39.916600,136.0,7210,UAV-ALPHA
116.284444,39.916600,136.1,7211,UAV-ALPHA
116.284848,39.916600,136.1,7212,UAV-ALPHA
116.285253,39.916600,136.1,7213,UAV-ALPHA
116.285657,39.916600,136.1,7214,UAV-ALPHA
116.286061,39.916600,136.1,7215,UAV-ALPHA
116.286465,39.916600,136.1,7216,UAV-ALPHA
116.286869,39.916600,136.1,7217,UAV-ALPHA
116.287273,39.916600,136.1,7218,UAV-ALPHA
116.287677,39.916600,136.1,7219,UAV-ALPHA
116.288081,39.916600,136.1,7220,UAV-ALPHA
116.288485,39.916600,136.1,7221,UAV-ALPHA
116.288889,39.916600,136.1,7222,UAV-ALPHA
116.289293,39.916600,136.1,7223,UAV-ALPHA
116.289697,39.916600,136.1,7224,UAV-ALPHA
116.290101,39.916600,136.1,7225,UAV-ALPHA
116.290505,39.916600,136.1,7226,UAV-ALPHA
116.290909,39.916600,136.1,7227,UAV-ALPHA
116.291313,39.916600,136.1,7228,UAV-ALPHA
116.291717,39.916600,136.1,7229,UAV-ALPHA
116.292121,39.916600,136.1,7230,UAV-ALPHA
116.292525,39.916600,136.2,7231,UAV-ALPHA
116.292929,39.916600,136.2,7232,UAV-ALPHA
116.293333,39.916600,136.2,7233,UAV-ALPHA
116.293737,39.916600,136.2,7234,UAV-ALPHA
116.294141,39.916600,136.2,7235,UAV-ALPHA
116.294545,39.916600,136.2,7236,UAV-ALPHA
116.294949,39.916600,136.2,7237,UAV-ALPHA
116.295354,39.916600,136.2,7238,UAV-ALPHA
116.295758,39.916600,136.2,7239,UAV-ALPHA
116.296162,39.916600,136.2,7240,UAV-ALPHA
116.296566,39.916600,136.2,7241,UAV-ALPHA
116.296970,39.916600,136.2,7242,UAV-ALPHA
116.297374,39.916600,136.2,7243,UAV-ALPHA
116.297778,39.916600,136.2,7244,UAV-ALPHA
116.298182,39.916600,136.2,7245,UAV-ALPHA
116.298586,39.916600,136.2,7246,UAV-ALPHA
116.298990,39.916600,136.2,7247,UAV-ALPHA
116.299394,39.916600,136.2,7248,UAV-ALPHA
116.299798,39.916600,136.2,7249,UAV-ALPHA
116.300202,39.916600,136.2,7250,UAV-ALPHA
116.300606,39.916600,136.3,7251,UAV-ALPHA
116.301010,39.916600,136.3,7252,UAV-ALPHA
116.301414,39.916600,136.3,7253,UAV-ALPHA
116.301818,39.916600,136.3,7254,UAV-ALPHA
116.302222,39.916600,136.3,7255,UAV-ALPHA
116.302626,39.916600,136.3,7256,UAV-ALPHA
116.303030,39.916600,136.3,7257,UAV-ALPHA
116.303434,39.916600,136.3,7258,UAV-ALPHA
116.303838,39.916600,136.3,7259,UAV-ALPHA
116.304242,39.916600,136.3,7260,UAV-ALPHA
116.304646,39.916600,136.3,7261,UAV-ALPHA
116.305051,39.916600,136.3,7262,UAV-ALPHA
116.305455,39.916600,136.3,7263,UAV-ALPHA
116.305859,39.916600,136.3,7264,UAV-ALPHA
116.306263,39.916600,136.3,7265,UAV-ALPHA
116.306667,39.916600,136.3,7266,UAV-ALPHA
116.307071,39.916600,136.3,7267,UAV-ALPHA
116.307475,39.916600,136.3,7268,UAV-ALPHA
116.307879,39.916600,136.3,7269,UAV-ALPHA
116.308283,39.916600,136.3,7270,UAV-ALPHA
116.308687,39.916600,136.4,7271,UAV-ALPHA
116.309091,39.916600,136.4,7272,UAV-ALPHA
116.309495,39.916600,136.4,7273,UAV-ALPHA
116.309899,39.916600,136.4,7274,UAV-ALPHA
116.310303,39.916600,136.4,7275,UAV-ALPHA
116.310707,39.916600,136.4,7276,UAV-ALPHA
116.311111,39.916600,136.4,7277,UAV-ALPHA
116.311515,39.916600,136.4,7278,UAV-ALPHA
116.311919,39.916600,136.4,7279,UAV-ALPHA
116.312323,39.916600,136.4,7280,UAV-ALPHA
116.312727,39.916600,136.4,7281,UAV-ALPHA
116.313131,39.916600,136.4,7282,UAV-ALPHA
116.313535,39.916600,136.4,7283,UAV-ALPHA
116.313939,39.916600,136.4,7284,UAV-ALPHA
116.314343,39.916600,136.4,7285,UAV-ALPHA
116.314747,39.916600,136.4,7286,UAV-ALPHA
116.315152,39.916600,136.4,7287,UAV-ALPHA
116.315556,39.916600,136.4,7288,UAV-ALPHA
116.315960,39.916600,136.4,7289,UAV-ALPHA
116.316364,39.916600,136.4,7290,UAV-ALPHA
116.316768,39.916600,136.5,7291,UAV-ALPHA
116.317172,39.916600,136.5,7292,UAV-ALPHA
116.317576,39.916600,136.5,7293,UAV-ALPHA
116.317980,39.916600,136.5,7294,UAV-ALPHA
116.318384,39.916600,136.5,7295,UAV-ALPHA
116.318788,39.916600,136.5,7296,UAV-ALPHA
116.319192,39.916600,136.5,7297,UAV-ALPHA
116.319596,39.916600,136.5,7298,UAV-ALPHA
116.320000,39.916600,136.5,7299,UAV-ALPHA
116.320000,39.916900,136.5,7300,UAV-ALPHA
116.319596,39.916900,136.5,7301,UAV-ALPHA
116.319192,39.916900,136.5,7302,UAV-ALPHA
116.318788,39.916900,136.5,7303,UAV-ALPHA
116.318384,39.916900,136.5,7304,UAV-ALPHA
116.317980,39.916900,136.5,7305,UAV-ALPHA
116.317576,39.916900,136.5,7306,UAV-ALPHA
116.317172,39.916900,136.5,7307,UAV-ALPHA
116.316768,39.916900,136.5,7308,UAV-ALPHA
116.316364,39.916900,136.5,7309,UAV-ALPHA
116.315960,39.916900,136.5,7310,UAV-ALPHA
116.315556,39.916900,136.6,7311,UAV-ALPHA
116.315152,39.916900,136.6,7312,UAV-ALPHA
116.314747,39.916900,136.6,7313,UAV-ALPHA
116.314343,39.916900,136.6,7314,UAV-ALPHA
116.313939,39.916900,136.6,7315,UAV-ALPHA
116.313535,39.916900,136.6,7316,UAV-ALPHA
116.313131,39.916900,136.6,7317,UAV-ALPHA
116.312727,39.916900,136.6,7318,UAV-ALPHA
116.312323,39.916900,136.6,7319,UAV-ALPHA
116.311919,39.916900,136.6,7320,UAV-ALPHA
116.311515,39.916900,136.6,7321,UAV-ALPHA
116.311111,39.916900,136.6,7322,UAV-ALPHA
116.310707,39.916900,136.6,7323,UAV-ALPHA
116.310303,39.916900,136.6,7324,UAV-ALPHA
116.309899,39.916900,136.6,7325,UAV-ALPHA
116.309495,39.916900,136.6,7326,UAV-ALPHA
116.309091,39.916900,136.6,7327,UAV-ALPHA
116.308687,39.916900,136.6,7328,UAV-ALPHA
116.308283,39.916900,136.6,7329,UAV-ALPHA
116.307879,39.916900,136.6,7330,UAV-ALPHA
116.307475,39.916900,136.7,7331,UAV-ALPHA
116.307071,39.916900,136.7,7332,UAV-ALPHA
116.306667,39.916900,136.7,7333,UAV-ALPHA
116.306263,39.916900,136.7,7334,UAV-ALPHA
116.305859,39.916900,136.7,7335,UAV-ALPHA
116.305455,39.916900,136.7,7336,UAV-ALPHA
116.305051,39.916900,136.7,7337,UAV-ALPHA
116.304646,39.916900,136.7,7338,UAV-ALPHA
116.304242,39.916900,136.7,7339,UAV-ALPHA
116.303838,39.916900,136.7,7340,UAV-ALPHA
116.303434,39.916900,136.7,7341,UAV-ALPHA
116.303030,39.916900,136.7,7342,UAV-ALPHA
116.302626,39.916900,136.7,7343,UAV-ALPHA
116.302222,39.916900,136.7,7344,UAV-ALPHA
116.301818,39.916900,136.7,7345,UAV-ALPHA
116.301414,39.916900,136.7,7346,UAV-ALPHA
116.301010,39.916900,136.7,7347,UAV-ALPHA
116.300606,39.916900,136.7,7348,UAV-ALPHA
116.300202,39.916900,136.7,7349,UAV-ALPHA
116.299798,39.916900,136.7,7350,UAV-ALPHA
116.299394,39.916900,136.8,7351,UAV-ALPHA
116.298990,39.916900,136.8,7352,UAV-ALPHA
116.298586,39.916900,136.8,7353,UAV-ALPHA
116.298182,39.916900,136.8,7354,UAV-ALPHA
116.297778,39.916900,136.8,7355,UAV-ALPHA
116.297374,39.916900,136.8,7356,UAV-ALPHA
116.296970,39.916900,136.8,7357,UAV-ALPHA
116.296566,39.916900,136.8,7358,UAV-ALPHA
116.296162,39.916900,136.8,7359,UAV-ALPHA
116.295758,39.916900,136.8,7360,UAV-ALPHA
116.295354,39.916900,136.8,7361,UAV-ALPHA
116.294949,39.916900,136.8,7362,UAV-ALPHA
116.294545,39.916900,136.8,7363,UAV-ALPHA
116.294141,39.916900,136.8,7364,UAV-ALPHA
116.293737,39.916900,136.8,7365,UAV-ALPHA
116.293333,39.916900,136.8,7366,UAV-ALPHA
116.292929,39.916900,136.8,7367,UAV-ALPHA
116.292525,39.916900,136.8,7368,UAV-ALPHA
116.292121,39.916900,136.8,7369,UAV-ALPHA
116.291717,39.916900,136.8,7370,UAV-ALPHA
116.291313,39.916900,136.9,7371,UAV-ALPHA
116.290909,39.916900,136.9,7372,UAV-ALPHA
116.290505,39.916900,136.9,7373,UAV-ALPHA
116.290101,39.916900,136.9,7374,UAV-ALPHA
116.289697,39.916900,136.9,7375,UAV-ALPHA
116.289293,39.916900,136.9,7376,UAV-ALPHA
116.288889,39.916900,136.9,7377,UAV-ALPHA
116.288485,39.916900,136.9,7378,UAV-ALPHA
116.288081,39.916900,136.9,7379,UAV-ALPHA
116.287677,39.916900,136.9,7380,UAV-ALPHA
116.287273,39.916900,136.9,7381,UAV-ALPHA
116.286869,39.916900,136.9,7382,UAV-ALPHA
116.286465,39.916900,136.9,7383,UAV-ALPHA
116.286061,39.916900,136.9,7384,UAV-ALPHA
116.285657,39.916900,136.9,7385,UAV-ALPHA
116.285253,39.916900,136.9,7386,UAV-ALPHA
116.284848,39.916900,136.9,7387,UAV-ALPHA
116.284444,39.916900,136.9,7388,UAV-ALPHA
116.284040,39.916900,136.9,7389,UAV-ALPHA
116.283636,39.916900,136.9,7390,UAV-ALPHA
116.283232,39.916900,137.0,7391,UAV-ALPHA
116.282828,39.916900,137.0,7392,UAV-ALPHA
116.282424,39.916900,137.0,7393,UAV-ALPHA
116.282020,39.916900,137.0,7394,UAV-ALPHA
116.281616,39.916900,137.0,7395,UAV-ALPHA
116.281212,39.916900,137.0,7396,UAV-ALPHA
116.280808,39.916900,137.0,7397,UAV-ALPHA
116.280404,39.916900,137.0,7398,UAV-ALPHA
116.280000,39.916900,137.0,7399,UAV-ALPHA
116.280000,39.917200,137.0,7400,UAV-ALPHA
116.280404,39.917200,137.0,7401,UAV-ALPHA
116.280808,39.917200,137.0,7402,UAV-ALPHA
116.281212,39.917200,137.0,7403,UAV-ALPHA
116.281616,39.917200,137.0,7404,UAV-ALPHA
116.282020,39.917200,137.0,7405,UAV-ALPHA
116.282424,39.917200,137.0,7406,UAV-ALPHA
116.282828,39.917200,137.0,7407,UAV-ALPHA
116.283232,39.917200,137.0,7408,UAV-ALPHA
116.283636,39.917200,137.0,7409,UAV-ALPHA
116.284040,39.917200,137.0,7410,UAV-ALPHA
116.284444,39.917200,137.1,7411,UAV-ALPHA
116.284848,39.917200,137.1,7412,UAV-ALPHA
116.285253,39.917200,137.1,7413,UAV-ALPHA
116.285657,39.917200,137.1,7414,UAV-ALPHA
116.286061,39.917200,137.1,7415,UAV-ALPHA
116.286465,39.917200,137.1,7416,UAV-ALPHA
116.286869,39.917200,137.1,7417,UAV-ALPHA
116.287273,39.917200,137.1,7418,UAV-ALPHA
116.287677,39.917200,137.1,7419,UAV-ALPHA
116.288081,39.917200,137.1,7420,UAV-ALPHA
116.288485,39.917200,137.1,7421,UAV-ALPHA
116.288889,39.917200,137.1,7422,UAV-ALPHA
116.289293,39.917200,137.1,7423,UAV-ALPHA
116.289697,39.917200,137.1,7424,UAV-ALPHA
116.290101,39.917200,137.1,7425,UAV-ALPHA
116.290505,39.917200,137.1,7426,UAV-ALPHA
116.290909,39.917200,137.1,7427,UAV-ALPHA
116.291313,39.917200,137.1,7428,UAV-ALPHA
116.291717,39.917200,137.1,7429,UAV-ALPHA
116.292121,39.917200,137.1,7430,UAV-ALPHA
116.292525,39.917200,137.2,7431,UAV-ALPHA
116.292929,39.917200,137.2,7432,UAV-ALPHA
116.293333,39.917200,137.2,7433,UAV-ALPHA
116.293737,39.917200,137.2,7434,UAV-ALPHA
116.294141,39.917200,137.2,7435,UAV-ALPHA
116.294545,39.917200,137.2,7436,UAV-ALPHA
116.294949,39.917200,137.2,7437,UAV-ALPHA
116.295354,39.917200,137.2,7438,UAV-ALPHA
116.295758,39.917200,137.2,7439,UAV-ALPHA
116.296162,39.917200,137.2,7440,UAV-ALPHA
116.296566,39.917200,137.2,7441,UAV-ALPHA
116.296970,39.917200,137.2,7442,UAV-ALPHA
116.297374,39.917200,137.2,7443,UAV-ALPHA
116.297778,39.917200,137.2,7444,UAV-ALPHA
116.298182,39.917200,137.2,7445,UAV-ALPHA
116.298586,39.917200,137.2,7446,UAV-ALPHA
116.298990,39.917200,137.2,7447,UAV-ALPHA
116.299394,39.917200,137.2,7448,UAV-ALPHA
116.299798,39.917200,137.2,7449,UAV-ALPHA
116.300202,39.917200,137.2,7450,UAV-ALPHA
116.300606,39.917200,137.3,7451,UAV-ALPHA
116.301010,39.917200,137.3,7452,UAV-ALPHA
116.301414,39.917200,137.3,7453,UAV-ALPHA
116.301818,39.917200,137.3,7454,UAV-ALPHA
116.302222,39.917200,137.3,7455,UAV-ALPHA
116.302626,39.917200,137.3,7456,UAV-ALPHA
116.303030,39.917200,137.3,7457,UAV-ALPHA
116.303434,39.917200,137.3,7458,UAV-ALPHA
116.303838,39.917200,137.3,7459,UAV-ALPHA
116.304242,39.917200,137.3,7460,UAV-ALPHA
116.304646,39.917200,137.3,7461,UAV-ALPHA
116.305051,39.917200,137.3,7462,UAV-ALPHA
116.305455,39.917200,137.3,7463,UAV-ALPHA
116.305859,39.917200,137.3,7464,UAV-ALPHA
116.306263,39.917200,137.3,7465,UAV-ALPHA
116.306667,39.917200,137.3,7466,UAV-ALPHA
116.307071,39.917200,137.3,7467,UAV-ALPHA
116.307475,39.917200,137.3,7468,UAV-ALPHA
116.307879,39.917200,137.3,7469,UAV-ALPHA
116.308283,39.917200,137.3,7470,UAV-ALPHA
116.308687,39.917200,137.4,7471,UAV-ALPHA
116.309091,39.917200,137.4,7472,UAV-ALPHA
116.309495,39.917200,137.4,7473,UAV-ALPHA
116.309899,39.917200,137.4,7474,UAV-ALPHA
116.310303,39.917200,137.4,7475,UAV-ALPHA
116.310707,39.917200,137.4,7476,UAV-ALPHA
116.311111,39.917200,137.4,7477,UAV-ALPHA
116.311515,39.917200,137.4,7478,UAV-ALPHA
116.311919,39.917200,137.4,7479,UAV-ALPHA
116.312323,39.917200,137.4,7480,UAV-ALPHA
116.312727,39.917200,137.4,7481,UAV-ALPHA
116.313131,39.917200,137.4,7482,UAV-ALPHA
116.313535,39.917200,137.4,7483,UAV-ALPHA
116.313939,39.917200,137.4,7484,UAV-ALPHA
116.314343,39.917200,137.4,7485,UAV-ALPHA
116.314747,39.917200,137.4,7486,UAV-ALPHA
116.315152,39.917200,137.4,7487,UAV-ALPHA
116.315556,39.917200,137.4,7488,UAV-ALPHA
116.315960,39.917200,137.4,7489,UAV-ALPHA
116.316364,39.917200,137.4,7490,UAV-ALPHA
116.316768,39.917200,137.5,7491,UAV-ALPHA
116.317172,39.917200,137.5,7492,UAV-ALPHA
116.317576,39.917200,137.5,7493,UAV-ALPHA
116.317980,39.917200,137.5,7494,UAV-ALPHA
116.318384,39.917200,137.5,7495,UAV-ALPHA
116.318788,39.917200,137.5,7496,UAV-ALPHA
116.319192,39.917200,137.5,7497,UAV-ALPHA
116.319596,39.917200,137.5,7498,UAV-ALPHA
116.320000,39.917200,137.5,7499,UAV-ALPHA
116.320000,39.917500,137.5,7500,UAV-ALPHA
116.319596,39.917500,137.5,7501,UAV-ALPHA
116.319192,39.917500,137.5,7502,UAV-ALPHA
116.318788,39.917500,137.5,7503,UAV-ALPHA
116.318384,39.917500,137.5,7504,UAV-ALPHA
116.317980,39.917500,137.5,7505,UAV-ALPHA
116.317576,39.917500,137.5,7506,UAV-ALPHA
116.317172,39.917500,137.5,7507,UAV-ALPHA
116.316768,39.917500,137.5,7508,UAV-ALPHA
116.316364,39.917500,137.5,7509,UAV-ALPHA
116.315960,39.917500,137.5,7510,UAV-ALPHA
116.315556,39.917500,137.6,7511,UAV-ALPHA
116.315152,39.917500,137.6,7512,UAV-ALPHA
116.314747,39.917500,137.6,7513,UAV-ALPHA
116.314343,39.917500,137.6,7514,UAV-ALPHA
116.313939,39.917500,137.6,7515,UAV-ALPHA
116.313535,39.917500,137.6,7516,UAV-ALPHA
116.313131,39.917500,137.6,7517,UAV-ALPHA
116.312727,39.917500,137.6,7518,UAV-ALPHA
116.312323,39.917500,137.6,7519,UAV-ALPHA
116.311919,39.917500,137.6,7520,UAV-ALPHA
116.311515,39.917500,137.6,7521,UAV-ALPHA
116.311111,39.917500,137.6,7522,UAV-ALPHA
116.310707,39.917500,137.6,7523,UAV-ALPHA
116.310303,39.917500,137.6,7524,UAV-ALPHA
116.309899,39.917500,137.6,7525,UAV-ALPHA
116.309495,39.917500,137.6,7526,UAV-ALPHA
116.309091,39.917500,137.6,7527,UAV-ALPHA
116.308687,39.917500,137.6,7528,UAV-ALPHA
116.308283,39.917500,137.6,7529,UAV-ALPHA
116.307879,39.917500,137.6,7530,UAV-ALPHA
116.307475,39.917500,137.7,7531,UAV-ALPHA
116.307071,39.917500,137.7,7532,UAV-ALPHA
116.306667,39.917500,137.7,7533,UAV-ALPHA
116.306263,39.917500,137.7,7534,UAV-ALPHA
116.305859,39.917500,137.7,7535,UAV-ALPHA
116.305455,39.917500,137.7,7536,UAV-ALPHA
116.305051,39.917500,137.7,7537,UAV-ALPHA
116.304646,39.917500,137.7,7538,UAV-ALPHA
116.304242,39.917500,137.7,7539,UAV-ALPHA
116.303838,39.917500,137.7,7540,UAV-ALPHA
116.303434,39.917500,137.7,7541,UAV-ALPHA
116.303030,39.917500,137.7,7542,UAV-ALPHA
116.302626,39.917500,137.7,7543,UAV-ALPHA
116.302222,39.917500,137.7,7544,UAV-ALPHA
116.301818,39.917500,137.7,7545,UAV-ALPHA
116.301414,39.917500,137.7,7546,UAV-ALPHA
116.301010,39.917500,137.7,7547,UAV-ALPHA
116.300606,39.917500,137.7,7548,UAV-ALPHA
116.300202,39.917500,137.7,7549,UAV-ALPHA
116.299798,39.917500,137.7,7550,UAV-ALPHA
116.299394,39.917500,137.8,7551,UAV-ALPHA
116.298990,39.917500,137.8,7552,UAV-ALPHA
116.298586,39.917500,137.8,7553,UAV-ALPHA
116.298182,39.917500,137.8,7554,UAV-ALPHA
116.297778,39.917500,137.8,7555,UAV-ALPHA
116.297374,39.917500,137.8,7556,UAV-ALPHA
116.296970,39.917500,137.8,7557,UAV-ALPHA
116.296566,39.917500,137.8,7558,UAV-ALPHA
116.296162,39.917500,137.8,7559,UAV-ALPHA
116.295758,39.917500,137.8,7560,UAV-ALPHA
116.295354,39.917500,137.8,7561,UAV-ALPHA
116.294949,39.917500,137.8,7562,UAV-ALPHA
116.294545,39.917500,137.8,7563,UAV-ALPHA
116.294141,39.917500,137.8,7564,UAV-ALPHA
116.293737,39.917500,137.8,7565,UAV-ALPHA
116.293333,39.917500,137.8,7566,UAV-ALPHA
116.292929,39.917500,137.8,7567,UAV-ALPHA
116.292525,39.917500,137.8,7568,UAV-ALPHA
116.292121,39.917500,137.8,7569,UAV-ALPHA
116.291717,39.917500,137.8,7570,UAV-ALPHA
116.291313,39.917500,137.9,7571,UAV-ALPHA
116.290909,39.917500,137.9,7572,UAV-ALPHA
116.290505,39.917500,137.9,7573,UAV-ALPHA
116.290101,39.917500,137.9,7574,UAV-ALPHA
116.289697,39.917500,137.9,7575,UAV-ALPHA
116.289293,39.917500,137.9,7576,UAV-ALPHA
116.288889,39.917500,137.9,7577,UAV-ALPHA
116.288485,39.917500,137.9,7578,UAV-ALPHA
116.288081,39.917500,137.9,7579,UAV-ALPHA
116.287677,39.917500,137.9,7580,UAV-ALPHA
116.287273,39.917500,137.9,7581,UAV-ALPHA
116.286869,39.917500,137.9,7582,UAV-ALPHA
116.286465,39.917500,137.9,7583,UAV-ALPHA
116.286061,39.917500,137.9,7584,UAV-ALPHA
116.285657,39.917500,137.9,7585,UAV-ALPHA
116.285253,39.917500,137.9,7586,UAV-ALPHA
116.284848,39.917500,137.9,7587,UAV-ALPHA
116.284444,39.917500,137.9,7588,UAV-ALPHA
116.284040,39.917500,137.9,7589,UAV-ALPHA
116.283636,39.917500,137.9,7590,UAV-ALPHA
116.283232,39.917500,138.0,7591,UAV-ALPHA
116.282828,39.917500,138.0,7592,UAV-ALPHA
116.282424,39.917500,138.0,7593,UAV-ALPHA
116.282020,39.917500,138.0,7594,UAV-ALPHA
116.281616,39.917500,138.0,7595,UAV-ALPHA
116.281212,39.917500,138.0,7596,UAV-ALPHA
116.280808,39.917500,138.0,7597,UAV-ALPHA
116.280404,39.917500,138.0,7598,UAV-ALPHA
116.280000,39.917500,138.0,7599,UAV-ALPHA
116.280000,39.917800,138.0,7600,UAV-ALPHA
116.280404,39.917800,138.0,7601,UAV-ALPHA
116.280808,39.917800,138.0,7602,UAV-ALPHA
116.281212,39.917800,138.0,7603,UAV-ALPHA
116.281616,39.917800,138.0,7604,UAV-ALPHA
116.282020,39.917800,138.0,7605,UAV-ALPHA
116.282424,39.917800,138.0,7606,UAV-ALPHA
116.282828,39.917800,138.0,7607,UAV-ALPHA
116.283232,39.917800,138.0,7608,UAV-ALPHA
116.283636,39.917800,138.0,7609,UAV-ALPHA
116.284040,39.917800,138.0,7610,UAV-ALPHA
116.284444,39.917800,138.1,7611,UAV-ALPHA
116.284848,39.917800,138.1,7612,UAV-ALPHA
116.285253,39.917800,138.1,7613,UAV-ALPHA
116.285657,39.917800,138.1,7614,UAV-ALPHA
116.286061,39.917800,138.1,7615,UAV-ALPHA
116.286465,39.917800,138.1,7616,UAV-ALPHA
116.286869,39.917800,138.1,7617,UAV-ALPHA
116.287273,39.917800,138.1,7618,UAV-ALPHA
116.287677,39.917800,138.1,7619,UAV-ALPHA
116.288081,39.917800,138.1,7620,UAV-ALPHA
116.288485,39.917800,138.1,7621,UAV-ALPHA
116.288889,39.917800,138.1,7622,UAV-ALPHA
116.289293,39.917800,138.1,7623,UAV-ALPHA
116.289697,39.917800,138.1,7624,UAV-ALPHA
116.290101,39.917800,138.1,7625,UAV-ALPHA
116.290505,39.917800,138.1,7626,UAV-ALPHA
116.290909,39.917800,138.1,7627,UAV-ALPHA
116.291313,39.917800,138.1,7628,UAV-ALPHA
116.291717,39.917800,138.1,7629,UAV-ALPHA
116.292121,39.917800,138.1,7630,UAV-ALPHA
116.292525,39.917800,138.2,7631,UAV-ALPHA
116.292929,39.917800,138.2,7632,UAV-ALPHA
116.293333,39.917800,138.2,7633,UAV-ALPHA
116.293737,39.917800,138.2,7634,UAV-ALPHA
116.294141,39.917800,138.2,7635,UAV-ALPHA
116.294545,39.917800,138.2,7636,UAV-ALPHA
116.294949,39.917800,138.2,7637,UAV-ALPHA
116.295354,39.917800,138.2,7638,UAV-ALPHA
116.295758,39.917800,138.2,7639,UAV-ALPHA
116.296162,39.917800,138.2,7640,UAV-ALPHA
116.296566,39.917800,138.2,7641,UAV-ALPHA
116.296970,39.917800,138.2,7642,UAV-ALPHA
116.297374,39.917800,138.2,7643,UAV-ALPHA
116.297778,39.917800,138.2,7644,UAV-ALPHA
116.298182,39.917800,138.2,7645,UAV-ALPHA
116.298586,39.917800,138.2,7646,UAV-ALPHA
116.298990,39.917800,138.2,7647,UAV-ALPHA
116.299394,39.917800,138.2,7648,UAV-ALPHA
116.299798,39.917800,138.2,7649,UAV-ALPHA
116.300202,39.917800,138.2,7650,UAV-ALPHA
116.300606,39.917800,138.3,7651,UAV-ALPHA
116.301010,39.917800,138.3,7652,UAV-ALPHA
116.301414,39.917800,138.3,7653,UAV-ALPHA
116.301818,39.917800,138.3,7654,UAV-ALPHA
116.302222,39.917800,138.3,7655,UAV-ALPHA
116.302626,39.917800,138.3,7656,UAV-ALPHA
116.303030,39.917800,138.3,7657,UAV-ALPHA
116.303434,39.917800,138.3,7658,UAV-ALPHA
116.303838,39.917800,138.3,7659,UAV-ALPHA
116.304242,39.917800,138.3,7660,UAV-ALPHA
116.304646,39.917800,138.3,7661,UAV-ALPHA
116.305051,39.917800,138.3,7662,UAV-ALPHA
116.305455,39.917800,138.3,7663,UAV-ALPHA
116.305859,39.917800,138.3,7664,UAV-ALPHA
116.306263,39.917800,138.3,7665,UAV-ALPHA
116.306667,39.917800,138.3,7666,UAV-ALPHA
116.307071,39.917800,138.3,7667,UAV-ALPHA
116.307475,39.917800,138.3,7668,UAV-ALPHA
116.307879,39.917800,138.3,7669,UAV-ALPHA
116.308283,39.917800,138.3,7670,UAV-ALPHA
116.308687,39.917800,138.4,7671,UAV-ALPHA
116.309091,39.917800,138.4,7672,UAV-ALPHA
116.309495,39.917800,138.4,7673,UAV-ALPHA
116.309899,39.917800,138.4,7674,UAV-ALPHA
116.310303,39.917800,138.4,7675,UAV-ALPHA
116.310707,39.917800,138.4,7676,UAV-ALPHA
116.311111,39.917800,138.4,7677,UAV-ALPHA
116.311515,39.917800,138.4,7678,UAV-ALPHA
116.311919,39.917800,138.4,7679,UAV-ALPHA
116.312323,39.917800,138.4,7680,UAV-ALPHA
116.312727,39.917800,138.4,7681,UAV-ALPHA
116.313131,39.917800,138.4,7682,UAV-ALPHA
116.313535,39.917800,138.4,7683,UAV-ALPHA
116.313939,39.917800,138.4,7684,UAV-ALPHA
116.314343,39.917800,138.4,7685,UAV-ALPHA
116.314747,39.917800,138.4,7686,UAV-ALPHA
116.315152,39.917800,138.4,7687,UAV-ALPHA
116.315556,39.917800,138.4,7688,UAV-ALPHA
116.315960,39.917800,138.4,7689,UAV-ALPHA
116.316364,39.917800,138.4,7690,UAV-ALPHA
116.316768,39.917800,138.5,7691,UAV-ALPHA
116.317172,39.917800,138.5,7692,UAV-ALPHA
116.317576,39.917800,138.5,7693,UAV-ALPHA
116.317980,39.917800,138.5,7694,UAV-ALPHA
116.318384,39.917800,138.5,7695,UAV-ALPHA
116.318788,39.917800,138.5,7696,UAV-ALPHA
116.319192,39.917800,138.5,7697,UAV-ALPHA
116.319596,39.917800,138.5,7698,UAV-ALPHA
116.320000,39.917800,138.5,7699,UAV-ALPHA
116.320000,39.918100,138.5,7700,UAV-ALPHA
116.319596,39.918100,138.5,7701,UAV-ALPHA
116.319192,39.918100,138.5,7702,UAV-ALPHA
116.318788,39.918100,138.5,7703,UAV-ALPHA
116.318384,39.918100,138.5,7704,UAV-ALPHA
116.317980,39.918100,138.5,7705,UAV-ALPHA
116.317576,39.918100,138.5,7706,UAV-ALPHA
116.317172,39.918100,138.5,7707,UAV-ALPHA
116.316768,39.918100,138.5,7708,UAV-ALPHA
116.316364,39.918100,138.5,7709,UAV-ALPHA
116.315960,39.918100,138.5,7710,UAV-ALPHA
116.315556,39.918100,138.6,7711,UAV-ALPHA
116.315152,39.918100,138.6,7712,UAV-ALPHA
116.314747,39.918100,138.6,7713,UAV-ALPHA
116.314343,39.918100,138.6,7714,UAV-ALPHA
116.313939,39.918100,138.6,7715,UAV-ALPHA
116.313535,39.918100,138.6,7716,UAV-ALPHA
116.313131,39.918100,138.6,7717,UAV-ALPHA
116.312727,39.918100,138.6,7718,UAV-ALPHA
116.312323,39.918100,138.6,7719,UAV-ALPHA
116.311919,39.918100,138.6,7720,UAV-ALPHA
116.311515,39.918100,138.6,7721,UAV-ALPHA
116.311111,39.918100,138.6,7722,UAV-ALPHA
116.310707,39.918100,138.6,7723,UAV-ALPHA
116.310303,39.918100,138.6,7724,UAV-ALPHA
116.309899,39.918100,138.6,7725,UAV-ALPHA
116.309495,39.918100,138.6,7726,UAV-ALPHA
116.309091,39.918100,138.6,7727,UAV-ALPHA
116.308687,39.918100,138.6,7728,UAV-ALPHA
116.308283,39.918100,138.6,7729,UAV-ALPHA
116.307879,39.918100,138.6,7730,UAV-ALPHA
116.307475,39.918100,138.7,7731,UAV-ALPHA
116.307071,39.918100,138.7,7732,UAV-ALPHA
116.306667,39.918100,138.7,7733,UAV-ALPHA
116.306263,39.918100,138.7,7734,UAV-ALPHA
116.305859,39.918100,138.7,7735,UAV-ALPHA
116.305455,39.918100,138.7,7736,UAV-ALPHA
116.305051,39.918100,138.7,7737,UAV-ALPHA
116.304646,39.918100,138.7,7738,UAV-ALPHA
116.304242,39.918100,138.7,7739,UAV-ALPHA
116.303838,39.918100,138.7,7740,UAV-ALPHA
116.303434,39.918100,138.7,7741,UAV-ALPHA
116.303030,39.918100,138.7,7742,UAV-ALPHA
116.302626,39.918100,138.7,7743,UAV-ALPHA
116.302222,39.918100,138.7,7744,UAV-ALPHA
116.301818,39.918100,138.7,7745,UAV-ALPHA
116.301414,39.918100,138.7,7746,UAV-ALPHA
116.301010,39.918100,138.7,7747,UAV-ALPHA
116.300606,39.918100,138.7,7748,UAV-ALPHA
116.300202,39.918100,138.7,7749,UAV-ALPHA
116.299798,39.918100,138.7,7750,UAV-ALPHA
116.299394,39.918100,138.8,7751,UAV-ALPHA
116.298990,39.918100,138.8,7752,UAV-ALPHA
116.298586,39.918100,138.8,7753,UAV-ALPHA
116.298182,39.918100,138.8,7754,UAV-ALPHA
116.297778,39.918100,138.8,7755,UAV-ALPHA
116.297374,39.918100,138.8,7756,UAV-ALPHA
116.296970,39.918100,138.8,7757,UAV-ALPHA
116.296566,39.918100,138.8,7758,UAV-ALPHA
116.296162,39.918100,138.8,7759,UAV-ALPHA
116.295758,39.918100,138.8,7760,UAV-ALPHA
116.295354,39.918100,138.8,7761,UAV-ALPHA
116.294949,39.918100,138.8,7762,UAV-ALPHA
116.294545,39.918100,138.8,7763,UAV-ALPHA
116.294141,39.918100,138.8,7764,UAV-ALPHA
116.293737,39.918100,138.8,7765,UAV-ALPHA
116.293333,39.918100,138.8,7766,UAV-ALPHA
116.292929,39.918100,138.8,7767,UAV-ALPHA
116.292525,39.918100,138.8,7768,UAV-ALPHA
116.292121,39.918100,138.8,7769,UAV-ALPHA
116.291717,39.918100,138.8,7770,UAV-ALPHA
116.291313,39.918100,138.9,7771,UAV-ALPHA
116.290909,39.918100,138.9,7772,UAV-ALPHA
116.290505,39.918100,138.9,7773,UAV-ALPHA
116.290101,39.918100,138.9,7774,UAV-ALPHA
116.289697,39.918100,138.9,7775,UAV-ALPHA
116.289293,39.918100,138.9,7776,UAV-ALPHA
116.288889,39.918100,138.9,7777,UAV-ALPHA
116.288485,39.918100,138.9,7778,UAV-ALPHA
116.288081,39.918100,138.9,7779,UAV-ALPHA
116.287677,39.918100,138.9,7780,UAV-ALPHA
116.287273,39.918100,138.9,7781,UAV-ALPHA
116.286869,39.918100,138.9,7782,UAV-ALPHA
116.286465,39.918100,138.9,7783,UAV-ALPHA
116.286061,39.918100,138.9,7784,UAV-ALPHA
116.285657,39.918100,138.9,7785,UAV-ALPHA
116.285253,39.918100,138.9,7786,UAV-ALPHA
116.284848,39.918100,138.9,7787,UAV-ALPHA
116.284444,39.918100,138.9,7788,UAV-ALPHA
116.284040,39.918100,138.9,7789,UAV-ALPHA
116.283636,39.918100,138.9,7790,UAV-ALPHA
116.283232,39.918100,139.0,7791,UAV-ALPHA
116.282828,39.918100,139.0,7792,UAV-ALPHA
116.282424,39.918100,139.0,7793,UAV-ALPHA
116.282020,39.918100,139.0,7794,UAV-ALPHA
116.281616,39.918100,139.0,7795,UAV-ALPHA
116.281212,39.918100,139.0,7796,UAV-ALPHA
116.280808,39.918100,139.0,7797,UAV-ALPHA
116.280404,39.918100,139.0,7798,UAV-ALPHA
116.280000,39.918100,139.0,7799,UAV-ALPHA
116.280000,39.918400,139.0,7800,UAV-ALPHA
116.280404,39.918400,139.0,7801,UAV-ALPHA
116.280808,39.918400,139.0,7802,UAV-ALPHA
116.281212,39.918400,139.0,7803,UAV-ALPHA
116.281616,39.918400,139.0,7804,UAV-ALPHA
116.282020,39.918400,139.0,7805,UAV-ALPHA
116.282424,39.918400,139.0,7806,UAV-ALPHA
116.282828,39.918400,139.0,7807,UAV-ALPHA
116.283232,39.918400,139.0,7808,UAV-ALPHA
116.283636,39.918400,139.0,7809,UAV-ALPHA
116.284040,39.918400,139.0,7810,UAV-ALPHA
116.284444,39.918400,139.1,7811,UAV-ALPHA
116.284848,39.918400,139.1,7812,UAV-ALPHA
116.285253,39.918400,139.1,7813,UAV-ALPHA
116.285657,39.918400,139.1,7814,UAV-ALPHA
116.286061,39.918400,139.1,7815,UAV-ALPHA
116.286465,39.918400,139.1,7816,UAV-ALPHA
116.286869,39.918400,139.1,7817,UAV-ALPHA
116.287273,39.918400,139.1,7818,UAV-ALPHA
116.287677,39.918400,139.1,7819,UAV-ALPHA
116.288081,39.918400,139.1,7820,UAV-ALPHA
116.288485,39.918400,139.1,7821,UAV-ALPHA
116.288889,39.918400,139.1,7822,UAV-ALPHA
116.289293,39.918400,139.1,7823,UAV-ALPHA
116.289697,39.918400,139.1,7824,UAV-ALPHA
116.290101,39.918400,139.1,7825,UAV-ALPHA
116.290505,39.918400,139.1,7826,UAV-ALPHA
116.290909,39.918400,139.1,7827,UAV-ALPHA
116.291313,39.918400,139.1,7828,UAV-ALPHA
116.291717,39.918400,139.1,7829,UAV-ALPHA
116.292121,39.918400,139.1,7830,UAV-ALPHA
116.292525,39.918400,139.2,7831,UAV-ALPHA
116.292929,39.918400,139.2,7832,UAV-ALPHA
116.293333,39.918400,139.2,7833,UAV-ALPHA
116.293737,39.918400,139.2,7834,UAV-ALPHA
116.294141,39.918400,139.2,7835,UAV-ALPHA
116.294545,39.918400,139.2,7836,UAV-ALPHA
116.294949,39.918400,139.2,7837,UAV-ALPHA
116.295354,39.918400,139.2,7838,UAV-ALPHA
116.295758,39.918400,139.2,7839,UAV-ALPHA
116.296162,39.918400,139.2,7840,UAV-ALPHA
116.296566,39.918400,139.2,7841,UAV-ALPHA
116.296970,39.918400,139.2,7842,UAV-ALPHA
116.297374,39.918400,139.2,7843,UAV-ALPHA
116.297778,39.918400,139.2,7844,UAV-ALPHA
116.298182,39.918400,139.2,7845,UAV-ALPHA
116.298586,39.918400,139.2,7846,UAV-ALPHA
116.298990,39.918400,139.2,7847,UAV-ALPHA
116.299394,39.918400,139.2,7848,UAV-ALPHA
116.299798,39.918400,139.2,7849,UAV-ALPHA
116.300202,39.918400,139.2,7850,UAV-ALPHA
116.300606,39.918400,139.3,7851,UAV-ALPHA
116.301010,39.918400,139.3,7852,UAV-ALPHA
116.301414,39.918400,139.3,7853,UAV-ALPHA
116.301818,39.918400,139.3,7854,UAV-ALPHA
116.302222,39.918400,139.3,7855,UAV-ALPHA
116.302626,39.918400,139.3,7856,UAV-ALPHA
116.303030,39.918400,139.3,7857,UAV-ALPHA
116.303434,39.918400,139.3,7858,UAV-ALPHA
116.303838,39.918400,139.3,7859,UAV-ALPHA
116.304242,39.918400,139.3,7860,UAV-ALPHA
116.304646,39.918400,139.3,7861,UAV-ALPHA
116.305051,39.918400,139.3,7862,UAV-ALPHA
116.305455,39.918400,139.3,7863,UAV-ALPHA
116.305859,39.918400,139.3,7864,UAV-ALPHA
116.306263,39.918400,139.3,7865,UAV-ALPHA
116.306667,39.918400,139.3,7866,UAV-ALPHA
116.307071,39.918400,139.3,7867,UAV-ALPHA
116.307475,39.918400,139.3,7868,UAV-ALPHA
116.307879,39.918400,139.3,7869,UAV-ALPHA
116.308283,39.918400,139.3,7870,UAV-ALPHA
116.308687,39.918400,139.4,7871,UAV-ALPHA
116.309091,39.918400,139.4,7872,UAV-ALPHA
116.309495,39.918400,139.4,7873,UAV-ALPHA
116.309899,39.918400,139.4,7874,UAV-ALPHA
116.310303,39.918400,139.4,7875,UAV-ALPHA
116.310707,39.918400,139.4,7876,UAV-ALPHA
116.311111,39.918400,139.4,7877,UAV-ALPHA
116.311515,39.918400,139.4,7878,UAV-ALPHA
116.311919,39.918400,139.4,7879,UAV-ALPHA
116.312323,39.918400,139.4,7880,UAV-ALPHA
116.312727,39.918400,139.4,7881,UAV-ALPHA
116.313131,39.918400,139.4,7882,UAV-ALPHA
116.313535,39.918400,139.4,7883,UAV-ALPHA
116.313939,39.918400,139.4,7884,UAV-ALPHA
116.314343,39.918400,139.4,7885,UAV-ALPHA
116.314747,39.918400,139.4,7886,UAV-ALPHA
116.315152,39.918400,139.4,7887,UAV-ALPHA
116.315556,39.918400,139.4,7888,UAV-ALPHA
116.315960,39.918400,139.4,7889,UAV-ALPHA
116.316364,39.918400,139.4,7890,UAV-ALPHA
116.316768,39.918400,139.5,7891,UAV-ALPHA
116.317172,39.918400,139.5,7892,UAV-ALPHA
116.317576,39.918400,139.5,7893,UAV-ALPHA
116.317980,39.918400,139.5,7894,UAV-ALPHA
116.318384,39.918400,139.5,7895,UAV-ALPHA
116.318788,39.918400,139.5,7896,UAV-ALPHA
116.319192,39.918400,139.5,7897,UAV-ALPHA
116.319596,39.918400,139.5,7898,UAV-ALPHA
116.320000,39.918400,139.5,7899,UAV-ALPHA
116.320000,39.918700,139.5,7900,UAV-ALPHA
116.319596,39.918700,139.5,7901,UAV-ALPHA
116.319192,39.918700,139.5,7902,UAV-ALPHA
116.318788,39.918700,139.5,7903,UAV-ALPHA
116.318384,39.918700,139.5,7904,UAV-ALPHA
116.317980,39.918700,139.5,7905,UAV-ALPHA
116.317576,39.918700,139.5,7906,UAV-ALPHA
116.317172,39.918700,139.5,7907,UAV-ALPHA
116.316768,39.918700,139.5,7908,UAV-ALPHA
116.316364,39.918700,139.5,7909,UAV-ALPHA
116.315960,39.918700,139.5,7910,UAV-ALPHA
116.315556,39.918700,139.6,7911,UAV-ALPHA
116.315152,39.918700,139.6,7912,UAV-ALPHA
116.314747,39.918700,139.6,7913,UAV-ALPHA
116.314343,39.918700,139.6,7914,UAV-ALPHA
116.313939,39.918700,139.6,7915,UAV-ALPHA
116.313535,39.918700,139.6,7916,UAV-ALPHA
116.313131,39.918700,139.6,7917,UAV-ALPHA
116.312727,39.918700,139.6,7918,UAV-ALPHA
116.312323,39.918700,139.6,7919,UAV-ALPHA
116.311919,39.918700,139.6,7920,UAV-ALPHA
116.311515,39.918700,139.6,7921,UAV-ALPHA
116.311111,39.918700,139.6,7922,UAV-ALPHA
116.310707,39.918700,139.6,7923,UAV-ALPHA
116.310303,39.918700,139.6,7924,UAV-ALPHA
116.309899,39.918700,139.6,7925,UAV-ALPHA
116.309495,39.918700,139.6,7926,UAV-ALPHA
116.309091,39.918700,139.6,7927,UAV-ALPHA
116.308687,39.918700,139.6,7928,UAV-ALPHA
116.308283,39.918700,139.6,7929,UAV-ALPHA
116.307879,39.918700,139.6,7930,UAV-ALPHA
116.307475,39.918700,139.7,7931,UAV-ALPHA
116.307071,39.918700,139.7,7932,UAV-ALPHA
116.306667,39.918700,139.7,7933,UAV-ALPHA
116.306263,39.918700,139.7,7934,UAV-ALPHA
116.305859,39.918700,139.7,7935,UAV-ALPHA
116.305455,39.918700,139.7,7936,UAV-ALPHA
116.305051,39.918700,139.7,7937,UAV-ALPHA
116.304646,39.918700,139.7,7938,UAV-ALPHA
116.304242,39.918700,139.7,7939,UAV-ALPHA
116.303838,39.918700,139.7,7940,UAV-ALPHA
116.303434,39.918700,139.7,7941,UAV-ALPHA
116.303030,39.918700,139.7,7942,UAV-ALPHA
116.302626,39.918700,139.7,7943,UAV-ALPHA
116.302222,39.918700,139.7,7944,UAV-ALPHA
116.301818,39.918700,139.7,7945,UAV-ALPHA
116.301414,39.918700,139.7,7946,UAV-ALPHA
116.301010,39.918700,139.7,7947,UAV-ALPHA
116.300606,39.918700,139.7,7948,UAV-ALPHA
116.300202,39.918700,139.7,7949,UAV-ALPHA
116.299798,39.918700,139.7,7950,UAV-ALPHA
116.299394,39.918700,139.8,7951,UAV-ALPHA
116.298990,39.918700,139.8,7952,UAV-ALPHA
116.298586,39.918700,139.8,7953,UAV-ALPHA
116.298182,39.918700,139.8,7954,UAV-ALPHA
116.297778,39.918700,139.8,7955,UAV-ALPHA
116.297374,39.918700,139.8,7956,UAV-ALPHA
116.296970,39.918700,139.8,7957,UAV-ALPHA
116.296566,39.918700,139.8,7958,UAV-ALPHA
116.296162,39.918700,139.8,7959,UAV-ALPHA
116.295758,39.918700,139.8,7960,UAV-ALPHA
116.295354,39.918700,139.8,7961,UAV-ALPHA
116.294949,39.918700,139.8,7962,UAV-ALPHA
116.294545,39.918700,139.8,7963,UAV-ALPHA
116.294141,39.918700,139.8,7964,UAV-ALPHA
116.293737,39.918700,139.8,7965,UAV-ALPHA
116.293333,39.918700,139.8,7966,UAV-ALPHA
116.292929,39.918700,139.8,7967,UAV-ALPHA
116.292525,39.918700,139.8,7968,UAV-ALPHA
116.292121,39.918700,139.8,7969,UAV-ALPHA
116.291717,39.918700,139.8,7970,UAV-ALPHA
116.291313,39.918700,139.9,7971,UAV-ALPHA
116.290909,39.918700,139.9,7972,UAV-ALPHA
116.290505,39.918700,139.9,7973,UAV-ALPHA
116.290101,39.918700,139.9,7974,UAV-ALPHA
116.289697,39.918700,139.9,7975,UAV-ALPHA
116.289293,39.918700,139.9,7976,UAV-ALPHA
116.288889,39.918700,139.9,7977,UAV-ALPHA
116.288485,39.918700,139.9,7978,UAV-ALPHA
116.288081,39.918700,139.9,7979,UAV-ALPHA
116.287677,39.918700,139.9,7980,UAV-ALPHA
116.287273,39.918700,139.9,7981,UAV-ALPHA
116.286869,39.918700,139.9,7982,UAV-ALPHA
116.286465,39.918700,139.9,7983,UAV-ALPHA
116.286061,39.918700,139.9,7984,UAV-ALPHA
116.285657,39.918700,139.9,7985,UAV-ALPHA
116.285253,39.918700,139.9,7986,UAV-ALPHA
116.284848,39.918700,139.9,7987,UAV-ALPHA
116.284444,39.918700,139.9,7988,UAV-ALPHA
116.284040,39.918700,139.9,7989,UAV-ALPHA
116.283636,39.918700,139.9,7990,UAV-ALPHA
116.283232,39.918700,140.0,7991,UAV-ALPHA
116.282828,39.918700,140.0,7992,UAV-ALPHA
116.282424,39.918700,140.0,7993,UAV-ALPHA
116.282020,39.918700,140.0,7994,UAV-ALPHA
116.281616,39.918700,140.0,7995,UAV-ALPHA
116.281212,39.918700,140.0,7996,UAV-ALPHA
116.280808,39.918700,140.0,7997,UAV-ALPHA
116.280404,39.918700,140.0,7998,UAV-ALPHA
116.280000,39.918700,140.0,7999,UAV-ALPHA
116.280000,39.919000,140.0,8000,UAV-ALPHA
116.280404,39.919000,140.0,8001,UAV-ALPHA
116.280808,39.919000,140.0,8002,UAV-ALPHA
116.281212,39.919000,140.0,8003,UAV-ALPHA
116.281616,39.919000,140.0,8004,UAV-ALPHA
116.282020,39.919000,140.0,8005,UAV-ALPHA
116.282424,39.919000,140.0,8006,UAV-ALPHA
116.282828,39.919000,140.0,8007,UAV-ALPHA
116.283232,39.919000,140.0,8008,UAV-ALPHA
116.283636,39.919000,140.0,8009,UAV-ALPHA
116.284040,39.919000,140.0,8010,UAV-ALPHA
116.284444,39.919000,140.1,8011,UAV-ALPHA
116.284848,39.919000,140.1,8012,UAV-ALPHA
116.285253,39.919000,140.1,8013,UAV-ALPHA
116.285657,39.919000,140.1,8014,UAV-ALPHA
116.286061,39.919000,140.1,8015,UAV-ALPHA
116.286465,39.919000,140.1,8016,UAV-ALPHA
116.286869,39.919000,140.1,8017,UAV-ALPHA
116.287273,39.919000,140.1,8018,UAV-ALPHA
116.287677,39.919000,140.1,8019,UAV-ALPHA
116.288081,39.919000,140.1,8020,UAV-ALPHA
116.288485,39.919000,140.1,8021,UAV-ALPHA
116.288889,39.919000,140.1,8022,UAV-ALPHA
116.289293,39.919000,140.1,8023,UAV-ALPHA
116.289697,39.919000,140.1,8024,UAV-ALPHA
116.290101,39.919000,140.1,8025,UAV-ALPHA
116.290505,39.919000,140.1,8026,UAV-ALPHA
116.290909,39.919000,140.1,8027,UAV-ALPHA
116.291313,39.919000,140.1,8028,UAV-ALPHA
116.291717,39.919000,140.1,8029,UAV-ALPHA
116.292121,39.919000,140.1,8030,UAV-ALPHA
116.292525,39.919000,140.2,8031,UAV-ALPHA
116.292929,39.919000,140.2,8032,UAV-ALPHA
116.293333,39.919000,140.2,8033,UAV-ALPHA
116.293737,39.919000,140.2,8034,UAV-ALPHA
116.294141,39.919000,140.2,8035,UAV-ALPHA
116.294545,39.919000,140.2,8036,UAV-ALPHA
116.294949,39.919000,140.2,8037,UAV-ALPHA
116.295354,39.919000,140.2,8038,UAV-ALPHA
116.295758,39.919000,140.2,8039,UAV-ALPHA
116.296162,39.919000,140.2,8040,UAV-ALPHA
116.296566,39.919000,140.2,8041,UAV-ALPHA
116.296970,39.919000,140.2,8042,UAV-ALPHA
116.297374,39.919000,140.2,8043,UAV-ALPHA
116.297778,39.919000,140.2,8044,UAV-ALPHA
116.298182,39.919000,140.2,8045,UAV-ALPHA
116.298586,39.919000,140.2,8046,UAV-ALPHA
116.298990,39.919000,140.2,8047,UAV-ALPHA
116.299394,39.919000,140.2,8048,UAV-ALPHA
116.299798,39.919000,140.2,8049,UAV-ALPHA
116.300202,39.919000,140.2,8050,UAV-ALPHA
116.300606,39.919000,140.3,8051,UAV-ALPHA
116.301010,39.919000,140.3,8052,UAV-ALPHA
116.301414,39.919000,140.3,8053,UAV-ALPHA
116.301818,39.919000,140.3,8054,UAV-ALPHA
116.302222,39.919000,140.3,8055,UAV-ALPHA
116.302626,39.919000,140.3,8056,UAV-ALPHA
116.303030,39.919000,140.3,8057,UAV-ALPHA
116.303434,39.919000,140.3,8058,UAV-ALPHA
116.303838,39.919000,140.3,8059,UAV-ALPHA
116.304242,39.919000,140.3,8060,UAV-ALPHA
116.304646,39.919000,140.3,8061,UAV-ALPHA
116.305051,39.919000,140.3,8062,UAV-ALPHA
116.305455,39.919000,140.3,8063,UAV-ALPHA
116.305859,39.919000,140.3,8064,UAV-ALPHA
116.306263,39.919000,140.3,8065,UAV-ALPHA
116.306667,39.919000,140.3,8066,UAV-ALPHA
116.307071,39.919000,140.3,8067,UAV-ALPHA
116.307475,39.919000,140.3,8068,UAV-ALPHA
116.307879,39.919000,140.3,8069,UAV-ALPHA
116.308283,39.919000,140.3,8070,UAV-ALPHA
116.308687,39.919000,140.4,8071,UAV-ALPHA
116.309091,39.919000,140.4,8072,UAV-ALPHA
116.309495,39.919000,140.4,8073,UAV-ALPHA
116.309899,39.919000,140.4,8074,UAV-ALPHA
116.310303,39.919000,140.4,8075,UAV-ALPHA
116.310707,39.919000,140.4,8076,UAV-ALPHA
116.311111,39.919000,140.4,8077,UAV-ALPHA
116.311515,39.919000,140.4,8078,UAV-ALPHA
116.311919,39.919000,140.4,8079,UAV-ALPHA
116.312323,39.919000,140.4,8080,UAV-ALPHA
116.312727,39.919000,140.4,8081,UAV-ALPHA
116.313131,39.919000,140.4,8082,UAV-ALPHA
116.313535,39.919000,140.4,8083,UAV-ALPHA
116.313939,39.919000,140.4,8084,UAV-ALPHA
116.314343,39.919000,140.4,8085,UAV-ALPHA
116.314747,39.919000,140.4,8086,UAV-ALPHA
116.315152,39.919000,140.4,8087,UAV-ALPHA
116.315556,39.919000,140.4,8088,UAV-ALPHA
116.315960,39.919000,140.4,8089,UAV-ALPHA
116.316364,39.919000,140.4,8090,UAV-ALPHA
116.316768,39.919000,140.5,8091,UAV-ALPHA
116.317172,39.919000,140.5,8092,UAV-ALPHA
116.317576,39.919000,140.5,8093,UAV-ALPHA
116.317980,39.919000,140.5,8094,UAV-ALPHA
116.318384,39.919000,140.5,8095,UAV-ALPHA
116.318788,39.919000,140.5,8096,UAV-ALPHA
116.319192,39.919000,140.5,8097,UAV-ALPHA
116.319596,39.919000,140.5,8098,UAV-ALPHA
116.320000,39.919000,140.5,8099,UAV-ALPHA
116.320000,39.919300,140.5,8100,UAV-ALPHA
116.319596,39.919300,140.5,8101,UAV-ALPHA
116.319192,39.919300,140.5,8102,UAV-ALPHA
116.318788,39.919300,140.5,8103,UAV-ALPHA
116.318384,39.919300,140.5,8104,UAV-ALPHA
116.317980,39.919300,140.5,8105,UAV-ALPHA
116.317576,39.919300,140.5,8106,UAV-ALPHA
116.317172,39.919300,140.5,8107,UAV-ALPHA
116.316768,39.919300,140.5,8108,UAV-ALPHA
116.316364,39.919300,140.5,8109,UAV-ALPHA
116.315960,39.919300,140.5,8110,UAV-ALPHA
116.315556,39.919300,140.6,8111,UAV-ALPHA
116.315152,39.919300,140.6,8112,UAV-ALPHA
116.314747,39.919300,140.6,8113,UAV-ALPHA
116.314343,39.919300,140.6,8114,UAV-ALPHA
116.313939,39.919300,140.6,8115,UAV-ALPHA
116.313535,39.919300,140.6,8116,UAV-ALPHA
116.313131,39.919300,140.6,8117,UAV-ALPHA
116.312727,39.919300,140.6,8118,UAV-ALPHA
116.312323,39.919300,140.6,8119,UAV-ALPHA
116.311919,39.919300,140.6,8120,UAV-ALPHA
116.311515,39.919300,140.6,8121,UAV-ALPHA
116.311111,39.919300,140.6,8122,UAV-ALPHA
116.310707,39.919300,140.6,8123,UAV-ALPHA
116.310303,39.919300,140.6,8124,UAV-ALPHA
116.309899,39.919300,140.6,8125,UAV-ALPHA
116.309495,39.919300,140.6,8126,UAV-ALPHA
116.309091,39.919300,140.6,8127,UAV-ALPHA
116.308687,39.919300,140.6,8128,UAV-ALPHA
116.308283,39.919300,140.6,8129,UAV-ALPHA
116.307879,39.919300,140.6,8130,UAV-ALPHA
116.307475,39.919300,140.7,8131,UAV-ALPHA
116.307071,39.919300,140.7,8132,UAV-ALPHA
116.306667,39.919300,140.7,8133,UAV-ALPHA
116.306263,39.919300,140.7,8134,UAV-ALPHA
116.305859,39.919300,140.7,8135,UAV-ALPHA
116.305455,39.919300,140.7,8136,UAV-ALPHA
116.305051,39.919300,140.7,8137,UAV-ALPHA
116.304646,39.919300,140.7,8138,UAV-ALPHA
116.304242,39.919300,140.7,8139,UAV-ALPHA
116.303838,39.919300,140.7,8140,UAV-ALPHA
116.303434,39.919300,140.7,8141,UAV-ALPHA
116.303030,39.919300,140.7,8142,UAV-ALPHA
116.302626,39.919300,140.7,8143,UAV-ALPHA
116.302222,39.919300,140.7,8144,UAV-ALPHA
116.301818,39.919300,140.7,8145,UAV-ALPHA
116.301414,39.919300,140.7,8146,UAV-ALPHA
116.301010,39.919300,140.7,8147,UAV-ALPHA
116.300606,39.919300,140.7,8148,UAV-ALPHA
116.300202,39.919300,140.7,8149,UAV-ALPHA
116.299798,39.919300,140.7,8150,UAV-ALPHA
116.299394,39.919300,140.8,8151,UAV-ALPHA
116.298990,39.919300,140.8,8152,UAV-ALPHA
116.298586,39.919300,140.8,8153,UAV-ALPHA
116.298182,39.919300,140.8,8154,UAV-ALPHA
116.297778,39.919300,140.8,8155,UAV-ALPHA
116.297374,39.919300,140.8,8156,UAV-ALPHA
116.296970,39.919300,140.8,8157,UAV-ALPHA
116.296566,39.919300,140.8,8158,UAV-ALPHA
116.296162,39.919300,140.8,8159,UAV-ALPHA
116.295758,39.919300,140.8,8160,UAV-ALPHA
116.295354,39.919300,140.8,8161,UAV-ALPHA
116.294949,39.919300,140.8,8162,UAV-ALPHA
116.294545,39.919300,140.8,8163,UAV-ALPHA
116.294141,39.919300,140.8,8164,UAV-ALPHA
116.293737,39.919300,140.8,8165,UAV-ALPHA
116.293333,39.919300,140.8,8166,UAV-ALPHA
116.292929,39.919300,140.8,8167,UAV-ALPHA
116.292525,39.919300,140.8,8168,UAV-ALPHA
116.292121,39.919300,140.8,8169,UAV-ALPHA
116.291717,39.919300,140.8,8170,UAV-ALPHA
116.291313,39.919300,140.9,8171,UAV-ALPHA
116.290909,39.919300,140.9,8172,UAV-ALPHA
116.290505,39.919300,140.9,8173,UAV-ALPHA
116.290101,39.919300,140.9,8174,UAV-ALPHA
116.289697,39.919300,140.9,8175,UAV-ALPHA
116.289293,39.919300,140.9,8176,UAV-ALPHA
116.288889,39.919300,140.9,8177,UAV-ALPHA
116.288485,39.919300,140.9,8178,UAV-ALPHA
116.288081,39.919300,140.9,8179,UAV-ALPHA
116.287677,39.919300,140.9,8180,UAV-ALPHA
116.287273,39.919300,140.9,8181,UAV-ALPHA
116.286869,39.919300,140.9,8182,UAV-ALPHA
116.286465,39.919300,140.9,8183,UAV-ALPHA
116.286061,39.919300,140.9,8184,UAV-ALPHA
116.285657,39.919300,140.9,8185,UAV-ALPHA
116.285253,39.919300,140.9,8186,UAV-ALPHA
116.284848,39.919300,140.9,8187,UAV-ALPHA
116.284444,39.919300,140.9,8188,UAV-ALPHA
116.284040,39.919300,140.9,8189,UAV-ALPHA
116.283636,39.919300,140.9,8190,UAV-ALPHA
116.283232,39.919300,141.0,8191,UAV-ALPHA
116.282828,39.919300,141.0,8192,UAV-ALPHA
116.282424,39.919300,141.0,8193,UAV-ALPHA
116.282020,39.919300,141.0,8194,UAV-ALPHA
116.281616,39.919300,141.0,8195,UAV-ALPHA
116.281212,39.919300,141.0,8196,UAV-ALPHA
116.280808,39.919300,141.0,8197,UAV-ALPHA
116.280404,39.919300,141.0,8198,UAV-ALPHA
116.280000,39.919300,141.0,8199,UAV-ALPHA
116.280000,39.919600,141.0,8200,UAV-ALPHA
116.280404,39.919600,141.0,8201,UAV-ALPHA
116.280808,39.919600,141.0,8202,UAV-ALPHA
116.281212,39.919600,141.0,8203,UAV-ALPHA
116.281616,39.919600,141.0,8204,UAV-ALPHA
116.282020,39.919600,141.0,8205,UAV-ALPHA
116.282424,39.919600,141.0,8206,UAV-ALPHA
116.282828,39.919600,141.0,8207,UAV-ALPHA
116.283232,39.919600,141.0,8208,UAV-ALPHA
116.283636,39.919600,141.0,8209,UAV-ALPHA
116.284040,39.919600,141.0,8210,UAV-ALPHA
116.284444,39.919600,141.1,8211,UAV-ALPHA
116.284848,39.919600,141.1,8212,UAV-ALPHA
116.285253,39.919600,141.1,8213,UAV-ALPHA
116.285657,39.919600,141.1,8214,UAV-ALPHA
116.286061,39.919600,141.1,8215,UAV-ALPHA
116.286465,39.919600,141.1,8216,UAV-ALPHA
116.286869,39.919600,141.1,8217,UAV-ALPHA
116.287273,39.919600,141.1,8218,UAV-ALPHA
116.287677,39.919600,141.1,8219,UAV-ALPHA
116.288081,39.919600,141.1,8220,UAV-ALPHA
116.288485,39.919600,141.1,8221,UAV-ALPHA
116.288889,39.919600,141.1,8222,UAV-ALPHA
116.289293,39.919600,141.1,8223,UAV-ALPHA
116.289697,39.919600,141.1,8224,UAV-ALPHA
116.290101,39.919600,141.1,8225,UAV-ALPHA
116.290505,39.919600,141.1,8226,UAV-ALPHA
116.290909,39.919600,141.1,8227,UAV-ALPHA
116.291313,39.919600,141.1,8228,UAV-ALPHA
116.291717,39.919600,141.1,8229,UAV-ALPHA
116.292121,39.919600,141.1,8230,UAV-ALPHA
116.292525,39.919600,141.2,8231,UAV-ALPHA
116.292929,39.919600,141.2,8232,UAV-ALPHA
116.293333,39.919600,141.2,8233,UAV-ALPHA
116.293737,39.919600,141.2,8234,UAV-ALPHA
116.294141,39.919600,141.2,8235,UAV-ALPHA
116.294545,39.919600,141.2,8236,UAV-ALPHA
116.294949,39.919600,141.2,8237,UAV-ALPHA
116.295354,39.919600,141.2,8238,UAV-ALPHA
116.295758,39.919600,141.2,8239,UAV-ALPHA
116.296162,39.919600,141.2,8240,UAV-ALPHA
116.296566,39.919600,141.2,8241,UAV-ALPHA
116.296970,39.919600,141.2,8242,UAV-ALPHA
116.297374,39.919600,141.2,8243,UAV-ALPHA
116.297778,39.919600,141.2,8244,UAV-ALPHA
116.298182,39.919600,141.2,8245,UAV-ALPHA
116.298586,39.919600,141.2,8246,UAV-ALPHA
116.298990,39.919600,141.2,8247,UAV-ALPHA
116.299394,39.919600,141.2,8248,UAV-ALPHA
116.299798,39.919600,141.2,8249,UAV-ALPHA
116.300202,39.919600,141.2,8250,UAV-ALPHA
116.300606,39.919600,141.3,8251,UAV-ALPHA
116.301010,39.919600,141.3,8252,UAV-ALPHA
116.301414,39.919600,141.3,8253,UAV-ALPHA
116.301818,39.919600,141.3,8254,UAV-ALPHA
116.302222,39.919600,141.3,8255,UAV-ALPHA
116.302626,39.919600,141.3,8256,UAV-ALPHA
116.303030,39.919600,141.3,8257,UAV-ALPHA
116.303434,39.919600,141.3,8258,UAV-ALPHA
116.303838,39.919600,141.3,8259,UAV-ALPHA
116.304242,39.919600,141.3,8260,UAV-ALPHA
116.304646,39.919600,141.3,8261,UAV-ALPHA
116.305051,39.919600,141.3,8262,UAV-ALPHA
116.305455,39.919600,141.3,8263,UAV-ALPHA
116.305859,39.919600,141.3,8264,UAV-ALPHA
116.306263,39.919600,141.3,8265,UAV-ALPHA
116.306667,39.919600,141.3,8266,UAV-ALPHA
116.307071,39.919600,141.3,8267,UAV-ALPHA
116.307475,39.919600,141.3,8268,UAV-ALPHA
116.307879,39.919600,141.3,8269,UAV-ALPHA
116.308283,39.919600,141.3,8270,UAV-ALPHA
116.308687,39.919600,141.4,8271,UAV-ALPHA
116.309091,39.919600,141.4,8272,UAV-ALPHA
116.309495,39.919600,141.4,8273,UAV-ALPHA
116.309899,39.919600,141.4,8274,UAV-ALPHA
116.310303,39.919600,141.4,8275,UAV-ALPHA
116.310707,39.919600,141.4,8276,UAV-ALPHA
116.311111,39.919600,141.4,8277,UAV-ALPHA
116.311515,39.919600,141.4,8278,UAV-ALPHA
116.311919,39.919600,141.4,8279,UAV-ALPHA
116.312323,39.919600,141.4,8280,UAV-ALPHA
116.312727,39.919600,141.4,8281,UAV-ALPHA
116.313131,39.919600,141.4,8282,UAV-ALPHA
116.313535,39.919600,141.4,8283,UAV-ALPHA
116.313939,39.919600,141.4,8284,UAV-ALPHA
116.314343,39.919600,141.4,8285,UAV-ALPHA
116.314747,39.919600,141.4,8286,UAV-ALPHA
116.315152,39.919600,141.4,8287,UAV-ALPHA
116.315556,39.919600,141.4,8288,UAV-ALPHA
116.315960,39.919600,141.4,8289,UAV-ALPHA
116.316364,39.919600,141.4,8290,UAV-ALPHA
116.316768,39.919600,141.5,8291,UAV-ALPHA
116.317172,39.919600,141.5,8292,UAV-ALPHA
116.317576,39.919600,141.5,8293,UAV-ALPHA
116.317980,39.919600,141.5,8294,UAV-ALPHA
116.318384,39.919600,141.5,8295,UAV-ALPHA
116.318788,39.919600,141.5,8296,UAV-ALPHA
116.319192,39.919600,141.5,8297,UAV-ALPHA
116.319596,39.919600,141.5,8298,UAV-ALPHA
116.320000,39.919600,141.5,8299,UAV-ALPHA
116.320000,39.919900,141.5,8300,UAV-ALPHA
116.319596,39.919900,141.5,8301,UAV-ALPHA
116.319192,39.919900,141.5,8302,UAV-ALPHA
116.318788,39.919900,141.5,8303,UAV-ALPHA
116.318384,39.919900,141.5,8304,UAV-ALPHA
116.317980,39.919900,141.5,8305,UAV-ALPHA
116.317576,39.919900,141.5,8306,UAV-ALPHA
116.317172,39.919900,141.5,8307,UAV-ALPHA
116.316768,39.919900,141.5,8308,UAV-ALPHA
116.316364,39.919900,141.5,8309,UAV-ALPHA
116.315960,39.919900,141.5,8310,UAV-ALPHA
116.315556,39.919900,141.6,8311,UAV-ALPHA
116.315152,39.919900,141.6,8312,UAV-ALPHA
116.314747,39.919900,141.6,8313,UAV-ALPHA
116.314343,39.919900,141.6,8314,UAV-ALPHA
116.313939,39.919900,141.6,8315,UAV-ALPHA
116.313535,39.919900,141.6,8316,UAV-ALPHA
116.313131,39.919900,141.6,8317,UAV-ALPHA
116.312727,39.919900,141.6,8318,UAV-ALPHA
116.312323,39.919900,141.6,8319,UAV-ALPHA
116.311919,39.919900,141.6,8320,UAV-ALPHA
116.311515,39.919900,141.6,8321,UAV-ALPHA
116.311111,39.919900,141.6,8322,UAV-ALPHA
116.310707,39.919900,141.6,8323,UAV-ALPHA
116.310303,39.919900,141.6,8324,UAV-ALPHA
116.309899,39.919900,141.6,8325,UAV-ALPHA
116.309495,39.919900,141.6,8326,UAV-ALPHA
116.309091,39.919900,141.6,8327,UAV-ALPHA
116.308687,39.919900,141.6,8328,UAV-ALPHA
116.308283,39.919900,141.6,8329,UAV-ALPHA
116.307879,39.919900,141.6,8330,UAV-ALPHA
116.307475,39.919900,141.7,8331,UAV-ALPHA
116.307071,39.919900,141.7,8332,UAV-ALPHA
116.306667,39.919900,141.7,8333,UAV-ALPHA
116.306263,39.919900,141.7,8334,UAV-ALPHA
116.305859,39.919900,141.7,8335,UAV-ALPHA
116.305455,39.919900,141.7,8336,UAV-ALPHA
116.305051,39.919900,141.7,8337,UAV-ALPHA
116.304646,39.919900,141.7,8338,UAV-ALPHA
116.304242,39.919900,141.7,8339,UAV-ALPHA
116.303838,39.919900,141.7,8340,UAV-ALPHA
116.303434,39.919900,141.7,8341,UAV-ALPHA
116.303030,39.919900,141.7,8342,UAV-ALPHA
116.302626,39.919900,141.7,8343,UAV-ALPHA
116.302222,39.919900,141.7,8344,UAV-ALPHA
116.301818,39.919900,141.7,8345,UAV-ALPHA
116.301414,39.919900,141.7,8346,UAV-ALPHA
116.301010,39.919900,141.7,8347,UAV-ALPHA
116.300606,39.919900,141.7,8348,UAV-ALPHA
116.300202,39.919900,141.7,8349,UAV-ALPHA
116.299798,39.919900,141.7,8350,UAV-ALPHA
116.299394,39.919900,141.8,8351,UAV-ALPHA
116.298990,39.919900,141.8,8352,UAV-ALPHA
116.298586,39.919900,141.8,8353,UAV-ALPHA
116.298182,39.919900,141.8,8354,UAV-ALPHA
116.297778,39.919900,141.8,8355,UAV-ALPHA
116.297374,39.919900,141.8,8356,UAV-ALPHA
116.296970,39.919900,141.8,8357,UAV-ALPHA
116.296566,39.919900,141.8,8358,UAV-ALPHA
116.296162,39.919900,141.8,8359,UAV-ALPHA
116.295758,39.919900,141.8,8360,UAV-ALPHA
116.295354,39.919900,141.8,8361,UAV-ALPHA
116.294949,39.919900,141.8,8362,UAV-ALPHA
116.294545,39.919900,141.8,8363,UAV-ALPHA
116.294141,39.919900,141.8,8364,UAV-ALPHA
116.293737,39.919900,141.8,8365,UAV-ALPHA
116.293333,39.919900,141.8,8366,UAV-ALPHA
116.292929,39.919900,141.8,8367,UAV-ALPHA
116.292525,39.919900,141.8,8368,UAV-ALPHA
116.292121,39.919900,141.8,8369,UAV-ALPHA
116.291717,39.919900,141.8,8370,UAV-ALPHA
116.291313,39.919900,141.9,8371,UAV-ALPHA
116.290909,39.919900,141.9,8372,UAV-ALPHA
116.290505,39.919900,141.9,8373,UAV-ALPHA
116.290101,39.919900,141.9,8374,UAV-ALPHA
116.289697,39.919900,141.9,8375,UAV-ALPHA
116.289293,39.919900,141.9,8376,UAV-ALPHA
116.288889,39.919900,141.9,8377,UAV-ALPHA
116.288485,39.919900,141.9,8378,UAV-ALPHA
116.288081,39.919900,141.9,8379,UAV-ALPHA
116.287677,39.919900,141.9,8380,UAV-ALPHA
116.287273,39.919900,141.9,8381,UAV-ALPHA
116.286869,39.919900,141.9,8382,UAV-ALPHA
116.286465,39.919900,141.9,8383,UAV-ALPHA
116.286061,39.919900,141.9,8384,UAV-ALPHA
116.285657,39.919900,141.9,8385,UAV-ALPHA
116.285253,39.919900,141.9,8386,UAV-ALPHA
116.284848,39.919900,141.9,8387,UAV-ALPHA
116.284444,39.919900,141.9,8388,UAV-ALPHA
116.284040,39.919900,141.9,8389,UAV-ALPHA
116.283636,39.919900,141.9,8390,UAV-ALPHA
116.283232,39.919900,142.0,8391,UAV-ALPHA
116.282828,39.919900,142.0,8392,UAV-ALPHA
116.282424,39.919900,142.0,8393,UAV-ALPHA
116.282020,39.919900,142.0,8394,UAV-ALPHA
116.281616,39.919900,142.0,8395,UAV-ALPHA
116.281212,39.919900,142.0,8396,UAV-ALPHA
116.280808,39.919900,142.0,8397,UAV-ALPHA
116.280404,39.919900,142.0,8398,UAV-ALPHA
116.280000,39.919900,142.0,8399,UAV-ALPHA
116.280000,39.920200,142.0,8400,UAV-ALPHA
116.280404,39.920200,142.0,8401,UAV-ALPHA
116.280808,39.920200,142.0,8402,UAV-ALPHA
116.281212,39.920200,142.0,8403,UAV-ALPHA
116.281616,39.920200,142.0,8404,UAV-ALPHA
116.282020,39.920200,142.0,8405,UAV-ALPHA
116.282424,39.920200,142.0,8406,UAV-ALPHA
116.282828,39.920200,142.0,8407,UAV-ALPHA
116.283232,39.920200,142.0,8408,UAV-ALPHA
116.283636,39.920200,142.0,8409,UAV-ALPHA
116.284040,39.920200,142.0,8410,UAV-ALPHA
116.284444,39.920200,142.1,8411,UAV-ALPHA
116.284848,39.920200,142.1,8412,UAV-ALPHA
116.285253,39.920200,142.1,8413,UAV-ALPHA
116.285657,39.920200,142.1,8414,UAV-ALPHA
116.286061,39.920200,142.1,8415,UAV-ALPHA
116.286465,39.920200,142.1,8416,UAV-ALPHA
116.286869,39.920200,142.1,8417,UAV-ALPHA
116.287273,39.920200,142.1,8418,UAV-ALPHA
116.287677,39.920200,142.1,8419,UAV-ALPHA
116.288081,39.920200,142.1,8420,UAV-ALPHA
116.288485,39.920200,142.1,8421,UAV-ALPHA
116.288889,39.920200,142.1,8422,UAV-ALPHA
116.289293,39.920200,142.1,8423,UAV-ALPHA
116.289697,39.920200,142.1,8424,UAV-ALPHA
116.290101,39.920200,142.1,8425,UAV-ALPHA
116.290505,39.920200,142.1,8426,UAV-ALPHA
116.290909,39.920200,142.1,8427,UAV-ALPHA
116.291313,39.920200,142.1,8428,UAV-ALPHA
116.291717,39.920200,142.1,8429,UAV-ALPHA
116.292121,39.920200,142.1,8430,UAV-ALPHA
116.292525,39.920200,142.2,8431,UAV-ALPHA
116.292929,39.920200,142.2,8432,UAV-ALPHA
116.293333,39.920200,142.2,8433,UAV-ALPHA
116.293737,39.920200,142.2,8434,UAV-ALPHA
116.294141,39.920200,142.2,8435,UAV-ALPHA
116.294545,39.920200,142.2,8436,UAV-ALPHA
116.294949,39.920200,142.2,8437,UAV-ALPHA
116.295354,39.920200,142.2,8438,UAV-ALPHA
116.295758,39.920200,142.2,8439,UAV-ALPHA
116.296162,39.920200,142.2,8440,UAV-ALPHA
116.296566,39.920200,142.2,8441,UAV-ALPHA
116.296970,39.920200,142.2,8442,UAV-ALPHA
116.297374,39.920200,142.2,8443,UAV-ALPHA
116.297778,39.920200,142.2,8444,UAV-ALPHA
116.298182,39.920200,142.2,8445,UAV-ALPHA
116.298586,39.920200,142.2,8446,UAV-ALPHA
116.298990,39.920200,142.2,8447,UAV-ALPHA
116.299394,39.920200,142.2,8448,UAV-ALPHA
116.299798,39.920200,142.2,8449,UAV-ALPHA
116.300202,39.920200,142.2,8450,UAV-ALPHA
116.300606,39.920200,142.3,8451,UAV-ALPHA
116.301010,39.920200,142.3,8452,UAV-ALPHA
116.301414,39.920200,142.3,8453,UAV-ALPHA
116.301818,39.920200,142.3,8454,UAV-ALPHA
116.302222,39.920200,142.3,8455,UAV-ALPHA
116.302626,39.920200,142.3,8456,UAV-ALPHA
116.303030,39.920200,142.3,8457,UAV-ALPHA
116.303434,39.920200,142.3,8458,UAV-ALPHA
116.303838,39.920200,142.3,8459,UAV-ALPHA
116.304242,39.920200,142.3,8460,UAV-ALPHA
116.304646,39.920200,142.3,8461,UAV-ALPHA
116.305051,39.920200,142.3,8462,UAV-ALPHA
116.305455,39.920200,142.3,8463,UAV-ALPHA
116.305859,39.920200,142.3,8464,UAV-ALPHA
116.306263,39.920200,142.3,8465,UAV-ALPHA
116.306667,39.920200,142.3,8466,UAV-ALPHA
116.307071,39.920200,142.3,8467,UAV-ALPHA
116.307475,39.920200,142.3,8468,UAV-ALPHA
116.307879,39.920200,142.3,8469,UAV-ALPHA
116.308283,39.920200,142.3,8470,UAV-ALPHA
116.308687,39.920200,142.4,8471,UAV-ALPHA
116.309091,39.920200,142.4,8472,UAV-ALPHA
116.309495,39.920200,142.4,8473,UAV-ALPHA
116.309899,39.920200,142.4,8474,UAV-ALPHA
116.310303,39.920200,142.4,8475,UAV-ALPHA
116.310707,39.920200,142.4,8476,UAV-ALPHA
116.311111,39.920200,142.4,8477,UAV-ALPHA
116.311515,39.920200,142.4,8478,UAV-ALPHA
116.311919,39.920200,142.4,8479,UAV-ALPHA
116.312323,39.920200,142.4,8480,UAV-ALPHA
116.312727,39.920200,142.4,8481,UAV-ALPHA
116.313131,39.920200,142.4,8482,UAV-ALPHA
116.313535,39.920200,142.4,8483,UAV-ALPHA
116.313939,39.920200,142.4,8484,UAV-ALPHA
116.314343,39.920200,142.4,8485,UAV-ALPHA
116.314747,39.920200,142.4,8486,UAV-ALPHA
116.315152,39.920200,142.4,8487,UAV-ALPHA
116.315556,39.920200,142.4,8488,UAV-ALPHA
116.315960,39.920200,142.4,8489,UAV-ALPHA
116.316364,39.920200,142.4,8490,UAV-ALPHA
116.316768,39.920200,142.5,8491,UAV-ALPHA
116.317172,39.920200,142.5,8492,UAV-ALPHA
116.317576,39.920200,142.5,8493,UAV-ALPHA
116.317980,39.920200,142.5,8494,UAV-ALPHA
116.318384,39.920200,142.5,8495,UAV-ALPHA
116.318788,39.920200,142.5,8496,UAV-ALPHA
116.319192,39.920200,142.5,8497,UAV-ALPHA
116.319596,39.920200,142.5,8498,UAV-ALPHA
116.320000,39.920200,142.5,8499,UAV-ALPHA
116.320000,39.920500,142.5,8500,UAV-ALPHA
116.319596,39.920500,142.5,8501,UAV-ALPHA
116.319192,39.920500,142.5,8502,UAV-ALPHA
116.318788,39.920500,142.5,8503,UAV-ALPHA
116.318384,39.920500,142.5,8504,UAV-ALPHA
116.317980,39.920500,142.5,8505,UAV-ALPHA
116.317576,39.920500,142.5,8506,UAV-ALPHA
116.317172,39.920500,142.5,8507,UAV-ALPHA
116.316768,39.920500,142.5,8508,UAV-ALPHA
116.316364,39.920500,142.5,8509,UAV-ALPHA
116.315960,39.920500,142.5,8510,UAV-ALPHA
116.315556,39.920500,142.6,8511,UAV-ALPHA
116.315152,39.920500,142.6,8512,UAV-ALPHA
116.314747,39.920500,142.6,8513,UAV-ALPHA
116.314343,39.920500,142.6,8514,UAV-ALPHA
116.313939,39.920500,142.6,8515,UAV-ALPHA
116.313535,39.920500,142.6,8516,UAV-ALPHA
116.313131,39.920500,142.6,8517,UAV-ALPHA
116.312727,39.920500,142.6,8518,UAV-ALPHA
116.312323,39.920500,142.6,8519,UAV-ALPHA
116.311919,39.920500,142.6,8520,UAV-ALPHA
116.311515,39.920500,142.6,8521,UAV-ALPHA
116.311111,39.920500,142.6,8522,UAV-ALPHA
116.310707,39.920500,142.6,8523,UAV-ALPHA
116.310303,39.920500,142.6,8524,UAV-ALPHA
116.309899,39.920500,142.6,8525,UAV-ALPHA
116.309495,39.920500,142.6,8526,UAV-ALPHA
116.309091,39.920500,142.6,8527,UAV-ALPHA
116.308687,39.920500,142.6,8528,UAV-ALPHA
116.308283,39.920500,142.6,8529,UAV-ALPHA
116.307879,39.920500,142.6,8530,UAV-ALPHA
116.307475,39.920500,142.7,8531,UAV-ALPHA
116.307071,39.920500,142.7,8532,UAV-ALPHA
116.306667,39.920500,142.7,8533,UAV-ALPHA
116.306263,39.920500,142.7,8534,UAV-ALPHA
116.305859,39.920500,142.7,8535,UAV-ALPHA
116.305455,39.920500,142.7,8536,UAV-ALPHA
116.305051,39.920500,142.7,8537,UAV-ALPHA
116.304646,39.920500,142.7,8538,UAV-ALPHA
116.304242,39.920500,142.7,8539,UAV-ALPHA
116.303838,39.920500,142.7,8540,UAV-ALPHA
116.303434,39.920500,142.7,8541,UAV-ALPHA
116.303030,39.920500,142.7,8542,UAV-ALPHA
116.302626,39.920500,142.7,8543,UAV-ALPHA
116.302222,39.920500,142.7,8544,UAV-ALPHA
116.301818,39.920500,142.7,8545,UAV-ALPHA
116.301414,39.920500,142.7,8546,UAV-ALPHA
116.301010,39.920500,142.7,8547,UAV-ALPHA
116.300606,39.920500,142.7,8548,UAV-ALPHA
116.300202,39.920500,142.7,8549,UAV-ALPHA
116.299798,39.920500,142.7,8550,UAV-ALPHA
116.299394,39.920500,142.8,8551,UAV-ALPHA
116.298990,39.920500,142.8,8552,UAV-ALPHA
116.298586,39.920500,142.8,8553,UAV-ALPHA
116.298182,39.920500,142.8,8554,UAV-ALPHA
116.297778,39.920500,142.8,8555,UAV-ALPHA
116.297374,39.920500,142.8,8556,UAV-ALPHA
116.296970,39.920500,142.8,8557,UAV-ALPHA
116.296566,39.920500,142.8,8558,UAV-ALPHA
116.296162,39.920500,142.8,8559,UAV-ALPHA
116.295758,39.920500,142.8,8560,UAV-ALPHA
116.295354,39.920500,142.8,8561,UAV-ALPHA
116.294949,39.920500,142.8,8562,UAV-ALPHA
116.294545,39.920500,142.8,8563,UAV-ALPHA
116.294141,39.920500,142.8,8564,UAV-ALPHA
116.293737,39.920500,142.8,8565,UAV-ALPHA
116.293333,39.920500,142.8,8566,UAV-ALPHA
116.292929,39.920500,142.8,8567,UAV-ALPHA
116.292525,39.920500,142.8,8568,UAV-ALPHA
116.292121,39.920500,142.8,8569,UAV-ALPHA
116.291717,39.920500,142.8,8570,UAV-ALPHA
116.291313,39.920500,142.9,8571,UAV-ALPHA
116.290909,39.920500,142.9,8572,UAV-ALPHA
116.290505,39.920500,142.9,8573,UAV-ALPHA
116.290101,39.920500,142.9,8574,UAV-ALPHA
116.289697,39.920500,142.9,8575,UAV-ALPHA
116.289293,39.920500,142.9,8576,UAV-ALPHA
116.288889,39.920500,142.9,8577,UAV-ALPHA
116.288485,39.920500,142.9,8578,UAV-ALPHA
116.288081,39.920500,142.9,8579,UAV-ALPHA
116.287677,39.920500,142.9,8580,UAV-ALPHA
116.287273,39.920500,142.9,8581,UAV-ALPHA
116.286869,39.920500,142.9,8582,UAV-ALPHA
116.286465,39.920500,142.9,8583,UAV-ALPHA
116.286061,39.920500,142.9,8584,UAV-ALPHA
116.285657,39.920500,142.9,8585,UAV-ALPHA
116.285253,39.920500,142.9,8586,UAV-ALPHA
116.284848,39.920500,142.9,8587,UAV-ALPHA
116.284444,39.920500,142.9,8588,UAV-ALPHA
116.284040,39.920500,142.9,8589,UAV-ALPHA
116.283636,39.920500,142.9,8590,UAV-ALPHA
116.283232,39.920500,143.0,8591,UAV-ALPHA
116.282828,39.920500,143.0,8592,UAV-ALPHA
116.282424,39.920500,143.0,8593,UAV-ALPHA
116.282020,39.920500,143.0,8594,UAV-ALPHA
116.281616,39.920500,143.0,8595,UAV-ALPHA
116.281212,39.920500,143.0,8596,UAV-ALPHA
116.280808,39.920500,143.0,8597,UAV-ALPHA
116.280404,39.920500,143.0,8598,UAV-ALPHA
116.280000,39.920500,143.0,8599,UAV-ALPHA
116.280000,39.920800,143.0,8600,UAV-ALPHA
116.280404,39.920800,143.0,8601,UAV-ALPHA
116.280808,39.920800,143.0,8602,UAV-ALPHA
116.281212,39.920800,143.0,8603,UAV-ALPHA
116.281616,39.920800,143.0,8604,UAV-ALPHA
116.282020,39.920800,143.0,8605,UAV-ALPHA
116.282424,39.920800,143.0,8606,UAV-ALPHA
116.282828,39.920800,143.0,8607,UAV-ALPHA
116.283232,39.920800,143.0,8608,UAV-ALPHA
116.283636,39.920800,143.0,8609,UAV-ALPHA
116.284040,39.920800,143.0,8610,UAV-ALPHA
116.284444,39.920800,143.1,8611,UAV-ALPHA
116.284848,39.920800,143.1,8612,UAV-ALPHA
116.285253,39.920800,143.1,8613,UAV-ALPHA
116.285657,39.920800,143.1,8614,UAV-ALPHA
116.286061,39.920800,143.1,8615,UAV-ALPHA
116.286465,39.920800,143.1,8616,UAV-ALPHA
116.286869,39.920800,143.1,8617,UAV-ALPHA
116.287273,39.920800,143.1,8618,UAV-ALPHA
116.287677,39.920800,143.1,8619,UAV-ALPHA
116.288081,39.920800,143.1,8620,UAV-ALPHA
116.288485,39.920800,143.1,8621,UAV-ALPHA
116.288889,39.920800,143.1,8622,UAV-ALPHA
116.289293,39.920800,143.1,8623,UAV-ALPHA
116.289697,39.920800,143.1,8624,UAV-ALPHA
116.290101,39.920800,143.1,8625,UAV-ALPHA
116.290505,39.920800,143.1,8626,UAV-ALPHA
116.290909,39.920800,143.1,8627,UAV-ALPHA
116.291313,39.920800,143.1,8628,UAV-ALPHA
116.291717,39.920800,143.1,8629,UAV-ALPHA
116.292121,39.920800,143.1,8630,UAV-ALPHA
116.292525,39.920800,143.2,8631,UAV-ALPHA
116.292929,39.920800,143.2,8632,UAV-ALPHA
116.293333,39.920800,143.2,8633,UAV-ALPHA
116.293737,39.920800,143.2,8634,UAV-ALPHA
116.294141,39.920800,143.2,8635,UAV-ALPHA
116.294545,39.920800,143.2,8636,UAV-ALPHA
116.294949,39.920800,143.2,8637,UAV-ALPHA
116.295354,39.920800,143.2,8638,UAV-ALPHA
116.295758,39.920800,143.2,8639,UAV-ALPHA
116.296162,39.920800,143.2,8640,UAV-ALPHA
116.296566,39.920800,143.2,8641,UAV-ALPHA
116.296970,39.920800,143.2,8642,UAV-ALPHA
116.297374,39.920800,143.2,8643,UAV-ALPHA
116.297778,39.920800,143.2,8644,UAV-ALPHA
116.298182,39.920800,143.2,8645,UAV-ALPHA
116.298586,39.920800,143.2,8646,UAV-ALPHA
116.298990,39.920800,143.2,8647,UAV-ALPHA
116.299394,39.920800,143.2,8648,UAV-ALPHA
116.299798,39.920800,143.2,8649,UAV-ALPHA
116.300202,39.920800,143.2,8650,UAV-ALPHA
116.300606,39.920800,143.3,8651,UAV-ALPHA
116.301010,39.920800,143.3,8652,UAV-ALPHA
116.301414,39.920800,143.3,8653,UAV-ALPHA
116.301818,39.920800,143.3,8654,UAV-ALPHA
116.302222,39.920800,143.3,8655,UAV-ALPHA
116.302626,39.920800,143.3,8656,UAV-ALPHA
116.303030,39.920800,143.3,8657,UAV-ALPHA
116.303434,39.920800,143.3,8658,UAV-ALPHA
116.303838,39.920800,143.3,8659,UAV-ALPHA
116.304242,39.920800,143.3,8660,UAV-ALPHA
116.304646,39.920800,143.3,8661,UAV-ALPHA
116.305051,39.920800,143.3,8662,UAV-ALPHA
116.305455,39.920800,143.3,8663,UAV-ALPHA
116.305859,39.920800,143.3,8664,UAV-ALPHA
116.306263,39.920800,143.3,8665,UAV-ALPHA
116.306667,39.920800,143.3,8666,UAV-ALPHA
116.307071,39.920800,143.3,8667,UAV-ALPHA
116.307475,39.920800,143.3,8668,UAV-ALPHA
116.307879,39.920800,143.3,8669,UAV-ALPHA
116.308283,39.920800,143.3,8670,UAV-ALPHA
116.308687,39.920800,143.4,8671,UAV-ALPHA
116.309091,39.920800,143.4,8672,UAV-ALPHA
116.309495,39.920800,143.4,8673,UAV-ALPHA
116.309899,39.920800,143.4,8674,UAV-ALPHA
116.310303,39.920800,143.4,8675,UAV-ALPHA
116.310707,39.920800,143.4,8676,UAV-ALPHA
116.311111,39.920800,143.4,8677,UAV-ALPHA
116.311515,39.920800,143.4,8678,UAV-ALPHA
116.311919,39.920800,143.4,8679,UAV-ALPHA
116.312323,39.920800,143.4,8680,UAV-ALPHA
116.312727,39.920800,143.4,8681,UAV-ALPHA
116.313131,39.920800,143.4,8682,UAV-ALPHA
116.313535,39.920800,143.4,8683,UAV-ALPHA
116.313939,39.920800,143.4,8684,UAV-ALPHA
116.314343,39.920800,143.4,8685,UAV-ALPHA
116.314747,39.920800,143.4,8686,UAV-ALPHA
116.315152,39.920800,143.4,8687,UAV-ALPHA
116.315556,39.920800,143.4,8688,UAV-ALPHA
116.315960,39.920800,143.4,8689,UAV-ALPHA
116.316364,39.920800,143.4,8690,UAV-ALPHA
116.316768,39.920800,143.5,8691,UAV-ALPHA
116.317172,39.920800,143.5,8692,UAV-ALPHA
116.317576,39.920800,143.5,8693,UAV-ALPHA
116.317980,39.920800,143.5,8694,UAV-ALPHA
116.318384,39.920800,143.5,8695,UAV-ALPHA
116.318788,39.920800,143.5,8696,UAV-ALPHA
116.319192,39.920800,143.5,8697,UAV-ALPHA
116.319596,39.920800,143.5,8698,UAV-ALPHA
116.320000,39.920800,143.5,8699,UAV-ALPHA
116.320000,39.921100,143.5,8700,UAV-ALPHA
116.319596,39.921100,143.5,8701,UAV-ALPHA
116.319192,39.921100,143.5,8702,UAV-ALPHA
116.318788,39.921100,143.5,8703,UAV-ALPHA
116.318384,39.921100,143.5,8704,UAV-ALPHA
116.317980,39.921100,143.5,8705,UAV-ALPHA
116.317576,39.921100,143.5,8706,UAV-ALPHA
116.317172,39.921100,143.5,8707,UAV-ALPHA
116.316768,39.921100,143.5,8708,UAV-ALPHA
116.316364,39.921100,143.5,8709,UAV-ALPHA
116.315960,39.921100,143.5,8710,UAV-ALPHA
116.315556,39.921100,143.6,8711,UAV-ALPHA
116.315152,39.921100,143.6,8712,UAV-ALPHA
116.314747,39.921100,143.6,8713,UAV-ALPHA
116.314343,39.921100,143.6,8714,UAV-ALPHA
116.313939,39.921100,143.6,8715,UAV-ALPHA
116.313535,39.921100,143.6,8716,UAV-ALPHA
116.313131,39.921100,143.6,8717,UAV-ALPHA
116.312727,39.921100,143.6,8718,UAV-ALPHA
116.312323,39.921100,143.6,8719,UAV-ALPHA
116.311919,39.921100,143.6,8720,UAV-ALPHA
116.311515,39.921100,143.6,8721,UAV-ALPHA
116.311111,39.921100,143.6,8722,UAV-ALPHA
116.310707,39.921100,143.6,8723,UAV-ALPHA
116.310303,39.921100,143.6,8724,UAV-ALPHA
116.309899,39.921100,143.6,8725,UAV-ALPHA
116.309495,39.921100,143.6,8726,UAV-ALPHA
116.309091,39.921100,143.6,8727,UAV-ALPHA
116.308687,39.921100,143.6,8728,UAV-ALPHA
116.308283,39.921100,143.6,8729,UAV-ALPHA
116.307879,39.921100,143.6,8730,UAV-ALPHA
116.307475,39.921100,143.7,8731,UAV-ALPHA
116.307071,39.921100,143.7,8732,UAV-ALPHA
116.306667,39.921100,143.7,8733,UAV-ALPHA
116.306263,39.921100,143.7,8734,UAV-ALPHA
116.305859,39.921100,143.7,8735,UAV-ALPHA
116.305455,39.921100,143.7,8736,UAV-ALPHA
116.305051,39.921100,143.7,8737,UAV-ALPHA
116.304646,39.921100,143.7,8738,UAV-ALPHA
116.304242,39.921100,143.7,8739,UAV-ALPHA
116.303838,39.921100,143.7,8740,UAV-ALPHA
116.303434,39.921100,143.7,8741,UAV-ALPHA
116.303030,39.921100,143.7,8742,UAV-ALPHA
116.302626,39.921100,143.7,8743,UAV-ALPHA
116.302222,39.921100,143.7,8744,UAV-ALPHA
116.301818,39.921100,143.7,8745,UAV-ALPHA
116.301414,39.921100,143.7,8746,UAV-ALPHA
116.301010,39.921100,143.7,8747,UAV-ALPHA
116.300606,39.921100,143.7,8748,UAV-ALPHA
116.300202,39.921100,143.7,8749,UAV-ALPHA
116.299798,39.921100,143.7,8750,UAV-ALPHA
116.299394,39.921100,143.8,8751,UAV-ALPHA
116.298990,39.921100,143.8,8752,UAV-ALPHA
116.298586,39.921100,143.8,8753,UAV-ALPHA
116.298182,39.921100,143.8,8754,UAV-ALPHA
116.297778,39.921100,143.8,8755,UAV-ALPHA
116.297374,39.921100,143.8,8756,UAV-ALPHA
116.296970,39.921100,143.8,8757,UAV-ALPHA
116.296566,39.921100,143.8,8758,UAV-ALPHA
116.296162,39.921100,143.8,8759,UAV-ALPHA
116.295758,39.921100,143.8,8760,UAV-ALPHA
116.295354,39.921100,143.8,8761,UAV-ALPHA
116.294949,39.921100,143.8,8762,UAV-ALPHA
116.294545,39.921100,143.8,8763,UAV-ALPHA
116.294141,39.921100,143.8,8764,UAV-ALPHA
116.293737,39.921100,143.8,8765,UAV-ALPHA
116.293333,39.921100,143.8,8766,UAV-ALPHA
116.292929,39.921100,143.8,8767,UAV-ALPHA
116.292525,39.921100,143.8,8768,UAV-ALPHA
116.292121,39.921100,143.8,8769,UAV-ALPHA
116.291717,39.921100,143.8,8770,UAV-ALPHA
116.291313,39.921100,143.9,8771,UAV-ALPHA
116.290909,39.921100,143.9,8772,UAV-ALPHA
116.290505,39.921100,143.9,8773,UAV-ALPHA
116.290101,39.921100,143.9,8774,UAV-ALPHA
116.289697,39.921100,143.9,8775,UAV-ALPHA
116.289293,39.921100,143.9,8776,UAV-ALPHA
116.288889,39.921100,143.9,8777,UAV-ALPHA
116.288485,39.921100,143.9,8778,UAV-ALPHA
116.288081,39.921100,143.9,8779,UAV-ALPHA
116.287677,39.921100,143.9,8780,UAV-ALPHA
116.287273,39.921100,143.9,8781,UAV-ALPHA
116.286869,39.921100,143.9,8782,UAV-ALPHA
116.286465,39.921100,143.9,8783,UAV-ALPHA
116.286061,39.921100,143.9,8784,UAV-ALPHA
116.285657,39.921100,143.9,8785,UAV-ALPHA
116.285253,39.921100,143.9,8786,UAV-ALPHA
116.284848,39.921100,143.9,8787,UAV-ALPHA
116.284444,39.921100,143.9,8788,UAV-ALPHA
116.284040,39.921100,143.9,8789,UAV-ALPHA
116.283636,39.921100,143.9,8790,UAV-ALPHA
116.283232,39.921100,144.0,8791,UAV-ALPHA
116.282828,39.921100,144.0,8792,UAV-ALPHA
116.282424,39.921100,144.0,8793,UAV-ALPHA
116.282020,39.921100,144.0,8794,UAV-ALPHA
116.281616,39.921100,144.0,8795,UAV-ALPHA
116.281212,39.921100,144.0,8796,UAV-ALPHA
116.280808,39.921100,144.0,8797,UAV-ALPHA
116.280404,39.921100,144.0,8798,UAV-ALPHA
116.280000,39.921100,144.0,8799,UAV-ALPHA
116.280000,39.921400,144.0,8800,UAV-ALPHA
116.280404,39.921400,144.0,8801,UAV-ALPHA
116.280808,39.921400,144.0,8802,UAV-ALPHA
116.281212,39.921400,144.0,8803,UAV-ALPHA
116.281616,39.921400,144.0,8804,UAV-ALPHA
116.282020,39.921400,144.0,8805,UAV-ALPHA
116.282424,39.921400,144.0,8806,UAV-ALPHA
116.282828,39.921400,144.0,8807,UAV-ALPHA
116.283232,39.921400,144.0,8808,UAV-ALPHA
116.283636,39.921400,144.0,8809,UAV-ALPHA
116.284040,39.921400,144.0,8810,UAV-ALPHA
116.284444,39.921400,144.1,8811,UAV-ALPHA
116.284848,39.921400,144.1,8812,UAV-ALPHA
116.285253,39.921400,144.1,8813,UAV-ALPHA
116.285657,39.921400,144.1,8814,UAV-ALPHA
116.286061,39.921400,144.1,8815,UAV-ALPHA
116.286465,39.921400,144.1,8816,UAV-ALPHA
116.286869,39.921400,144.1,8817,UAV-ALPHA
116.287273,39.921400,144.1,8818,UAV-ALPHA
116.287677,39.921400,144.1,8819,UAV-ALPHA
116.288081,39.921400,144.1,8820,UAV-ALPHA
116.288485,39.921400,144.1,8821,UAV-ALPHA
116.288889,39.921400,144.1,8822,UAV-ALPHA
116.289293,39.921400,144.1,8823,UAV-ALPHA
116.289697,39.921400,144.1,8824,UAV-ALPHA
116.290101,39.921400,144.1,8825,UAV-ALPHA
116.290505,39.921400,144.1,8826,UAV-ALPHA
116.290909,39.921400,144.1,8827,UAV-ALPHA
116.291313,39.921400,144.1,8828,UAV-ALPHA
116.291717,39.921400,144.1,8829,UAV-ALPHA
116.292121,39.921400,144.1,8830,UAV-ALPHA
116.292525,39.921400,144.2,8831,UAV-ALPHA
116.292929,39.921400,144.2,8832,UAV-ALPHA
116.293333,39.921400,144.2,8833,UAV-ALPHA
116.293737,39.921400,144.2,8834,UAV-ALPHA
116.294141,39.921400,144.2,8835,UAV-ALPHA
116.294545,39.921400,144.2,8836,UAV-ALPHA
116.294949,39.921400,144.2,8837,UAV-ALPHA
116.295354,39.921400,144.2,8838,UAV-ALPHA
116.295758,39.921400,144.2,8839,UAV-ALPHA
116.296162,39.921400,144.2,8840,UAV-ALPHA
116.296566,39.921400,144.2,8841,UAV-ALPHA
116.296970,39.921400,144.2,8842,UAV-ALPHA
116.297374,39.921400,144.2,8843,UAV-ALPHA
116.297778,39.921400,144.2,8844,UAV-ALPHA
116.298182,39.921400,144.2,8845,UAV-ALPHA
116.298586,39.921400,144.2,8846,UAV-ALPHA
116.298990,39.921400,144.2,8847,UAV-ALPHA
116.299394,39.921400,144.2,8848,UAV-ALPHA
116.299798,39.921400,144.2,8849,UAV-ALPHA
116.300202,39.921400,144.2,8850,UAV-ALPHA
116.300606,39.921400,144.3,8851,UAV-ALPHA
116.301010,39.921400,144.3,8852,UAV-ALPHA
116.301414,39.921400,144.3,8853,UAV-ALPHA
116.301818,39.921400,144.3,8854,UAV-ALPHA
116.302222,39.921400,144.3,8855,UAV-ALPHA
116.302626,39.921400,144.3,8856,UAV-ALPHA
116.303030,39.921400,144.3,8857,UAV-ALPHA
116.303434,39.921400,144.3,8858,UAV-ALPHA
116.303838,39.921400,144.3,8859,UAV-ALPHA
116.304242,39.921400,144.3,8860,UAV-ALPHA
116.304646,39.921400,144.3,8861,UAV-ALPHA
116.305051,39.921400,144.3,8862,UAV-ALPHA
116.305455,39.921400,144.3,8863,UAV-ALPHA
116.305859,39.921400,144.3,8864,UAV-ALPHA
116.306263,39.921400,144.3,8865,UAV-ALPHA
116.306667,39.921400,144.3,8866,UAV-ALPHA
116.307071,39.921400,144.3,8867,UAV-ALPHA
116.307475,39.921400,144.3,8868,UAV-ALPHA
116.307879,39.921400,144.3,8869,UAV-ALPHA
116.308283,39.921400,144.3,8870,UAV-ALPHA
116.308687,39.921400,144.4,8871,UAV-ALPHA
116.309091,39.921400,144.4,8872,UAV-ALPHA
116.309495,39.921400,144.4,8873,UAV-ALPHA
116.309899,39.921400,144.4,8874,UAV-ALPHA
116.310303,39.921400,144.4,8875,UAV-ALPHA
116.310707,39.921400,144.4,8876,UAV-ALPHA
116.311111,39.921400,144.4,8877,UAV-ALPHA
116.311515,39.921400,144.4,8878,UAV-ALPHA
116.311919,39.921400,144.4,8879,UAV-ALPHA
116.312323,39.921400,144.4,8880,UAV-ALPHA
116.312727,39.921400,144.4,8881,UAV-ALPHA
116.313131,39.921400,144.4,8882,UAV-ALPHA
116.313535,39.921400,144.4,8883,UAV-ALPHA
116.313939,39.921400,144.4,8884,UAV-ALPHA
116.314343,39.921400,144.4,8885,UAV-ALPHA
116.314747,39.921400,144.4,8886,UAV-ALPHA
116.315152,39.921400,144.4,8887,UAV-ALPHA
116.315556,39.921400,144.4,8888,UAV-ALPHA
116.315960,39.921400,144.4,8889,UAV-ALPHA
116.316364,39.921400,144.4,8890,UAV-ALPHA
116.316768,39.921400,144.5,8891,UAV-ALPHA
116.317172,39.921400,144.5,8892,UAV-ALPHA
116.317576,39.921400,144.5,8893,UAV-ALPHA
116.317980,39.921400,144.5,8894,UAV-ALPHA
116.318384,39.921400,144.5,8895,UAV-ALPHA
116.318788,39.921400,144.5,8896,UAV-ALPHA
116.319192,39.921400,144.5,8897,UAV-ALPHA
116.319596,39.921400,144.5,8898,UAV-ALPHA
116.320000,39.921400,144.5,8899,UAV-ALPHA
116.320000,39.921700,144.5,8900,UAV-ALPHA
116.319596,39.921700,144.5,8901,UAV-ALPHA
116.319192,39.921700,144.5,8902,UAV-ALPHA
116.318788,39.921700,144.5,8903,UAV-ALPHA
116.318384,39.921700,144.5,8904,UAV-ALPHA
116.317980,39.921700,144.5,8905,UAV-ALPHA
116.317576,39.921700,144.5,8906,UAV-ALPHA
116.317172,39.921700,144.5,8907,UAV-ALPHA
116.316768,39.921700,144.5,8908,UAV-ALPHA
116.316364,39.921700,144.5,8909,UAV-ALPHA
116.315960,39.921700,144.5,8910,UAV-ALPHA
116.315556,39.921700,144.6,8911,UAV-ALPHA
116.315152,39.921700,144.6,8912,UAV-ALPHA
116.314747,39.921700,144.6,8913,UAV-ALPHA
116.314343,39.921700,144.6,8914,UAV-ALPHA
116.313939,39.921700,144.6,8915,UAV-ALPHA
116.313535,39.921700,144.6,8916,UAV-ALPHA
116.313131,39.921700,144.6,8917,UAV-ALPHA
116.312727,39.921700,144.6,8918,UAV-ALPHA
116.312323,39.921700,144.6,8919,UAV-ALPHA
116.311919,39.921700,144.6,8920,UAV-ALPHA
116.311515,39.921700,144.6,8921,UAV-ALPHA
116.311111,39.921700,144.6,8922,UAV-ALPHA
116.310707,39.921700,144.6,8923,UAV-ALPHA
116.310303,39.921700,144.6,8924,UAV-ALPHA
116.309899,39.921700,144.6,8925,UAV-ALPHA
116.309495,39.921700,144.6,8926,UAV-ALPHA
116.309091,39.921700,144.6,8927,UAV-ALPHA
116.308687,39.921700,144.6,8928,UAV-ALPHA
116.308283,39.921700,144.6,8929,UAV-ALPHA
116.307879,39.921700,144.6,8930,UAV-ALPHA
116.307475,39.921700,144.7,8931,UAV-ALPHA
116.307071,39.921700,144.7,8932,UAV-ALPHA
116.306667,39.921700,144.7,8933,UAV-ALPHA
116.306263,39.921700,144.7,8934,UAV-ALPHA
116.305859,39.921700,144.7,8935,UAV-ALPHA
116.305455,39.921700,144.7,8936,UAV-ALPHA
116.305051,39.921700,144.7,8937,UAV-ALPHA
116.304646,39.921700,144.7,8938,UAV-ALPHA
116.304242,39.921700,144.7,8939,UAV-ALPHA
116.303838,39.921700,144.7,8940,UAV-ALPHA
116.303434,39.921700,144.7,8941,UAV-ALPHA
116.303030,39.921700,144.7,8942,UAV-ALPHA
116.302626,39.921700,144.7,8943,UAV-ALPHA
116.302222,39.921700,144.7,8944,UAV-ALPHA
116.301818,39.921700,144.7,8945,UAV-ALPHA
116.301414,39.921700,144.7,8946,UAV-ALPHA
116.301010,39.921700,144.7,8947,UAV-ALPHA
116.300606,39.921700,144.7,8948,UAV-ALPHA
116.300202,39.921700,144.7,8949,UAV-ALPHA
116.299798,39.921700,144.7,8950,UAV-ALPHA
116.299394,39.921700,144.8,8951,UAV-ALPHA
116.298990,39.921700,144.8,8952,UAV-ALPHA
116.298586,39.921700,144.8,8953,UAV-ALPHA
116.298182,39.921700,144.8,8954,UAV-ALPHA
116.297778,39.921700,144.8,8955,UAV-ALPHA
116.297374,39.921700,144.8,8956,UAV-ALPHA
116.296970,39.921700,144.8,8957,UAV-ALPHA
116.296566,39.921700,144.8,8958,UAV-ALPHA
116.296162,39.921700,144.8,8959,UAV-ALPHA
116.295758,39.921700,144.8,8960,UAV-ALPHA
116.295354,39.921700,144.8,8961,UAV-ALPHA
116.294949,39.921700,144.8,8962,UAV-ALPHA
116.294545,39.921700,144.8,8963,UAV-ALPHA
116.294141,39.921700,144.8,8964,UAV-ALPHA
116.293737,39.921700,144.8,8965,UAV-ALPHA
116.293333,39.921700,144.8,8966,UAV-ALPHA
116.292929,39.921700,144.8,8967,UAV-ALPHA
116.292525,39.921700,144.8,8968,UAV-ALPHA
116.292121,39.921700,144.8,8969,UAV-ALPHA
116.291717,39.921700,144.8,8970,UAV-ALPHA
116.291313,39.921700,144.9,8971,UAV-ALPHA
116.290909,39.921700,144.9,8972,UAV-ALPHA
116.290505,39.921700,144.9,8973,UAV-ALPHA
116.290101,39.921700,144.9,8974,UAV-ALPHA
116.289697,39.921700,144.9,8975,UAV-ALPHA
116.289293,39.921700,144.9,8976,UAV-ALPHA
116.288889,39.921700,144.9,8977,UAV-ALPHA
116.288485,39.921700,144.9,8978,UAV-ALPHA
116.288081,39.921700,144.9,8979,UAV-ALPHA
116.287677,39.921700,144.9,8980,UAV-ALPHA
116.287273,39.921700,144.9,8981,UAV-ALPHA
116.286869,39.921700,144.9,8982,UAV-ALPHA
116.286465,39.921700,144.9,8983,UAV-ALPHA
116.286061,39.921700,144.9,8984,UAV-ALPHA
116.285657,39.921700,144.9,8985,UAV-ALPHA
116.285253,39.921700,144.9,8986,UAV-ALPHA
116.284848,39.921700,144.9,8987,UAV-ALPHA
116.284444,39.921700,144.9,8988,UAV-ALPHA
116.284040,39.921700,144.9,8989,UAV-ALPHA
116.283636,39.921700,144.9,8990,UAV-ALPHA
116.283232,39.921700,145.0,8991,UAV-ALPHA
116.282828,39.921700,145.0,8992,UAV-ALPHA
116.282424,39.921700,145.0,8993,UAV-ALPHA
116.282020,39.921700,145.0,8994,UAV-ALPHA
116.281616,39.921700,145.0,8995,UAV-ALPHA
116.281212,39.921700,145.0,8996,UAV-ALPHA
116.280808,39.921700,145.0,8997,UAV-ALPHA
116.280404,39.921700,145.0,8998,UAV-ALPHA
116.280000,39.921700,145.0,8999,UAV-ALPHA
116.280000,39.922000,145.0,9000,UAV-ALPHA
116.280404,39.922000,145.0,9001,UAV-ALPHA
116.280808,39.922000,145.0,9002,UAV-ALPHA
116.281212,39.922000,145.0,9003,UAV-ALPHA
116.281616,39.922000,145.0,9004,UAV-ALPHA
116.282020,39.922000,145.0,9005,UAV-ALPHA
116.282424,39.922000,145.0,9006,UAV-ALPHA
116.282828,39.922000,145.0,9007,UAV-ALPHA
116.283232,39.922000,145.0,9008,UAV-ALPHA
116.283636,39.922000,145.0,9009,UAV-ALPHA
116.284040,39.922000,145.0,9010,UAV-ALPHA
116.284444,39.922000,145.1,9011,UAV-ALPHA
116.284848,39.922000,145.1,9012,UAV-ALPHA
116.285253,39.922000,145.1,9013,UAV-ALPHA
116.285657,39.922000,145.1,9014,UAV-ALPHA
116.286061,39.922000,145.1,9015,UAV-ALPHA
116.286465,39.922000,145.1,9016,UAV-ALPHA
116.286869,39.922000,145.1,9017,UAV-ALPHA
116.287273,39.922000,145.1,9018,UAV-ALPHA
116.287677,39.922000,145.1,9019,UAV-ALPHA
116.288081,39.922000,145.1,9020,UAV-ALPHA
116.288485,39.922000,145.1,9021,UAV-ALPHA
116.288889,39.922000,145.1,9022,UAV-ALPHA
116.289293,39.922000,145.1,9023,UAV-ALPHA
116.289697,39.922000,145.1,9024,UAV-ALPHA
116.290101,39.922000,145.1,9025,UAV-ALPHA
116.290505,39.922000,145.1,9026,UAV-ALPHA
116.290909,39.922000,145.1,9027,UAV-ALPHA
116.291313,39.922000,145.1,9028,UAV-ALPHA
116.291717,39.922000,145.1,9029,UAV-ALPHA
116.292121,39.922000,145.1,9030,UAV-ALPHA
116.292525,39.922000,145.2,9031,UAV-ALPHA
116.292929,39.922000,145.2,9032,UAV-ALPHA
116.293333,39.922000,145.2,9033,UAV-ALPHA
116.293737,39.922000,145.2,9034,UAV-ALPHA
116.294141,39.922000,145.2,9035,UAV-ALPHA
116.294545,39.922000,145.2,9036,UAV-ALPHA
116.294949,39.922000,145.2,9037,UAV-ALPHA
116.295354,39.922000,145.2,9038,UAV-ALPHA
116.295758,39.922000,145.2,9039,UAV-ALPHA
116.296162,39.922000,145.2,9040,UAV-ALPHA
116.296566,39.922000,145.2,9041,UAV-ALPHA
116.296970,39.922000,145.2,9042,UAV-ALPHA
116.297374,39.922000,145.2,9043,UAV-ALPHA
116.297778,39.922000,145.2,9044,UAV-ALPHA
116.298182,39.922000,145.2,9045,UAV-ALPHA
116.298586,39.922000,145.2,9046,UAV-ALPHA
116.298990,39.922000,145.2,9047,UAV-ALPHA
116.299394,39.922000,145.2,9048,UAV-ALPHA
116.299798,39.922000,145.2,9049,UAV-ALPHA
116.300202,39.922000,145.2,9050,UAV-ALPHA
116.300606,39.922000,145.3,9051,UAV-ALPHA
116.301010,39.922000,145.3,9052,UAV-ALPHA
116.301414,39.922000,145.3,9053,UAV-ALPHA
116.301818,39.922000,145.3,9054,UAV-ALPHA
116.302222,39.922000,145.3,9055,UAV-ALPHA
116.302626,39.922000,145.3,9056,UAV-ALPHA
116.303030,39.922000,145.3,9057,UAV-ALPHA
116.303434,39.922000,145.3,9058,UAV-ALPHA
116.303838,39.922000,145.3,9059,UAV-ALPHA
116.304242,39.922000,145.3,9060,UAV-ALPHA
116.304646,39.922000,145.3,9061,UAV-ALPHA
116.305051,39.922000,145.3,9062,UAV-ALPHA
116.305455,39.922000,145.3,9063,UAV-ALPHA
116.305859,39.922000,145.3,9064,UAV-ALPHA
116.306263,39.922000,145.3,9065,UAV-ALPHA
116.306667,39.922000,145.3,9066,UAV-ALPHA
116.307071,39.922000,145.3,9067,UAV-ALPHA
116.307475,39.922000,145.3,9068,UAV-ALPHA
116.307879,39.922000,145.3,9069,UAV-ALPHA
116.308283,39.922000,145.3,9070,UAV-ALPHA
116.308687,39.922000,145.4,9071,UAV-ALPHA
116.309091,39.922000,145.4,9072,UAV-ALPHA
116.309495,39.922000,145.4,9073,UAV-ALPHA
116.309899,39.922000,145.4,9074,UAV-ALPHA
116.310303,39.922000,145.4,9075,UAV-ALPHA
116.310707,39.922000,145.4,9076,UAV-ALPHA
116.311111,39.922000,145.4,9077,UAV-ALPHA
116.311515,39.922000,145.4,9078,UAV-ALPHA
116.311919,39.922000,145.4,9079,UAV-ALPHA
116.312323,39.922000,145.4,9080,UAV-ALPHA
116.312727,39.922000,145.4,9081,UAV-ALPHA
116.313131,39.922000,145.4,9082,UAV-ALPHA
116.313535,39.922000,145.4,9083,UAV-ALPHA
116.313939,39.922000,145.4,9084,UAV-ALPHA
116.314343,39.922000,145.4,9085,UAV-ALPHA
116.314747,39.922000,145.4,9086,UAV-ALPHA
116.315152,39.922000,145.4,9087,UAV-ALPHA
116.315556,39.922000,145.4,9088,UAV-ALPHA
116.315960,39.922000,145.4,9089,UAV-ALPHA
116.316364,39.922000,145.4,9090,UAV-ALPHA
116.316768,39.922000,145.5,9091,UAV-ALPHA
116.317172,39.922000,145.5,9092,UAV-ALPHA
116.317576,39.922000,145.5,9093,UAV-ALPHA
116.317980,39.922000,145.5,9094,UAV-ALPHA
116.318384,39.922000,145.5,9095,UAV-ALPHA
116.318788,39.922000,145.5,9096,UAV-ALPHA
116.319192,39.922000,145.5,9097,UAV-ALPHA
116.319596,39.922000,145.5,9098,UAV-ALPHA
116.320000,39.922000,145.5,9099,UAV-ALPHA
116.320000,39.922300,145.5,9100,UAV-ALPHA
116.319596,39.922300,145.5,9101,UAV-ALPHA
116.319192,39.922300,145.5,9102,UAV-ALPHA
116.318788,39.922300,145.5,9103,UAV-ALPHA
116.318384,39.922300,145.5,9104,UAV-ALPHA
116.317980,39.922300,145.5,9105,UAV-ALPHA
116.317576,39.922300,145.5,9106,UAV-ALPHA
116.317172,39.922300,145.5,9107,UAV-ALPHA
116.316768,39.922300,145.5,9108,UAV-ALPHA
116.316364,39.922300,145.5,9109,UAV-ALPHA
116.315960,39.922300,145.5,9110,UAV-ALPHA
116.315556,39.922300,145.6,9111,UAV-ALPHA
116.315152,39.922300,145.6,9112,UAV-ALPHA
116.314747,39.922300,145.6,9113,UAV-ALPHA
116.314343,39.922300,145.6,9114,UAV-ALPHA
116.313939,39.922300,145.6,9115,UAV-ALPHA
116.313535,39.922300,145.6,9116,UAV-ALPHA
116.313131,39.922300,145.6,9117,UAV-ALPHA
116.312727,39.922300,145.6,9118,UAV-ALPHA
116.312323,39.922300,145.6,9119,UAV-ALPHA
116.311919,39.922300,145.6,9120,UAV-ALPHA
116.311515,39.922300,145.6,9121,UAV-ALPHA
116.311111,39.922300,145.6,9122,UAV-ALPHA
116.310707,39.922300,145.6,9123,UAV-ALPHA
116.310303,39.922300,145.6,9124,UAV-ALPHA
116.309899,39.922300,145.6,9125,UAV-ALPHA
116.309495,39.922300,145.6,9126,UAV-ALPHA
116.309091,39.922300,145.6,9127,UAV-ALPHA
116.308687,39.922300,145.6,9128,UAV-ALPHA
116.308283,39.922300,145.6,9129,UAV-ALPHA
116.307879,39.922300,145.6,9130,UAV-ALPHA
116.307475,39.922300,145.7,9131,UAV-ALPHA
116.307071,39.922300,145.7,9132,UAV-ALPHA
116.306667,39.922300,145.7,9133,UAV-ALPHA
116.306263,39.922300,145.7,9134,UAV-ALPHA
116.305859,39.922300,145.7,9135,UAV-ALPHA
116.305455,39.922300,145.7,9136,UAV-ALPHA
116.305051,39.922300,145.7,9137,UAV-ALPHA
116.304646,39.922300,145.7,9138,UAV-ALPHA
116.304242,39.922300,145.7,9139,UAV-ALPHA
116.303838,39.922300,145.7,9140,UAV-ALPHA
116.303434,39.922300,145.7,9141,UAV-ALPHA
116.303030,39.922300,145.7,9142,UAV-ALPHA
116.302626,39.922300,145.7,9143,UAV-ALPHA
116.302222,39.922300,145.7,9144,UAV-ALPHA
116.301818,39.922300,145.7,9145,UAV-ALPHA
116.301414,39.922300,145.7,9146,UAV-ALPHA
116.301010,39.922300,145.7,9147,UAV-ALPHA
116.300606,39.922300,145.7,9148,UAV-ALPHA
116.300202,39.922300,145.7,9149,UAV-ALPHA
116.299798,39.922300,145.7,9150,UAV-ALPHA
116.299394,39.922300,145.8,9151,UAV-ALPHA
116.298990,39.922300,145.8,9152,UAV-ALPHA
116.298586,39.922300,145.8,9153,UAV-ALPHA
116.298182,39.922300,145.8,9154,UAV-ALPHA
116.297778,39.922300,145.8,9155,UAV-ALPHA
116.297374,39.922300,145.8,9156,UAV-ALPHA
116.296970,39.922300,145.8,9157,UAV-ALPHA
116.296566,39.922300,145.8,9158,UAV-ALPHA
116.296162,39.922300,145.8,9159,UAV-ALPHA
116.295758,39.922300,145.8,9160,UAV-ALPHA
116.295354,39.922300,145.8,9161,UAV-ALPHA
116.294949,39.922300,145.8,9162,UAV-ALPHA
116.294545,39.922300,145.8,9163,UAV-ALPHA
116.294141,39.922300,145.8,9164,UAV-ALPHA
116.293737,39.922300,145.8,9165,UAV-ALPHA
116.293333,39.922300,145.8,9166,UAV-ALPHA
116.292929,39.922300,145.8,9167,UAV-ALPHA
116.292525,39.922300,145.8,9168,UAV-ALPHA
116.292121,39.922300,145.8,9169,UAV-ALPHA
116.291717,39.922300,145.8,9170,UAV-ALPHA
116.291313,39.922300,145.9,9171,UAV-ALPHA
116.290909,39.922300,145.9,9172,UAV-ALPHA
116.290505,39.922300,145.9,9173,UAV-ALPHA
116.290101,39.922300,145.9,9174,UAV-ALPHA
116.289697,39.922300,145.9,9175,UAV-ALPHA
116.289293,39.922300,145.9,9176,UAV-ALPHA
116.288889,39.922300,145.9,9177,UAV-ALPHA
116.288485,39.922300,145.9,9178,UAV-ALPHA
116.288081,39.922300,145.9,9179,UAV-ALPHA
116.287677,39.922300,145.9,9180,UAV-ALPHA
116.287273,39.922300,145.9,9181,UAV-ALPHA
116.286869,39.922300,145.9,9182,UAV-ALPHA
116.286465,39.922300,145.9,9183,UAV-ALPHA
116.286061,39.922300,145.9,9184,UAV-ALPHA
116.285657,39.922300,145.9,9185,UAV-ALPHA
116.285253,39.922300,145.9,9186,UAV-ALPHA
116.284848,39.922300,145.9,9187,UAV-ALPHA
116.284444,39.922300,145.9,9188,UAV-ALPHA
116.284040,39.922300,145.9,9189,UAV-ALPHA
116.283636,39.922300,145.9,9190,UAV-ALPHA
116.283232,39.922300,146.0,9191,UAV-ALPHA
116.282828,39.922300,146.0,9192,UAV-ALPHA
116.282424,39.922300,146.0,9193,UAV-ALPHA
116.282020,39.922300,146.0,9194,UAV-ALPHA
116.281616,39.922300,146.0,9195,UAV-ALPHA
116.281212,39.922300,146.0,9196,UAV-ALPHA
116.280808,39.922300,146.0,9197,UAV-ALPHA
116.280404,39.922300,146.0,9198,UAV-ALPHA
116.280000,39.922300,146.0,9199,UAV-ALPHA
116.280000,39.922600,146.0,9200,UAV-ALPHA
116.280404,39.922600,146.0,9201,UAV-ALPHA
116.280808,39.922600,146.0,9202,UAV-ALPHA
116.281212,39.922600,146.0,9203,UAV-ALPHA
116.281616,39.922600,146.0,9204,UAV-ALPHA
116.282020,39.922600,146.0,9205,UAV-ALPHA
116.282424,39.922600,146.0,9206,UAV-ALPHA
116.282828,39.922600,146.0,9207,UAV-ALPHA
116.283232,39.922600,146.0,9208,UAV-ALPHA
116.283636,39.922600,146.0,9209,UAV-ALPHA
116.284040,39.922600,146.0,9210,UAV-ALPHA
116.284444,39.922600,146.1,9211,UAV-ALPHA
116.284848,39.922600,146.1,9212,UAV-ALPHA
116.285253,39.922600,146.1,9213,UAV-ALPHA
116.285657,39.922600,146.1,9214,UAV-ALPHA
116.286061,39.922600,146.1,9215,UAV-ALPHA
116.286465,39.922600,146.1,9216,UAV-ALPHA
116.286869,39.922600,146.1,9217,UAV-ALPHA
116.287273,39.922600,146.1,9218,UAV-ALPHA
116.287677,39.922600,146.1,9219,UAV-ALPHA
116.288081,39.922600,146.1,9220,UAV-ALPHA
116.288485,39.922600,146.1,9221,UAV-ALPHA
116.288889,39.922600,146.1,9222,UAV-ALPHA
116.289293,39.922600,146.1,9223,UAV-ALPHA
116.289697,39.922600,146.1,9224,UAV-ALPHA
116.290101,39.922600,146.1,9225,UAV-ALPHA
116.290505,39.922600,146.1,9226,UAV-ALPHA
116.290909,39.922600,146.1,9227,UAV-ALPHA
116.291313,39.922600,146.1,9228,UAV-ALPHA
116.291717,39.922600,146.1,9229,UAV-ALPHA
116.292121,39.922600,146.1,9230,UAV-ALPHA
116.292525,39.922600,146.2,9231,UAV-ALPHA
116.292929,39.922600,146.2,9232,UAV-ALPHA
116.293333,39.922600,146.2,9233,UAV-ALPHA
116.293737,39.922600,146.2,9234,UAV-ALPHA
116.294141,39.922600,146.2,9235,UAV-ALPHA
116.294545,39.922600,146.2,9236,UAV-ALPHA
116.294949,39.922600,146.2,9237,UAV-ALPHA
116.295354,39.922600,146.2,9238,UAV-ALPHA
116.295758,39.922600,146.2,9239,UAV-ALPHA
116.296162,39.922600,146.2,9240,UAV-ALPHA
116.296566,39.922600,146.2,9241,UAV-ALPHA
116.296970,39.922600,146.2,9242,UAV-ALPHA
116.297374,39.922600,146.2,9243,UAV-ALPHA
116.297778,39.922600,146.2,9244,UAV-ALPHA
116.298182,39.922600,146.2,9245,UAV-ALPHA
116.298586,39.922600,146.2,9246,UAV-ALPHA
116.298990,39.922600,146.2,9247,UAV-ALPHA
116.299394,39.922600,146.2,9248,UAV-ALPHA
116.299798,39.922600,146.2,9249,UAV-ALPHA
116.300202,39.922600,146.2,9250,UAV-ALPHA
116.300606,39.922600,146.3,9251,UAV-ALPHA
116.301010,39.922600,146.3,9252,UAV-ALPHA
116.301414,39.922600,146.3,9253,UAV-ALPHA
116.301818,39.922600,146.3,9254,UAV-ALPHA
116.302222,39.922600,146.3,9255,UAV-ALPHA
116.302626,39.922600,146.3,9256,UAV-ALPHA
116.303030,39.922600,146.3,9257,UAV-ALPHA
116.303434,39.922600,146.3,9258,UAV-ALPHA
116.303838,39.922600,146.3,9259,UAV-ALPHA
116.304242,39.922600,146.3,9260,UAV-ALPHA
116.304646,39.922600,146.3,9261,UAV-ALPHA
116.305051,39.922600,146.3,9262,UAV-ALPHA
116.305455,39.922600,146.3,9263,UAV-ALPHA
116.305859,39.922600,146.3,9264,UAV-ALPHA
116.306263,39.922600,146.3,9265,UAV-ALPHA
116.306667,39.922600,146.3,9266,UAV-ALPHA
116.307071,39.922600,146.3,9267,UAV-ALPHA
116.307475,39.922600,146.3,9268,UAV-ALPHA
116.307879,39.922600,146.3,9269,UAV-ALPHA
116.308283,39.922600,146.3,9270,UAV-ALPHA
116.308687,39.922600,146.4,9271,UAV-ALPHA
116.309091,39.922600,146.4,9272,UAV-ALPHA
116.309495,39.922600,146.4,9273,UAV-ALPHA
116.309899,39.922600,146.4,9274,UAV-ALPHA
116.310303,39.922600,146.4,9275,UAV-ALPHA
116.310707,39.922600,146.4,9276,UAV-ALPHA
116.311111,39.922600,146.4,9277,UAV-ALPHA
116.311515,39.922600,146.4,9278,UAV-ALPHA
116.311919,39.922600,146.4,9279,UAV-ALPHA
116.312323,39.922600,146.4,9280,UAV-ALPHA
116.312727,39.922600,146.4,9281,UAV-ALPHA
116.313131,39.922600,146.4,9282,UAV-ALPHA
116.313535,39.922600,146.4,9283,UAV-ALPHA
116.313939,39.922600,146.4,9284,UAV-ALPHA
116.314343,39.922600,146.4,9285,UAV-ALPHA
116.314747,39.922600,146.4,9286,UAV-ALPHA
116.315152,39.922600,146.4,9287,UAV-ALPHA
116.315556,39.922600,146.4,9288,UAV-ALPHA
116.315960,39.922600,146.4,9289,UAV-ALPHA
116.316364,39.922600,146.4,9290,UAV-ALPHA
116.316768,39.922600,146.5,9291,UAV-ALPHA
116.317172,39.922600,146.5,9292,UAV-ALPHA
116.317576,39.922600,146.5,9293,UAV-ALPHA
116.317980,39.922600,146.5,9294,UAV-ALPHA
116.318384,39.922600,146.5,9295,UAV-ALPHA
116.318788,39.922600,146.5,9296,UAV-ALPHA
116.319192,39.922600,146.5,9297,UAV-ALPHA
116.319596,39.922600,146.5,9298,UAV-ALPHA
116.320000,39.922600,146.5,9299,UAV-ALPHA
116.320000,39.922900,146.5,9300,UAV-ALPHA
116.319596,39.922900,146.5,9301,UAV-ALPHA
116.319192,39.922900,146.5,9302,UAV-ALPHA
116.318788,39.922900,146.5,9303,UAV-ALPHA
116.318384,39.922900,146.5,9304,UAV-ALPHA
116.317980,39.922900,146.5,9305,UAV-ALPHA
116.317576,39.922900,146.5,9306,UAV-ALPHA
116.317172,39.922900,146.5,9307,UAV-ALPHA
116.316768,39.922900,146.5,9308,UAV-ALPHA
116.316364,39.922900,146.5,9309,UAV-ALPHA
116.315960,39.922900,146.5,9310,UAV-ALPHA
116.315556,39.922900,146.6,9311,UAV-ALPHA
116.315152,39.922900,146.6,9312,UAV-ALPHA
116.314747,39.922900,146.6,9313,UAV-ALPHA
116.314343,39.922900,146.6,9314,UAV-ALPHA
116.313939,39.922900,146.6,9315,UAV-ALPHA
116.313535,39.922900,146.6,9316,UAV-ALPHA
116.313131,39.922900,146.6,9317,UAV-ALPHA
116.312727,39.922900,146.6,9318,UAV-ALPHA
116.312323,39.922900,146.6,9319,UAV-ALPHA
116.311919,39.922900,146.6,9320,UAV-ALPHA
116.311515,39.922900,146.6,9321,UAV-ALPHA
116.311111,39.922900,146.6,9322,UAV-ALPHA
116.310707,39.922900,146.6,9323,UAV-ALPHA
116.310303,39.922900,146.6,9324,UAV-ALPHA
116.309899,39.922900,146.6,9325,UAV-ALPHA
116.309495,39.922900,146.6,9326,UAV-ALPHA
116.309091,39.922900,146.6,9327,UAV-ALPHA
116.308687,39.922900,146.6,9328,UAV-ALPHA
116.308283,39.922900,146.6,9329,UAV-ALPHA
116.307879,39.922900,146.6,9330,UAV-ALPHA
116.307475,39.922900,146.7,9331,UAV-ALPHA
116.307071,39.922900,146.7,9332,UAV-ALPHA
116.306667,39.922900,146.7,9333,UAV-ALPHA
116.306263,39.922900,146.7,9334,UAV-ALPHA
116.305859,39.922900,146.7,9335,UAV-ALPHA
116.305455,39.922900,146.7,9336,UAV-ALPHA
116.305051,39.922900,146.7,9337,UAV-ALPHA
116.304646,39.922900,146.7,9338,UAV-ALPHA
116.304242,39.922900,146.7,9339,UAV-ALPHA
116.303838,39.922900,146.7,9340,UAV-ALPHA
116.303434,39.922900,146.7,9341,UAV-ALPHA
116.303030,39.922900,146.7,9342,UAV-ALPHA
116.302626,39.922900,146.7,9343,UAV-ALPHA
116.302222,39.922900,146.7,9344,UAV-ALPHA
116.301818,39.922900,146.7,9345,UAV-ALPHA
116.301414,39.922900,146.7,9346,UAV-ALPHA
116.301010,39.922900,146.7,9347,UAV-ALPHA
116.300606,39.922900,146.7,9348,UAV-ALPHA
116.300202,39.922900,146.7,9349,UAV-ALPHA
116.299798,39.922900,146.7,9350,UAV-ALPHA
116.299394,39.922900,146.8,9351,UAV-ALPHA
116.298990,39.922900,146.8,9352,UAV-ALPHA
116.298586,39.922900,146.8,9353,UAV-ALPHA
116.298182,39.922900,146.8,9354,UAV-ALPHA
116.297778,39.922900,146.8,9355,UAV-ALPHA
116.297374,39.922900,146.8,9356,UAV-ALPHA
116.296970,39.922900,146.8,9357,UAV-ALPHA
116.296566,39.922900,146.8,9358,UAV-ALPHA
116.296162,39.922900,146.8,9359,UAV-ALPHA
116.295758,39.922900,146.8,9360,UAV-ALPHA
116.295354,39.922900,146.8,9361,UAV-ALPHA
116.294949,39.922900,146.8,9362,UAV-ALPHA
116.294545,39.922900,146.8,9363,UAV-ALPHA
116.294141,39.922900,146.8,9364,UAV-ALPHA
116.293737,39.922900,146.8,9365,UAV-ALPHA
116.293333,39.922900,146.8,9366,UAV-ALPHA
116.292929,39.922900,146.8,9367,UAV-ALPHA
116.292525,39.922900,146.8,9368,UAV-ALPHA
116.292121,39.922900,146.8,9369,UAV-ALPHA
116.291717,39.922900,146.8,9370,UAV-ALPHA
116.291313,39.922900,146.9,9371,UAV-ALPHA
116.290909,39.922900,146.9,9372,UAV-ALPHA
116.290505,39.922900,146.9,9373,UAV-ALPHA
116.290101,39.922900,146.9,9374,UAV-ALPHA
116.289697,39.922900,146.9,9375,UAV-ALPHA
116.289293,39.922900,146.9,9376,UAV-ALPHA
116.288889,39.922900,146.9,9377,UAV-ALPHA
116.288485,39.922900,146.9,9378,UAV-ALPHA
116.288081,39.922900,146.9,9379,UAV-ALPHA
116.287677,39.922900,146.9,9380,UAV-ALPHA
116.287273,39.922900,146.9,9381,UAV-ALPHA
116.286869,39.922900,146.9,9382,UAV-ALPHA
116.286465,39.922900,146.9,9383,UAV-ALPHA
116.286061,39.922900,146.9,9384,UAV-ALPHA
116.285657,39.922900,146.9,9385,UAV-ALPHA
116.285253,39.922900,146.9,9386,UAV-ALPHA
116.284848,39.922900,146.9,9387,UAV-ALPHA
116.284444,39.922900,146.9,9388,UAV-ALPHA
116.284040,39.922900,146.9,9389,UAV-ALPHA
116.283636,39.922900,146.9,9390,UAV-ALPHA
116.283232,39.922900,147.0,9391,UAV-ALPHA
116.282828,39.922900,147.0,9392,UAV-ALPHA
116.282424,39.922900,147.0,9393,UAV-ALPHA
116.282020,39.922900,147.0,9394,UAV-ALPHA
116.281616,39.922900,147.0,9395,UAV-ALPHA
116.281212,39.922900,147.0,9396,UAV-ALPHA
116.280808,39.922900,147.0,9397,UAV-ALPHA
116.280404,39.922900,147.0,9398,UAV-ALPHA
116.280000,39.922900,147.0,9399,UAV-ALPHA
116.280000,39.923200,147.0,9400,UAV-ALPHA
116.280404,39.923200,147.0,9401,UAV-ALPHA
116.280808,39.923200,147.0,9402,UAV-ALPHA
116.281212,39.923200,147.0,9403,UAV-ALPHA
116.281616,39.923200,147.0,9404,UAV-ALPHA
116.282020,39.923200,147.0,9405,UAV-ALPHA
116.282424,39.923200,147.0,9406,UAV-ALPHA
116.282828,39.923200,147.0,9407,UAV-ALPHA
116.283232,39.923200,147.0,9408,UAV-ALPHA
116.283636,39.923200,147.0,9409,UAV-ALPHA
116.284040,39.923200,147.0,9410,UAV-ALPHA
116.284444,39.923200,147.1,9411,UAV-ALPHA
116.284848,39.923200,147.1,9412,UAV-ALPHA
116.285253,39.923200,147.1,9413,UAV-ALPHA
116.285657,39.923200,147.1,9414,UAV-ALPHA
116.286061,39.923200,147.1,9415,UAV-ALPHA
116.286465,39.923200,147.1,9416,UAV-ALPHA
116.286869,39.923200,147.1,9417,UAV-ALPHA
116.287273,39.923200,147.1,9418,UAV-ALPHA
116.287677,39.923200,147.1,9419,UAV-ALPHA
116.288081,39.923200,147.1,9420,UAV-ALPHA
116.288485,39.923200,147.1,9421,UAV-ALPHA
116.288889,39.923200,147.1,9422,UAV-ALPHA
116.289293,39.923200,147.1,9423,UAV-ALPHA
116.289697,39.923200,147.1,9424,UAV-ALPHA
116.290101,39.923200,147.1,9425,UAV-ALPHA
116.290505,39.923200,147.1,9426,UAV-ALPHA
116.290909,39.923200,147.1,9427,UAV-ALPHA
116.291313,39.923200,147.1,9428,UAV-ALPHA
116.291717,39.923200,147.1,9429,UAV-ALPHA
116.292121,39.923200,147.1,9430,UAV-ALPHA
116.292525,39.923200,147.2,9431,UAV-ALPHA
116.292929,39.923200,147.2,9432,UAV-ALPHA
116.293333,39.923200,147.2,9433,UAV-ALPHA
116.293737,39.923200,147.2,9434,UAV-ALPHA
116.294141,39.923200,147.2,9435,UAV-ALPHA
116.294545,39.923200,147.2,9436,UAV-ALPHA
116.294949,39.923200,147.2,9437,UAV-ALPHA
116.295354,39.923200,147.2,9438,UAV-ALPHA
116.295758,39.923200,147.2,9439,UAV-ALPHA
116.296162,39.923200,147.2,9440,UAV-ALPHA
116.296566,39.923200,147.2,9441,UAV-ALPHA
116.296970,39.923200,147.2,9442,UAV-ALPHA
116.297374,39.923200,147.2,9443,UAV-ALPHA
116.297778,39.923200,147.2,9444,UAV-ALPHA
116.298182,39.923200,147.2,9445,UAV-ALPHA
116.298586,39.923200,147.2,9446,UAV-ALPHA
116.298990,39.923200,147.2,9447,UAV-ALPHA
116.299394,39.923200,147.2,9448,UAV-ALPHA
116.299798,39.923200,147.2,9449,UAV-ALPHA
116.300202,39.923200,147.2,9450,UAV-ALPHA
116.300606,39.923200,147.3,9451,UAV-ALPHA
116.301010,39.923200,147.3,9452,UAV-ALPHA
116.301414,39.923200,147.3,9453,UAV-ALPHA
116.301818,39.923200,147.3,9454,UAV-ALPHA
116.302222,39.923200,147.3,9455,UAV-ALPHA
116.302626,39.923200,147.3,9456,UAV-ALPHA
116.303030,39.923200,147.3,9457,UAV-ALPHA
116.303434,39.923200,147.3,9458,UAV-ALPHA
116.303838,39.923200,147.3,9459,UAV-ALPHA
116.304242,39.923200,147.3,9460,UAV-ALPHA
116.304646,39.923200,147.3,9461,UAV-ALPHA
116.305051,39.923200,147.3,9462,UAV-ALPHA
116.305455,39.923200,147.3,9463,UAV-ALPHA
116.305859,39.923200,147.3,9464,UAV-ALPHA
116.306263,39.923200,147.3,9465,UAV-ALPHA
116.306667,39.923200,147.3,9466,UAV-ALPHA
116.307071,39.923200,147.3,9467,UAV-ALPHA
116.307475,39.923200,147.3,9468,UAV-ALPHA
116.307879,39.923200,147.3,9469,UAV-ALPHA
116.308283,39.923200,147.3,9470,UAV-ALPHA
116.308687,39.923200,147.4,9471,UAV-ALPHA
116.309091,39.923200,147.4,9472,UAV-ALPHA
116.309495,39.923200,147.4,9473,UAV-ALPHA
116.309899,39.923200,147.4,9474,UAV-ALPHA
116.310303,39.923200,147.4,9475,UAV-ALPHA
116.310707,39.923200,147.4,9476,UAV-ALPHA
116.311111,39.923200,147.4,9477,UAV-ALPHA
116.311515,39.923200,147.4,9478,UAV-ALPHA
116.311919,39.923200,147.4,9479,UAV-ALPHA
116.312323,39.923200,147.4,9480,UAV-ALPHA
116.312727,39.923200,147.4,9481,UAV-ALPHA
116.313131,39.923200,147.4,9482,UAV-ALPHA
116.313535,39.923200,147.4,9483,UAV-ALPHA
116.313939,39.923200,147.4,9484,UAV-ALPHA
116.314343,39.923200,147.4,9485,UAV-ALPHA
116.314747,39.923200,147.4,9486,UAV-ALPHA
116.315152,39.923200,147.4,9487,UAV-ALPHA
116.315556,39.923200,147.4,9488,UAV-ALPHA
116.315960,39.923200,147.4,9489,UAV-ALPHA
116.316364,39.923200,147.4,9490,UAV-ALPHA
116.316768,39.923200,147.5,9491,UAV-ALPHA
116.317172,39.923200,147.5,9492,UAV-ALPHA
116.317576,39.923200,147.5,9493,UAV-ALPHA
116.317980,39.923200,147.5,9494,UAV-ALPHA
116.318384,39.923200,147.5,9495,UAV-ALPHA
116.318788,39.923200,147.5,9496,UAV-ALPHA
116.319192,39.923200,147.5,9497,UAV-ALPHA
116.319596,39.923200,147.5,9498,UAV-ALPHA
116.320000,39.923200,147.5,9499,UAV-ALPHA
116.320000,39.923500,147.5,9500,UAV-ALPHA
116.319596,39.923500,147.5,9501,UAV-ALPHA
116.319192,39.923500,147.5,9502,UAV-ALPHA
116.318788,39.923500,147.5,9503,UAV-ALPHA
116.318384,39.923500,147.5,9504,UAV-ALPHA
116.317980,39.923500,147.5,9505,UAV-ALPHA
116.317576,39.923500,147.5,9506,UAV-ALPHA
116.317172,39.923500,147.5,9507,UAV-ALPHA
116.316768,39.923500,147.5,9508,UAV-ALPHA
116.316364,39.923500,147.5,9509,UAV-ALPHA
116.315960,39.923500,147.5,9510,UAV-ALPHA
116.315556,39.923500,147.6,9511,UAV-ALPHA
116.315152,39.923500,147.6,9512,UAV-ALPHA
116.314747,39.923500,147.6,9513,UAV-ALPHA
116.314343,39.923500,147.6,9514,UAV-ALPHA
116.313939,39.923500,147.6,9515,UAV-ALPHA
116.313535,39.923500,147.6,9516,UAV-ALPHA
116.313131,39.923500,147.6,9517,UAV-ALPHA
116.312727,39.923500,147.6,9518,UAV-ALPHA
116.312323,39.923500,147.6,9519,UAV-ALPHA
116.311919,39.923500,147.6,9520,UAV-ALPHA
116.311515,39.923500,147.6,9521,UAV-ALPHA
116.311111,39.923500,147.6,9522,UAV-ALPHA
116.310707,39.923500,147.6,9523,UAV-ALPHA
116.310303,39.923500,147.6,9524,UAV-ALPHA
116.309899,39.923500,147.6,9525,UAV-ALPHA
116.309495,39.923500,147.6,9526,UAV-ALPHA
116.309091,39.923500,147.6,9527,UAV-ALPHA
116.308687,39.923500,147.6,9528,UAV-ALPHA
116.308283,39.923500,147.6,9529,UAV-ALPHA
116.307879,39.923500,147.6,9530,UAV-ALPHA
116.307475,39.923500,147.7,9531,UAV-ALPHA
116.307071,39.923500,147.7,9532,UAV-ALPHA
116.306667,39.923500,147.7,9533,UAV-ALPHA
116.306263,39.923500,147.7,9534,UAV-ALPHA
116.305859,39.923500,147.7,9535,UAV-ALPHA
116.305455,39.923500,147.7,9536,UAV-ALPHA
116.305051,39.923500,147.7,9537,UAV-ALPHA
116.304646,39.923500,147.7,9538,UAV-ALPHA
116.304242,39.923500,147.7,9539,UAV-ALPHA
116.303838,39.923500,147.7,9540,UAV-ALPHA
116.303434,39.923500,147.7,9541,UAV-ALPHA
116.303030,39.923500,147.7,9542,UAV-ALPHA
116.302626,39.923500,147.7,9543,UAV-ALPHA
116.302222,39.923500,147.7,9544,UAV-ALPHA
116.301818,39.923500,147.7,9545,UAV-ALPHA
116.301414,39.923500,147.7,9546,UAV-ALPHA
116.301010,39.923500,147.7,9547,UAV-ALPHA
116.300606,39.923500,147.7,9548,UAV-ALPHA
116.300202,39.923500,147.7,9549,UAV-ALPHA
116.299798,39.923500,147.7,9550,UAV-ALPHA
116.299394,39.923500,147.8,9551,UAV-ALPHA
116.298990,39.923500,147.8,9552,UAV-ALPHA
116.298586,39.923500,147.8,9553,UAV-ALPHA
116.298182,39.923500,147.8,9554,UAV-ALPHA
116.297778,39.923500,147.8,9555,UAV-ALPHA
116.297374,39.923500,147.8,9556,UAV-ALPHA
116.296970,39.923500,147.8,9557,UAV-ALPHA
116.296566,39.923500,147.8,9558,UAV-ALPHA
116.296162,39.923500,147.8,9559,UAV-ALPHA
116.295758,39.923500,147.8,9560,UAV-ALPHA
116.295354,39.923500,147.8,9561,UAV-ALPHA
116.294949,39.923500,147.8,9562,UAV-ALPHA
116.294545,39.923500,147.8,9563,UAV-ALPHA
116.294141,39.923500,147.8,9564,UAV-ALPHA
116.293737,39.923500,147.8,9565,UAV-ALPHA
116.293333,39.923500,147.8,9566,UAV-ALPHA
116.292929,39.923500,147.8,9567,UAV-ALPHA
116.292525,39.923500,147.8,9568,UAV-ALPHA
116.292121,39.923500,147.8,9569,UAV-ALPHA
116.291717,39.923500,147.8,9570,UAV-ALPHA
116.291313,39.923500,147.9,9571,UAV-ALPHA
116.290909,39.923500,147.9,9572,UAV-ALPHA
116.290505,39.923500,147.9,9573,UAV-ALPHA
116.290101,39.923500,147.9,9574,UAV-ALPHA
116.289697,39.923500,147.9,9575,UAV-ALPHA
116.289293,39.923500,147.9,9576,UAV-ALPHA
116.288889,39.923500,147.9,9577,UAV-ALPHA
116.288485,39.923500,147.9,9578,UAV-ALPHA
116.288081,39.923500,147.9,9579,UAV-ALPHA
116.287677,39.923500,147.9,9580,UAV-ALPHA
116.287273,39.923500,147.9,9581,UAV-ALPHA
116.286869,39.923500,147.9,9582,UAV-ALPHA
116.286465,39.923500,147.9,9583,UAV-ALPHA
116.286061,39.923500,147.9,9584,UAV-ALPHA
116.285657,39.923500,147.9,9585,UAV-ALPHA
116.285253,39.923500,147.9,9586,UAV-ALPHA
116.284848,39.923500,147.9,9587,UAV-ALPHA
116.284444,39.923500,147.9,9588,UAV-ALPHA
116.284040,39.923500,147.9,9589,UAV-ALPHA
116.283636,39.923500,147.9,9590,UAV-ALPHA
116.283232,39.923500,148.0,9591,UAV-ALPHA
116.282828,39.923500,148.0,9592,UAV-ALPHA
116.282424,39.923500,148.0,9593,UAV-ALPHA
116.282020,39.923500,148.0,9594,UAV-ALPHA
116.281616,39.923500,148.0,9595,UAV-ALPHA
116.281212,39.923500,148.0,9596,UAV-ALPHA
116.280808,39.923500,148.0,9597,UAV-ALPHA
116.280404,39.923500,148.0,9598,UAV-ALPHA
116.280000,39.923500,148.0,9599,UAV-ALPHA
116.280000,39.923800,148.0,9600,UAV-ALPHA
116.280404,39.923800,148.0,9601,UAV-ALPHA
116.280808,39.923800,148.0,9602,UAV-ALPHA
116.281212,39.923800,148.0,9603,UAV-ALPHA
116.281616,39.923800,148.0,9604,UAV-ALPHA
116.282020,39.923800,148.0,9605,UAV-ALPHA
116.282424,39.923800,148.0,9606,UAV-ALPHA
116.282828,39.923800,148.0,9607,UAV-ALPHA
116.283232,39.923800,148.0,9608,UAV-ALPHA
116.283636,39.923800,148.0,9609,UAV-ALPHA
116.284040,39.923800,148.0,9610,UAV-ALPHA
116.284444,39.923800,148.1,9611,UAV-ALPHA
116.284848,39.923800,148.1,9612,UAV-ALPHA
116.285253,39.923800,148.1,9613,UAV-ALPHA
116.285657,39.923800,148.1,9614,UAV-ALPHA
116.286061,39.923800,148.1,9615,UAV-ALPHA
116.286465,39.923800,148.1,9616,UAV-ALPHA
116.286869,39.923800,148.1,9617,UAV-ALPHA
116.287273,39.923800,148.1,9618,UAV-ALPHA
116.287677,39.923800,148.1,9619,UAV-ALPHA
116.288081,39.923800,148.1,9620,UAV-ALPHA
116.288485,39.923800,148.1,9621,UAV-ALPHA
116.288889,39.923800,148.1,9622,UAV-ALPHA
116.289293,39.923800,148.1,9623,UAV-ALPHA
116.289697,39.923800,148.1,9624,UAV-ALPHA
116.290101,39.923800,148.1,9625,UAV-ALPHA
116.290505,39.923800,148.1,9626,UAV-ALPHA
116.290909,39.923800,148.1,9627,UAV-ALPHA
116.291313,39.923800,148.1,9628,UAV-ALPHA
116.291717,39.923800,148.1,9629,UAV-ALPHA
116.292121,39.923800,148.1,9630,UAV-ALPHA
116.292525,39.923800,148.2,9631,UAV-ALPHA
116.292929,39.923800,148.2,9632,UAV-ALPHA
116.293333,39.923800,148.2,9633,UAV-ALPHA
116.293737,39.923800,148.2,9634,UAV-ALPHA
116.294141,39.923800,148.2,9635,UAV-ALPHA
116.294545,39.923800,148.2,9636,UAV-ALPHA
116.294949,39.923800,148.2,9637,UAV-ALPHA
116.295354,39.923800,148.2,9638,UAV-ALPHA
116.295758,39.923800,148.2,9639,UAV-ALPHA
116.296162,39.923800,148.2,9640,UAV-ALPHA
116.296566,39.923800,148.2,9641,UAV-ALPHA
116.296970,39.923800,148.2,9642,UAV-ALPHA
116.297374,39.923800,148.2,9643,UAV-ALPHA
116.297778,39.923800,148.2,9644,UAV-ALPHA
116.298182,39.923800,148.2,9645,UAV-ALPHA
116.298586,39.923800,148.2,9646,UAV-ALPHA
116.298990,39.923800,148.2,9647,UAV-ALPHA
116.299394,39.923800,148.2,9648,UAV-ALPHA
116.299798,39.923800,148.2,9649,UAV-ALPHA
116.300202,39.923800,148.2,9650,UAV-ALPHA
116.300606,39.923800,148.3,9651,UAV-ALPHA
116.301010,39.923800,148.3,9652,UAV-ALPHA
116.301414,39.923800,148.3,9653,UAV-ALPHA
116.301818,39.923800,148.3,9654,UAV-ALPHA
116.302222,39.923800,148.3,9655,UAV-ALPHA
116.302626,39.923800,148.3,9656,UAV-ALPHA
116.303030,39.923800,148.3,9657,UAV-ALPHA
116.303434,39.923800,148.3,9658,UAV-ALPHA
116.303838,39.923800,148.3,9659,UAV-ALPHA
116.304242,39.923800,148.3,9660,UAV-ALPHA
116.304646,39.923800,148.3,9661,UAV-ALPHA
116.305051,39.923800,148.3,9662,UAV-ALPHA
116.305455,39.923800,148.3,9663,UAV-ALPHA
116.305859,39.923800,148.3,9664,UAV-ALPHA
116.306263,39.923800,148.3,9665,UAV-ALPHA
116.306667,39.923800,148.3,9666,UAV-ALPHA
116.307071,39.923800,148.3,9667,UAV-ALPHA
116.307475,39.923800,148.3,9668,UAV-ALPHA
116.307879,39.923800,148.3,9669,UAV-ALPHA
116.308283,39.923800,148.3,9670,UAV-ALPHA
116.308687,39.923800,148.4,9671,UAV-ALPHA
116.309091,39.923800,148.4,9672,UAV-ALPHA
116.309495,39.923800,148.4,9673,UAV-ALPHA
116.309899,39.923800,148.4,9674,UAV-ALPHA
116.310303,39.923800,148.4,9675,UAV-ALPHA
116.310707,39.923800,148.4,9676,UAV-ALPHA
116.311111,39.923800,148.4,9677,UAV-ALPHA
116.311515,39.923800,148.4,9678,UAV-ALPHA
116.311919,39.923800,148.4,9679,UAV-ALPHA
116.312323,39.923800,148.4,9680,UAV-ALPHA
116.312727,39.923800,148.4,9681,UAV-ALPHA
116.313131,39.923800,148.4,9682,UAV-ALPHA
116.313535,39.923800,148.4,9683,UAV-ALPHA
116.313939,39.923800,148.4,9684,UAV-ALPHA
116.314343,39.923800,148.4,9685,UAV-ALPHA
116.314747,39.923800,148.4,9686,UAV-ALPHA
116.315152,39.923800,148.4,9687,UAV-ALPHA
116.315556,39.923800,148.4,9688,UAV-ALPHA
116.315960,39.923800,148.4,9689,UAV-ALPHA
116.316364,39.923800,148.4,9690,UAV-ALPHA
116.316768,39.923800,148.5,9691,UAV-ALPHA
116.317172,39.923800,148.5,9692,UAV-ALPHA
116.317576,39.923800,148.5,9693,UAV-ALPHA
116.317980,39.923800,148.5,9694,UAV-ALPHA
116.318384,39.923800,148.5,9695,UAV-ALPHA
116.318788,39.923800,148.5,9696,UAV-ALPHA
116.319192,39.923800,148.5,9697,UAV-ALPHA
116.319596,39.923800,148.5,9698,UAV-ALPHA
116.320000,39.923800,148.5,9699,UAV-ALPHA
116.320000,39.924100,148.5,9700,UAV-ALPHA
116.319596,39.924100,148.5,9701,UAV-ALPHA
116.319192,39.924100,148.5,9702,UAV-ALPHA
116.318788,39.924100,148.5,9703,UAV-ALPHA
116.318384,39.924100,148.5,9704,UAV-ALPHA
116.317980,39.924100,148.5,9705,UAV-ALPHA
116.317576,39.924100,148.5,9706,UAV-ALPHA
116.317172,39.924100,148.5,9707,UAV-ALPHA
116.316768,39.924100,148.5,9708,UAV-ALPHA
116.316364,39.924100,148.5,9709,UAV-ALPHA
116.315960,39.924100,148.5,9710,UAV-ALPHA
116.315556,39.924100,148.6,9711,UAV-ALPHA
116.315152,39.924100,148.6,9712,UAV-ALPHA
116.314747,39.924100,148.6,9713,UAV-ALPHA
116.314343,39.924100,148.6,9714,UAV-ALPHA
116.313939,39.924100,148.6,9715,UAV-ALPHA
116.313535,39.924100,148.6,9716,UAV-ALPHA
116.313131,39.924100,148.6,9717,UAV-ALPHA
116.312727,39.924100,148.6,9718,UAV-ALPHA
116.312323,39.924100,148.6,9719,UAV-ALPHA
116.311919,39.924100,148.6,9720,UAV-ALPHA
116.311515,39.924100,148.6,9721,UAV-ALPHA
116.311111,39.924100,148.6,9722,UAV-ALPHA
116.310707,39.924100,148.6,9723,UAV-ALPHA
116.310303,39.924100,148.6,9724,UAV-ALPHA
116.309899,39.924100,148.6,9725,UAV-ALPHA
116.309495,39.924100,148.6,9726,UAV-ALPHA
116.309091,39.924100,148.6,9727,UAV-ALPHA
116.308687,39.924100,148.6,9728,UAV-ALPHA
116.308283,39.924100,148.6,9729,UAV-ALPHA
116.307879,39.924100,148.6,9730,UAV-ALPHA
116.307475,39.924100,148.7,9731,UAV-ALPHA
116.307071,39.924100,148.7,9732,UAV-ALPHA
116.306667,39.924100,148.7,9733,UAV-ALPHA
116.306263,39.924100,148.7,9734,UAV-ALPHA
116.305859,39.924100,148.7,9735,UAV-ALPHA
116.305455,39.924100,148.7,9736,UAV-ALPHA
116.305051,39.924100,148.7,9737,UAV-ALPHA
116.304646,39.924100,148.7,9738,UAV-ALPHA
116.304242,39.924100,148.7,9739,UAV-ALPHA
116.303838,39.924100,148.7,9740,UAV-ALPHA
116.303434,39.924100,148.7,9741,UAV-ALPHA
116.303030,39.924100,148.7,9742,UAV-ALPHA
116.302626,39.924100,148.7,9743,UAV-ALPHA
116.302222,39.924100,148.7,9744,UAV-ALPHA
116.301818,39.924100,148.7,9745,UAV-ALPHA
116.301414,39.924100,148.7,9746,UAV-ALPHA
116.301010,39.924100,148.7,9747,UAV-ALPHA
116.300606,39.924100,148.7,9748,UAV-ALPHA
116.300202,39.924100,148.7,9749,UAV-ALPHA
116.299798,39.924100,148.7,9750,UAV-ALPHA
116.299394,39.924100,148.8,9751,UAV-ALPHA
116.298990,39.924100,148.8,9752,UAV-ALPHA
116.298586,39.924100,148.8,9753,UAV-ALPHA
116.298182,39.924100,148.8,9754,UAV-ALPHA
116.297778,39.924100,148.8,9755,UAV-ALPHA
116.297374,39.924100,148.8,9756,UAV-ALPHA
116.296970,39.924100,148.8,9757,UAV-ALPHA
116.296566,39.924100,148.8,9758,UAV-ALPHA
116.296162,39.924100,148.8,9759,UAV-ALPHA
116.295758,39.924100,148.8,9760,UAV-ALPHA
116.295354,39.924100,148.8,9761,UAV-ALPHA
116.294949,39.924100,148.8,9762,UAV-ALPHA
116.294545,39.924100,148.8,9763,UAV-ALPHA
116.294141,39.924100,148.8,9764,UAV-ALPHA
116.293737,39.924100,148.8,9765,UAV-ALPHA
116.293333,39.924100,148.8,9766,UAV-ALPHA
116.292929,39.924100,148.8,9767,UAV-ALPHA
116.292525,39.924100,148.8,9768,UAV-ALPHA
116.292121,39.924100,148.8,9769,UAV-ALPHA
116.291717,39.924100,148.8,9770,UAV-ALPHA
116.291313,39.924100,148.9,9771,UAV-ALPHA
116.290909,39.924100,148.9,9772,UAV-ALPHA
116.290505,39.924100,148.9,9773,UAV-ALPHA
116.290101,39.924100,148.9,9774,UAV-ALPHA
116.289697,39.924100,148.9,9775,UAV-ALPHA
116.289293,39.924100,148.9,9776,UAV-ALPHA
116.288889,39.924100,148.9,9777,UAV-ALPHA
116.288485,39.924100,148.9,9778,UAV-ALPHA
116.288081,39.924100,148.9,9779,UAV-ALPHA
116.287677,39.924100,148.9,9780,UAV-ALPHA
116.287273,39.924100,148.9,9781,UAV-ALPHA
116.286869,39.924100,148.9,9782,UAV-ALPHA
116.286465,39.924100,148.9,9783,UAV-ALPHA
116.286061,39.924100,148.9,9784,UAV-ALPHA
116.285657,39.924100,148.9,9785,UAV-ALPHA
116.285253,39.924100,148.9,9786,UAV-ALPHA
116.284848,39.924100,148.9,9787,UAV-ALPHA
116.284444,39.924100,148.9,9788,UAV-ALPHA
116.284040,39.924100,148.9,9789,UAV-ALPHA
116.283636,39.924100,148.9,9790,UAV-ALPHA
116.283232,39.924100,149.0,9791,UAV-ALPHA
116.282828,39.924100,149.0,9792,UAV-ALPHA
116.282424,39.924100,149.0,9793,UAV-ALPHA
116.282020,39.924100,149.0,9794,UAV-ALPHA
116.281616,39.924100,149.0,9795,UAV-ALPHA
116.281212,39.924100,149.0,9796,UAV-ALPHA
116.280808,39.924100,149.0,9797,UAV-ALPHA
116.280404,39.924100,149.0,9798,UAV-ALPHA
116.280000,39.924100,149.0,9799,UAV-ALPHA
116.280000,39.924400,149.0,9800,UAV-ALPHA
116.280404,39.924400,149.0,9801,UAV-ALPHA
116.280808,39.924400,149.0,9802,UAV-ALPHA
116.281212,39.924400,149.0,9803,UAV-ALPHA
116.281616,39.924400,149.0,9804,UAV-ALPHA
116.282020,39.924400,149.0,9805,UAV-ALPHA
116.282424,39.924400,149.0,9806,UAV-ALPHA
116.282828,39.924400,149.0,9807,UAV-ALPHA
116.283232,39.924400,149.0,9808,UAV-ALPHA
116.283636,39.924400,149.0,9809,UAV-ALPHA
116.284040,39.924400,149.0,9810,UAV-ALPHA
116.284444,39.924400,149.1,9811,UAV-ALPHA
116.284848,39.924400,149.1,9812,UAV-ALPHA
116.285253,39.924400,149.1,9813,UAV-ALPHA
116.285657,39.924400,149.1,9814,UAV-ALPHA
116.286061,39.924400,149.1,9815,UAV-ALPHA
116.286465,39.924400,149.1,9816,UAV-ALPHA
116.286869,39.924400,149.1,9817,UAV-ALPHA
116.287273,39.924400,149.1,9818,UAV-ALPHA
116.287677,39.924400,149.1,9819,UAV-ALPHA
116.288081,39.924400,149.1,9820,UAV-ALPHA
116.288485,39.924400,149.1,9821,UAV-ALPHA
116.288889,39.924400,149.1,9822,UAV-ALPHA
116.289293,39.924400,149.1,9823,UAV-ALPHA
116.289697,39.924400,149.1,9824,UAV-ALPHA
116.290101,39.924400,149.1,9825,UAV-ALPHA
116.290505,39.924400,149.1,9826,UAV-ALPHA
116.290909,39.924400,149.1,9827,UAV-ALPHA
116.291313,39.924400,149.1,9828,UAV-ALPHA
116.291717,39.924400,149.1,9829,UAV-ALPHA
116.292121,39.924400,149.1,9830,UAV-ALPHA
116.292525,39.924400,149.2,9831,UAV-ALPHA
116.292929,39.924400,149.2,9832,UAV-ALPHA
116.293333,39.924400,149.2,9833,UAV-ALPHA
116.293737,39.924400,149.2,9834,UAV-ALPHA
116.294141,39.924400,149.2,9835,UAV-ALPHA
116.294545,39.924400,149.2,9836,UAV-ALPHA
116.294949,39.924400,149.2,9837,UAV-ALPHA
116.295354,39.924400,149.2,9838,UAV-ALPHA
116.295758,39.924400,149.2,9839,UAV-ALPHA
116.296162,39.924400,149.2,9840,UAV-ALPHA
116.296566,39.924400,149.2,9841,UAV-ALPHA
116.296970,39.924400,149.2,9842,UAV-ALPHA
116.297374,39.924400,149.2,9843,UAV-ALPHA
116.297778,39.924400,149.2,9844,UAV-ALPHA
116.298182,39.924400,149.2,9845,UAV-ALPHA
116.298586,39.924400,149.2,9846,UAV-ALPHA
116.298990,39.924400,149.2,9847,UAV-ALPHA
116.299394,39.924400,149.2,9848,UAV-ALPHA
116.299798,39.924400,149.2,9849,UAV-ALPHA
116.300202,39.924400,149.2,9850,UAV-ALPHA
116.300606,39.924400,149.3,9851,UAV-ALPHA
116.301010,39.924400,149.3,9852,UAV-ALPHA
116.301414,39.924400,149.3,9853,UAV-ALPHA
116.301818,39.924400,149.3,9854,UAV-ALPHA
116.302222,39.924400,149.3,9855,UAV-ALPHA
116.302626,39.924400,149.3,9856,UAV-ALPHA
116.303030,39.924400,149.3,9857,UAV-ALPHA
116.303434,39.924400,149.3,9858,UAV-ALPHA
116.303838,39.924400,149.3,9859,UAV-ALPHA
116.304242,39.924400,149.3,9860,UAV-ALPHA
116.304646,39.924400,149.3,9861,UAV-ALPHA
116.305051,39.924400,149.3,9862,UAV-ALPHA
116.305455,39.924400,149.3,9863,UAV-ALPHA
116.305859,39.924400,149.3,9864,UAV-ALPHA
116.306263,39.924400,149.3,9865,UAV-ALPHA
116.306667,39.924400,149.3,9866,UAV-ALPHA
116.307071,39.924400,149.3,9867,UAV-ALPHA
116.307475,39.924400,149.3,9868,UAV-ALPHA
116.307879,39.924400,149.3,9869,UAV-ALPHA
116.308283,39.924400,149.3,9870,UAV-ALPHA
116.308687,39.924400,149.4,9871,UAV-ALPHA
116.309091,39.924400,149.4,9872,UAV-ALPHA
116.309495,39.924400,149.4,9873,UAV-ALPHA
116.309899,39.924400,149.4,9874,UAV-ALPHA
116.310303,39.924400,149.4,9875,UAV-ALPHA
116.310707,39.924400,149.4,9876,UAV-ALPHA
116.311111,39.924400,149.4,9877,UAV-ALPHA
116.311515,39.924400,149.4,9878,UAV-ALPHA
116.311919,39.924400,149.4,9879,UAV-ALPHA
116.312323,39.924400,149.4,9880,UAV-ALPHA
116.312727,39.924400,149.4,9881,UAV-ALPHA
116.313131,39.924400,149.4,9882,UAV-ALPHA
116.313535,39.924400,149.4,9883,UAV-ALPHA
116.313939,39.924400,149.4,9884,UAV-ALPHA
116.314343,39.924400,149.4,9885,UAV-ALPHA
116.314747,39.924400,149.4,9886,UAV-ALPHA
116.315152,39.924400,149.4,9887,UAV-ALPHA
116.315556,39.924400,149.4,9888,UAV-ALPHA
116.315960,39.924400,149.4,9889,UAV-ALPHA
116.316364,39.924400,149.4,9890,UAV-ALPHA
116.316768,39.924400,149.5,9891,UAV-ALPHA
116.317172,39.924400,149.5,9892,UAV-ALPHA
116.317576,39.924400,149.5,9893,UAV-ALPHA
116.317980,39.924400,149.5,9894,UAV-ALPHA
116.318384,39.924400,149.5,9895,UAV-ALPHA
116.318788,39.924400,149.5,9896,UAV-ALPHA
116.319192,39.924400,149.5,9897,UAV-ALPHA
116.319596,39.924400,149.5,9898,UAV-ALPHA
116.320000,39.924400,149.5,9899,UAV-ALPHA
116.320000,39.924700,149.5,9900,UAV-ALPHA
116.319596,39.924700,149.5,9901,UAV-ALPHA
116.319192,39.924700,149.5,9902,UAV-ALPHA
116.318788,39.924700,149.5,9903,UAV-ALPHA
116.318384,39.924700,149.5,9904,UAV-ALPHA
116.317980,39.924700,149.5,9905,UAV-ALPHA
116.317576,39.924700,149.5,9906,UAV-ALPHA
116.317172,39.924700,149.5,9907,UAV-ALPHA
116.316768,39.924700,149.5,9908,UAV-ALPHA
116.316364,39.924700,149.5,9909,UAV-ALPHA
116.315960,39.924700,149.5,9910,UAV-ALPHA
116.315556,39.924700,149.6,9911,UAV-ALPHA
116.315152,39.924700,149.6,9912,UAV-ALPHA
116.314747,39.924700,149.6,9913,UAV-ALPHA
116.314343,39.924700,149.6,9914,UAV-ALPHA
116.313939,39.924700,149.6,9915,UAV-ALPHA
116.313535,39.924700,149.6,9916,UAV-ALPHA
116.313131,39.924700,149.6,9917,UAV-ALPHA
116.312727,39.924700,149.6,9918,UAV-ALPHA
116.312323,39.924700,149.6,9919,UAV-ALPHA
116.311919,39.924700,149.6,9920,UAV-ALPHA
116.311515,39.924700,149.6,9921,UAV-ALPHA
116.311111,39.924700,149.6,9922,UAV-ALPHA
116.310707,39.924700,149.6,9923,UAV-ALPHA
116.310303,39.924700,149.6,9924,UAV-ALPHA
116.309899,39.924700,149.6,9925,UAV-ALPHA
116.309495,39.924700,149.6,9926,UAV-ALPHA
116.309091,39.924700,149.6,9927,UAV-ALPHA
116.308687,39.924700,149.6,9928,UAV-ALPHA
116.308283,39.924700,149.6,9929,UAV-ALPHA
116.307879,39.924700,149.6,9930,UAV-ALPHA
116.307475,39.924700,149.7,9931,UAV-ALPHA
116.307071,39.924700,149.7,9932,UAV-ALPHA
116.306667,39.924700,149.7,9933,UAV-ALPHA
116.306263,39.924700,149.7,9934,UAV-ALPHA
116.305859,39.924700,149.7,9935,UAV-ALPHA
116.305455,39.924700,149.7,9936,UAV-ALPHA
116.305051,39.924700,149.7,9937,UAV-ALPHA
116.304646,39.924700,149.7,9938,UAV-ALPHA
116.304242,39.924700,149.7,9939,UAV-ALPHA
116.303838,39.924700,149.7,9940,UAV-ALPHA
116.303434,39.924700,149.7,9941,UAV-ALPHA
116.303030,39.924700,149.7,9942,UAV-ALPHA
116.302626,39.924700,149.7,9943,UAV-ALPHA
116.302222,39.924700,149.7,9944,UAV-ALPHA
116.301818,39.924700,149.7,9945,UAV-ALPHA
116.301414,39.924700,149.7,9946,UAV-ALPHA
116.301010,39.924700,149.7,9947,UAV-ALPHA
116.300606,39.924700,149.7,9948,UAV-ALPHA
116.300202,39.924700,149.7,9949,UAV-ALPHA
116.299798,39.924700,149.7,9950,UAV-ALPHA
116.299394,39.924700,149.8,9951,UAV-ALPHA
116.298990,39.924700,149.8,9952,UAV-ALPHA
116.298586,39.924700,149.8,9953,UAV-ALPHA
116.298182,39.924700,149.8,9954,UAV-ALPHA
116.297778,39.924700,149.8,9955,UAV-ALPHA
116.297374,39.924700,149.8,9956,UAV-ALPHA
116.296970,39.924700,149.8,9957,UAV-ALPHA
116.296566,39.924700,149.8,9958,UAV-ALPHA
116.296162,39.924700,149.8,9959,UAV-ALPHA
116.295758,39.924700,149.8,9960,UAV-ALPHA
116.295354,39.924700,149.8,9961,UAV-ALPHA
116.294949,39.924700,149.8,9962,UAV-ALPHA
116.294545,39.924700,149.8,9963,UAV-ALPHA
116.294141,39.924700,149.8,9964,UAV-ALPHA
116.293737,39.924700,149.8,9965,UAV-ALPHA
116.293333,39.924700,149.8,9966,UAV-ALPHA
116.292929,39.924700,149.8,9967,UAV-ALPHA
116.292525,39.924700,149.8,9968,UAV-ALPHA
116.292121,39.924700,149.8,9969,UAV-ALPHA
116.291717,39.924700,149.8,9970,UAV-ALPHA
116.291313,39.924700,149.9,9971,UAV-ALPHA
116.290909,39.924700,149.9,9972,UAV-ALPHA
116.290505,39.924700,149.9,9973,UAV-ALPHA
116.290101,39.924700,149.9,9974,UAV-ALPHA
116.289697,39.924700,149.9,9975,UAV-ALPHA
116.289293,39.924700,149.9,9976,UAV-ALPHA
116.288889,39.924700,149.9,9977,UAV-ALPHA
116.288485,39.924700,149.9,9978,UAV-ALPHA
116.288081,39.924700,149.9,9979,UAV-ALPHA
116.287677,39.924700,149.9,9980,UAV-ALPHA
116.287273,39.924700,149.9,9981,UAV-ALPHA
116.286869,39.924700,149.9,9982,UAV-ALPHA
116.286465,39.924700,149.9,9983,UAV-ALPHA
116.286061,39.924700,149.9,9984,UAV-ALPHA
116.285657,39.924700,149.9,9985,UAV-ALPHA
116.285253,39.924700,149.9,9986,UAV-ALPHA
116.284848,39.924700,149.9,9987,UAV-ALPHA
116.284444,39.924700,149.9,9988,UAV-ALPHA
116.284040,39.924700,149.9,9989,UAV-ALPHA
116.283636,39.924700,149.9,9990,UAV-ALPHA
116.283232,39.924700,150.0,9991,UAV-ALPHA
116.282828,39.924700,150.0,9992,UAV-ALPHA
116.282424,39.924700,150.0,9993,UAV-ALPHA
116.282020,39.924700,150.0,9994,UAV-ALPHA
116.281616,39.924700,150.0,9995,UAV-ALPHA
116.281212,39.924700,150.0,9996,UAV-ALPHA
116.280808,39.924700,150.0,9997,UAV-ALPHA
116.280404,39.924700,150.0,9998,UAV-ALPHA
116.280000,39.924700,150.0,9999,UAV-ALPHA
